ID,resname,resid,x_1,y_1,z_1
17RA_A_1,G,1,35.85699844360352,-10.769000053405762,-7.547999858856201
17RA_A_2,G,2,30.229999542236328,-12.074999809265137,-8.61400032043457
17RA_A_3,C,3,23.968000411987305,-11.355999946594238,-7.690000057220459
17RA_A_4,G,4,19.29599952697754,-9.87399959564209,-4.777999877929688
17RA_A_5,U,5,16.36199951171875,-6.046999931335449,-0.7059999704360962
17RA_A_6,A,6,15.63599967956543,-1.5490000247955322,2.463000059127808
17RA_A_7,A,7,16.969999313354492,2.8929998874664307,4.625999927520752
17RA_A_8,G,8,20.391000747680664,6.861999988555908,5.548999786376953
17RA_A_9,G,9,24.3700008392334,9.630000114440918,3.3480000495910645
17RA_A_10,A,10,26.34199905395508,12.364999771118164,-0.593999981880188
17RA_A_11,U,11,23.917999267578125,16.023000717163086,-5.418000221252441
17RA_A_12,U,12,24.9379997253418,15.5649995803833,-11.243000030517578
17RA_A_13,A,13,25.58799934387207,10.095000267028809,-10.003999710083008
17RA_A_14,C,14,28.33300018310547,7.803999900817871,-6.255000114440918
17RA_A_15,C,15,28.948999404907227,4.835999965667725,-0.7559999823570251
17RA_A_16,U,16,26.749000549316406,1.3899999856948853,3.2869999408721924
17RA_A_17,A,17,24.11899948120117,-2.821000099182129,6.026000022888184
17RA_A_18,U,18,22.770999908447266,-7.664999961853027,5.355000019073486
17RA_A_19,G,19,22.32999992370605,-13.62600040435791,3.1070001125335693
17RA_A_20,C,20,25.37299919128418,-17.356000900268555,-0.2930000126361847
17RA_A_21,C,21,29.96199989318848,-19.02499961853028,-3.309000015258789
