ID,resname,resid,x_1,y_1,z_1
1A1T_B_1,G,1,1.2940000295639038,-21.07999992370605,-4.4679999351501465
1A1T_B_2,G,2,5.609000205993652,-20.14900016784668,-1.0549999475479126
1A1T_B_3,A,3,11.39900016784668,-19.09499931335449,-0.4620000123977661
1A1T_B_4,C,4,15.208999633789062,-17.548999786376953,-3.059000015258789
1A1T_B_5,U,5,18.03300094604492,-15.286999702453612,-6.642000198364258
1A1T_B_6,A,6,17.64699935913086,-11.505999565124512,-10.97700023651123
1A1T_B_7,G,7,15.854999542236328,-7.590000152587891,-12.986000061035156
1A1T_B_8,C,8,14.49899959564209,-2.88100004196167,-14.1850004196167
1A1T_B_9,G,9,11.064000129699709,0.5419999957084656,-12.581000328063965
1A1T_B_10,G,10,7.685999870300293,7.627999782562256,-9.928999900817873
1A1T_B_11,A,11,5.146999835968018,2.70199990272522,-8.62399959564209
1A1T_B_12,G,12,6.659999847412109,-2.0799999237060547,-7.164000034332275
1A1T_B_13,G,13,5.050000190734863,-5.5879998207092285,-12.163000106811523
1A1T_B_14,C,14,5.557000160217285,-9.925999641418455,-14.282999992370604
1A1T_B_15,U,15,8.567000389099121,-13.79800033569336,-15.28499984741211
1A1T_B_16,A,16,11.838000297546388,-17.854999542236328,-14.640000343322754
1A1T_B_17,G,17,13.942999839782717,-21.474000930786133,-12.31700038909912
1A1T_B_18,U,18,14.194000244140623,-25.141000747680664,-8.598999977111816
1A1T_B_19,C,19,11.178999900817873,-27.65399932861328,-4.872000217437744
1A1T_B_20,C,20,5.939000129699707,-30.34199905395508,-4.0980000495910645
