ID,resname,resid,x_1,y_1,z_1
1A4T_A_1,G,1,12.475000381469728,5.5329999923706055,4.201000213623047
1A4T_A_2,C,2,10.105999946594238,6.670000076293945,-1.097000002861023
1A4T_A_3,G,3,7.750999927520752,3.846999883651733,-4.738999843597412
1A4T_A_4,C,4,5.668000221252441,-1.0800000429153442,-6.77400016784668
1A4T_A_5,U,5,2.765000104904175,-5.806000232696533,-5.848999977111816
1A4T_A_6,G,6,-0.6919999718666077,-7.545000076293945,-1.6890000104904177
1A4T_A_7,A,7,-5.88100004196167,-7.39300012588501,1.694000005722046
1A4T_A_8,C,8,-6.886000156402588,-0.2349999994039535,2.3299999237060547
1A4T_A_9,A,9,-2.4809999465942383,-6.440000057220459,5.566999912261963
1A4T_A_10,A,10,2.062000036239624,-8.4399995803833,7.099999904632568
1A4T_A_11,A,11,6.065000057220459,-9.730999946594238,4.236999988555908
1A4T_A_12,G,12,8.795999526977539,-9.270000457763672,-0.1940000057220459
1A4T_A_13,C,13,11.08199977874756,-6.739999771118164,-4.4679999351501465
1A4T_A_14,G,14,13.232000350952148,-2.13700008392334,-7.001999855041504
1A4T_A_15,C,15,15.626999855041504,2.726999998092652,-6.0929999351501465
