ID,resname,resid,x_1,y_1,z_1
1A9N_Q_1,C,1,9.38599967956543,13.038000106811523,5.198999881744385
1A9N_Q_2,C,2,6.210000038146973,8.604000091552734,3.617000102996826
1A9N_Q_3,U,3,4.474999904632568,4.769000053405762,-0.7519999742507935
1A9N_Q_4,G,4,5.491000175476074,2.619999885559082,-5.3470001220703125
1A9N_Q_5,G,5,8.668999671936035,2.157999992370605,-9.1850004196167
1A9N_Q_6,U,6,13.470000267028809,3.450000047683716,-11.239999771118164
1A9N_Q_7,A,7,19.01700019836425,4.826000213623047,-12.065999984741213
1A9N_Q_8,U,8,23.87800025939941,4.491000175476074,-10.35099983215332
1A9N_Q_9,U,9,28.8759994506836,-0.3070000112056732,-8.35200023651123
1A9N_Q_10,G,10,31.472999572753903,4.603000164031982,-7.642000198364258
1A9N_Q_11,C,11,38.32600021362305,4.880000114440918,-2.693000078201294
1A9N_Q_12,A,12,36.25,9.493000030517578,0.7350000143051147
1A9N_Q_13,G,13,36.38399887084961,13.904000282287598,4.402999877929688
1A9N_Q_14,U,14,30.27199935913086,16.472000122070312,3.444999933242798
1A9N_Q_15,A,15,24.87700080871582,23.040000915527344,3.463000059127808
1A9N_Q_16,C,16,21.840999603271484,19.176000595092773,0.4539999961853027
1A9N_Q_17,C,17,22.11599922180176,15.154999732971191,-3.1610000133514404
1A9N_Q_18,U,18,19.21299934387207,9.633999824523926,-8.850000381469727
1A9N_Q_19,C,19,14.994999885559082,10.208000183105469,-11.47599983215332
1A9N_Q_20,C,20,9.437000274658203,9.388999938964844,-12.20400047302246
1A9N_Q_21,A,21,4.414999961853027,9.336000442504885,-9.993000030517578
1A9N_Q_22,G,22,1.4589999914169312,9.640999794006348,-5.76200008392334
1A9N_Q_23,G,23,0.8579999804496765,11.095999717712402,-0.2549999952316284
1A9N_Q_24,U,24,1.5709999799728394,14.675000190734863,3.5350000858306885
