ID,resname,resid,x_1,y_1,z_1
1AFX_A_1,G,1,-7.709000110626221,-2.102999925613404,7.868000030517578
1AFX_A_2,G,2,-6.315000057220459,-3.1730000972747803,3.118000030517578
1AFX_A_3,U,3,-5.7220001220703125,-2.440000057220459,-2.625999927520752
1AFX_A_4,G,4,-2.101999998092652,-2.0339999198913574,-4.291999816894531
1AFX_A_5,U,5,2.427999973297119,-3.384999990463257,-3.111999988555908
1AFX_A_6,G,6,6.2729997634887695,-5.7230000495910645,-2.6670000553131104
1AFX_A_7,A,7,9.496999740600586,-1.7660000324249268,0.0549999997019767
1AFX_A_8,A,8,7.64300012588501,1.9780000448226929,1.7079999446868896
1AFX_A_9,C,9,4.418000221252441,4.107999801635742,1.1039999723434448
1AFX_A_10,A,10,0.2179999947547912,6.46999979019165,-0.6240000128746033
1AFX_A_11,C,11,-4.368000030517578,6.60699987411499,-0.5379999876022339
1AFX_A_12,C,12,-9.604000091552734,4.961999893188477,0.3970000147819519
