ID,resname,resid,x_1,y_1,z_1
1ANR_A_1,G,1,-8.145999908447266,11.800000190734863,-3.247999906539917
1ANR_A_2,G,2,-3.4130001068115234,10.496999740600586,-5.116000175476074
1ANR_A_3,C,3,2.381999969482422,8.618000030517578,-5.230999946594238
1ANR_A_4,A,4,5.027999877929688,6.276000022888184,-1.6890000104904177
1ANR_A_5,G,5,7.144999980926514,5.098999977111816,2.611999988555908
1ANR_A_6,A,6,7.333000183105469,3.322999954223633,8.380000114440918
1ANR_A_7,U,7,5.13700008392334,-1.4589999914169312,9.687000274658203
1ANR_A_8,C,8,4.158999919891357,-7.454999923706055,9.49899959564209
1ANR_A_9,U,9,-1.6820000410079956,-8.543999671936035,14.156999588012695
1ANR_A_10,G,10,-1.034000039100647,-2.400000095367432,16.836000442504883
1ANR_A_11,A,11,-5.099999904632568,-2.880000114440918,14.706000328063965
1ANR_A_12,G,12,-9.743000030517578,-1.8049999475479128,12.279999732971191
1ANR_A_13,C,13,-14.49899959564209,-1.2400000095367432,8.447999954223633
1ANR_A_14,C,14,-17.511999130249023,-5.3420000076293945,6.7230000495910645
1ANR_A_15,U,15,-23.73500061035156,-7.636000156402588,3.799999952316284
1ANR_A_16,G,16,-19.52400016784668,-13.170000076293944,0.9509999752044678
1ANR_A_17,G,17,-14.651000022888184,-15.701000213623049,4.51200008392334
1ANR_A_18,G,18,-11.765999794006348,-11.20199966430664,0.5920000076293945
1ANR_A_19,A,19,-7.74399995803833,-9.335000038146973,-3.525000095367432
1ANR_A_20,G,20,-11.586000442504885,-4.749000072479248,-0.5360000133514404
1ANR_A_21,C,21,-11.5,-0.414000004529953,2.697999954223633
1ANR_A_22,U,22,-9.050999641418455,2.9570000171661377,5.770999908447266
1ANR_A_23,C,23,-6.138999938964844,3.9760000705718994,10.595999717712402
1ANR_A_24,U,24,-0.8029999732971191,3.868000030517578,14.06700038909912
1ANR_A_25,C,25,4.252999782562256,6.763000011444092,12.133999824523926
1ANR_A_26,U,26,5.34499979019165,10.256999969482422,7.847000122070312
1ANR_A_27,G,27,6.627999782562256,13.258000373840332,3.2160000801086426
1ANR_A_28,C,28,4.001999855041504,15.85099983215332,-0.9200000166893004
1ANR_A_29,C,29,0.3409999907016754,17.54199981689453,-3.997999906539917
