ID,resname,resid,x_1,y_1,z_1
1AQO_A_1,G,1,-13.331000328063965,-20.733999252319336,8.234000205993652
1AQO_A_2,G,2,-19.261999130249023,-18.97800064086914,7.97100019454956
1AQO_A_3,A,3,-22.802000045776367,-14.967000007629396,6.954999923706055
1AQO_A_4,G,4,-25.381999969482425,-10.41100025177002,6.885000228881836
1AQO_A_5,U,5,-26.035999298095703,-5.48199987411499,5.829999923706055
1AQO_A_6,G,6,-28.52499961853028,-2.0829999446868896,1.2039999961853027
1AQO_A_7,C,7,-30.96500015258789,-1.1970000267028809,-4.026000022888184
1AQO_A_8,U,8,-27.20199966430664,3.9809999465942383,-6.198999881744385
1AQO_A_9,U,9,-25.70199966430664,2.578000068664551,-10.354000091552734
1AQO_A_10,C,10,-24.56999969482422,-0.6710000038146973,-15.93299961090088
1AQO_A_11,A,11,-25.11100006103516,-4.750999927520752,-18.96699905395508
1AQO_A_12,A,12,-27.565000534057617,-10.20199966430664,-20.452999114990234
1AQO_A_13,C,13,-31.777000427246094,-12.291999816894531,-20.90999984741211
1AQO_A_14,A,14,-37.95100021362305,-11.126999855041504,-20.900999069213867
1AQO_A_15,G,15,-38.48899841308594,-5.513000011444092,-21.027999877929688
1AQO_A_16,U,16,-38.91299819946289,-4.695000171661377,-16.26799964904785
1AQO_A_17,G,17,-38.40299987792969,-9.44499969482422,-13.270000457763672
1AQO_A_18,C,18,-39.11199951171875,-14.520000457763672,-12.847999572753906
1AQO_A_19,U,19,-33.30500030517578,-13.776000022888184,-13.277999877929688
1AQO_A_20,U,20,-27.81100082397461,-12.470000267028809,-12.736000061035156
1AQO_A_21,G,21,-23.55699920654297,-10.288999557495115,-11.934000015258787
1AQO_A_22,G,22,-19.42300033569336,-5.322000026702881,-12.104999542236328
1AQO_A_23,A,23,-18.83099937438965,-1.7070000171661377,-8.802000045776367
1AQO_A_24,C,24,-20.28499984741211,1.2960000038146973,-4.559999942779541
1AQO_A_25,G,25,-21.26799964904785,1.27400004863739,0.7960000038146973
1AQO_A_26,C,26,-21.10300064086914,-1.1169999837875366,6.139999866485596
1AQO_A_27,U,27,-20.52899932861328,-5.269999980926514,10.234999656677246
1AQO_A_28,C,28,-20.358999252319336,-9.583999633789062,12.4350004196167
1AQO_A_29,C,29,-19.839000701904297,-15.371999740600586,12.795000076293944
