ID,resname,resid,x_1,y_1,z_1
1ATO_A_1,G,1,37.290000915527344,0.8119999766349792,-13.097000122070312
1ATO_A_2,G,2,37.88199996948242,-2.436000108718872,-8.807999610900879
1ATO_A_3,C,3,38.52199935913086,-3.131999969482422,-3.555000066757202
1ATO_A_4,A,4,37.98899841308594,-2.4089999198913574,2.026000022888184
1ATO_A_5,C,5,34.941001892089844,-0.2049999982118606,5.802000045776367
1ATO_A_6,C,6,30.51700019836425,2.2769999504089355,7.802999973297119
1ATO_A_7,U,7,26.13400077819824,1.972000002861023,6.8460001945495605
1ATO_A_8,C,8,23.065000534057617,-1.4249999523162842,5.939000129699707
1ATO_A_9,C,9,19.37299919128418,-4.7129998207092285,8.020000457763672
1ATO_A_10,U,10,12.083000183105469,-3.197000026702881,5.984000205993652
1ATO_A_11,C,11,12.737000465393066,-4.801000118255615,-0.503000020980835
1ATO_A_12,G,12,21.07999992370605,-4.75600004196167,-2.066999912261963
1ATO_A_13,C,13,22.386999130249023,1.0529999732971191,-2.374000072479248
1ATO_A_14,G,14,25.788000106811523,4.300000190734863,-1.4989999532699585
1ATO_A_15,G,15,29.972999572753903,7.646999835968018,0.7490000128746033
1ATO_A_16,U,16,35.22800064086914,8.177000045776367,2.4230000972747803
1ATO_A_17,G,17,39.91699981689453,6.298999786376953,1.3270000219345093
1ATO_A_18,C,18,43.02199935913086,3.490999937057495,-1.7990000247955322
1ATO_A_19,C,19,45.12300109863281,0.5180000066757202,-5.86899995803833
