ID,resname,resid,x_1,y_1,z_1
1ATV_A_1,G,1,-8.894000053405762,-4.408999919891357,-10.746000289916992
1ATV_A_2,G,2,-6.243000030517578,-2.6010000705718994,-5.665999889373779
1ATV_A_3,G,3,-4.453999996185303,1.4769999980926514,-3.634000062942505
1ATV_A_4,A,4,-3.7060000896453857,6.770999908447266,-3.1710000038146973
1ATV_A_5,C,5,-5.605000019073486,11.265999794006348,-4.386000156402588
1ATV_A_6,C,6,-10.152999877929688,15.611000061035156,-4.803999900817871
1ATV_A_7,A,7,-13.105999946594238,13.282999992370604,-0.257999986410141
1ATV_A_8,G,8,-18.691999435424805,13.916999816894531,2.003999948501587
1ATV_A_9,A,9,-18.386999130249023,9.458999633789062,0.7789999842643738
1ATV_A_10,A,10,-19.13800048828125,9.772000312805176,-4.060999870300293
1ATV_A_11,G,11,-17.899999618530273,9.965999603271484,-9.050000190734863
1ATV_A_12,G,12,-13.729000091552734,10.251999855041504,-10.916999816894531
1ATV_A_13,U,13,-8.126999855041504,10.678999900817873,-12.065999984741213
1ATV_A_14,C,14,-3.609999895095825,8.60200023651123,-11.375
1ATV_A_15,C,15,0.0590000003576278,4.73799991607666,-9.940999984741213
1ATV_A_16,C,16,0.5839999914169312,-0.0820000022649765,-9.609000205993652
1ATV_A_17,G,17,1.4240000247955322,-1.7929999828338623,-15.508000373840332
