ID,resname,resid,x_1,y_1,z_1
1ATW_A_1,G,1,5.834000110626221,7.289000034332275,-2.625999927520752
1ATW_A_2,C,2,6.939000129699707,3.197000026702881,0.1560000032186508
1ATW_A_3,U,3,9.649999618530272,-1.4509999752044678,1.465999960899353
1ATW_A_4,C,4,14.385000228881836,-4.11899995803833,0.8610000014305115
1ATW_A_5,C,5,19.208999633789062,-3.9609999656677246,-0.5569999814033508
1ATW_A_6,A,6,20.707000732421875,-2.553999900817871,4.510000228881836
1ATW_A_7,G,7,22.95499992370605,4.633999824523926,3.572000026702881
1ATW_A_8,A,8,24.11599922180176,9.053000450134276,0.1449999958276748
1ATW_A_9,U,9,21.69099998474121,10.609000205993652,-3.650000095367432
1ATW_A_10,G,10,20.819000244140625,4.692999839782715,-6.23799991607666
1ATW_A_11,G,11,18.89699935913086,-0.4059999883174896,-7.929999828338623
1ATW_A_12,A,12,14.85200023651123,-3.9260001182556152,-7.479000091552734
1ATW_A_13,G,13,9.65999984741211,-4.854000091552734,-6.038000106811523
1ATW_A_14,C,14,4.39300012588501,-2.986000061035156,-5.005000114440918
1ATW_A_15,G,15,0.4339999854564667,1.0190000534057615,-7.7870001792907715
