ID,resname,resid,x_1,y_1,z_1
1AUD_B_1,G,1,19.160999298095703,21.32200050354004,-6.302000045776367
1AUD_B_2,G,2,13.819000244140623,21.191999435424805,-8.937000274658203
1AUD_B_3,C,3,11.201000213623049,21.871000289916992,-14.053999900817873
1AUD_B_4,A,4,9.737000465393066,23.06999969482422,-19.013999938964844
1AUD_B_5,G,5,11.006999969482422,23.03700065612793,-24.218000411987305
1AUD_B_6,A,6,14.819000244140623,20.65800094604492,-26.8759994506836
1AUD_B_7,G,7,9.923999786376951,19.61599922180176,-34.03499984741211
1AUD_B_8,U,8,7.959000110626221,24.989999771118164,-36.92100143432617
1AUD_B_9,C,9,4.565000057220459,28.732999801635746,-37.132999420166016
1AUD_B_10,C,10,0.0599999986588954,33.082000732421875,-36.3759994506836
1AUD_B_11,U,11,0.5569999814033508,35.84299850463867,-31.339000701904297
1AUD_B_12,U,12,-2.1070001125335693,40.56700134277344,-27.4950008392334
1AUD_B_13,C,13,1.3079999685287476,34.41400146484375,-24.39200019836425
1AUD_B_14,G,14,-4.767000198364258,34.340999603271484,-23.756999969482425
1AUD_B_15,G,15,-5.372000217437744,30.15699958801269,-27.152000427246094
1AUD_B_16,G,16,-4.613999843597412,26.933000564575195,-31.47800064086914
1AUD_B_17,A,17,-2.7660000324249268,23.198999404907227,-35.06999969482422
1AUD_B_18,C,18,0.765999972820282,20.05699920654297,-37.63999938964844
1AUD_B_19,A,19,4.551000118255615,16.125999450683594,-38.39099884033203
1AUD_B_20,U,20,8.026000022888184,12.753999710083008,-36.880001068115234
1AUD_B_21,U,21,11.435999870300291,5.35099983215332,-36.49100112915039
1AUD_B_22,G,22,15.272000312805176,9.581000328063965,-35.55799865722656
1AUD_B_23,C,23,22.742000579833984,8.119999885559082,-31.63800048828125
1AUD_B_24,A,24,22.5310001373291,12.201000213623049,-27.263999938964844
1AUD_B_25,C,25,26.18600082397461,15.09000015258789,-22.733999252319336
1AUD_B_26,C,26,21.46999931335449,21.84000015258789,-25.266000747680664
1AUD_B_27,U,27,19.14800071716309,27.61000061035156,-22.67099952697754
1AUD_B_28,G,28,16.332000732421875,29.847999572753903,-18.597000122070312
1AUD_B_29,C,29,14.788000106811523,30.39699935913086,-13.3100004196167
1AUD_B_30,C,30,15.824000358581545,29.549999237060547,-7.544000148773193
