ID,resname,resid,x_1,y_1,z_1
1BAU_B_1,G,1,-31.92099952697754,9.354999542236328,-37.16699981689453
1BAU_B_2,G,2,-31.33699989318848,12.133000373840332,-32.53200149536133
1BAU_B_3,C,3,-28.4689998626709,12.970999717712402,-28.04700088500977
1BAU_B_4,A,4,-24.9379997253418,12.515000343322754,-24.03700065612793
1BAU_B_5,A,5,-20.70499992370605,10.93000030517578,-21.48200035095215
1BAU_B_6,U,6,-16.072999954223633,9.102999687194824,-21.11800003051757
1BAU_B_7,G,7,-12.255000114440918,8.802000045776367,-24.483999252319336
1BAU_B_8,A,8,-6.546000003814697,10.298999786376951,-27.15699958801269
1BAU_B_9,A,9,-0.5099999904632568,9.06700038909912,-22.152999877929688
1BAU_B_10,G,10,-2.997999906539917,14.0,-20.18000030517578
1BAU_B_11,C,11,-3.812999963760376,18.87299919128418,-18.349000930786133
1BAU_B_12,G,12,-5.447000026702881,23.54199981689453,-20.847999572753903
1BAU_B_13,C,13,-6.401000022888184,25.3799991607666,-25.97599983215332
1BAU_B_14,G,14,-9.25,24.89299964904785,-31.121000289916992
1BAU_B_15,C,15,-10.309000015258787,20.41699981689453,-33.44900131225586
1BAU_B_16,A,16,-10.60200023651123,14.845999717712402,-32.32500076293945
1BAU_B_17,C,17,-9.876999855041504,8.788000106811523,-32.33000183105469
1BAU_B_18,G,18,-11.782999992370604,4.822999954223633,-29.606000900268555
1BAU_B_19,U,19,-16.06599998474121,2.7839999198913574,-26.739999771118164
1BAU_B_20,U,20,-20.992000579833984,2.443000078201294,-25.07900047302246
1BAU_B_21,G,21,-26.36899948120117,3.3420000076293945,-24.202999114990234
1BAU_B_22,C,22,-31.44099998474121,5.181000232696533,-24.41399955749512
1BAU_B_23,C,23,-35.04899978637695,6.848999977111816,-27.53499984741211
