ID,resname,resid,x_1,y_1,z_1
1BGZ_A_1,G,1,-10.802000045776367,-17.117000579833984,-5.370999813079834
1BGZ_A_2,G,2,-8.465999603271484,-15.220999717712402,-0.7170000076293945
1BGZ_A_3,G,3,-4.626999855041504,-12.560999870300291,1.6380000114440918
1BGZ_A_4,A,4,-0.3939999938011169,-9.305999755859377,2.4539999961853027
1BGZ_A_5,U,5,3.555999994277954,-4.868000030517578,2.289999961853028
1BGZ_A_6,A,6,9.409000396728516,-3.5920000076293945,-0.1199999973177909
1BGZ_A_7,C,7,7.76200008392334,-0.2150000035762787,-4.144999980926514
1BGZ_A_8,U,8,4.883999824523926,3.013999938964844,-7.757999897003174
1BGZ_A_9,G,9,0.8600000143051147,6.7729997634887695,-8.185999870300293
1BGZ_A_10,C,10,-0.9200000166893004,11.477999687194824,-5.389999866485596
1BGZ_A_11,U,11,1.3300000429153442,14.72700023651123,-1.815000057220459
1BGZ_A_12,U,12,-1.6660000085830688,18.60300064086914,1.3459999561309814
1BGZ_A_13,C,13,3.776000022888184,15.555999755859377,3.302000045776367
1BGZ_A_14,G,14,-0.5249999761581421,11.920000076293944,5.709000110626221
1BGZ_A_15,G,15,-2.0859999656677246,7.527999877929687,4.820000171661377
1BGZ_A_16,U,16,-3.937000036239624,4.698999881744385,1.3930000066757202
1BGZ_A_17,A,17,-5.270999908447266,0.847000002861023,-1.85699999332428
1BGZ_A_18,A,18,-5.9710001945495605,1.593999981880188,-8.251999855041504
1BGZ_A_19,G,19,-1.5149999856948853,-0.5400000214576721,-8.819999694824219
1BGZ_A_20,U,20,2.539999961853028,-3.614000082015991,-6.956999778747559
1BGZ_A_21,C,21,3.3959999084472656,-8.430000305175781,-4.072000026702881
1BGZ_A_22,C,22,1.7100000381469729,-13.697999954223633,-2.371999979019165
1BGZ_A_23,C,23,-1.0740000009536743,-19.128999710083008,-2.6050000190734863
