ID,resname,resid,x_1,y_1,z_1
1BIV_A_1,G,1,19.39699935913086,2.3420000076293945,8.944999694824219
1BIV_A_2,G,2,19.89800071716309,7.676000118255615,6.626999855041504
1BIV_A_3,C,3,18.43400001525879,7.895999908447266,1.7130000591278076
1BIV_A_4,U,4,17.232999801635742,7.182000160217285,-3.428999900817871
1BIV_A_5,C,5,14.824000358581545,3.16599988937378,-7.328000068664551
1BIV_A_6,G,6,10.644000053405762,-0.1739999949932098,-7.046999931335449
1BIV_A_7,U,7,2.5429999828338623,-0.2029999941587448,-6.307000160217285
1BIV_A_8,G,8,4.0980000495910645,-4.644000053405762,-5.466000080108643
1BIV_A_9,U,9,1.5859999656677246,-11.01099967956543,-2.9579999446868896
1BIV_A_10,A,10,0.6439999938011169,-4.835999965667725,1.3459999561309814
1BIV_A_11,G,11,-1.0399999618530271,-2.4030001163482666,5.554999828338623
1BIV_A_12,C,12,-1.7400000095367432,2.1530001163482666,8.315999984741211
1BIV_A_13,U,13,-1.9079999923706048,7.494999885559082,8.645000457763672
1BIV_A_14,C,14,-5.666999816894531,12.97700023651123,6.929999828338623
1BIV_A_15,A,15,-3.108999967575073,15.539999961853027,4.486999988555908
1BIV_A_16,U,16,-3.371999979019165,17.00200080871582,0.0680000036954879
1BIV_A_17,U,17,-3.4260001182556152,14.592000007629396,-3.766999959945679
1BIV_A_18,A,18,0.9990000128746032,13.138999938964844,0.006000000052154
1BIV_A_19,G,19,3.075000047683716,11.364999771118164,4.203999996185303
1BIV_A_20,C,20,4.650000095367432,7.146999835968018,7.433000087738037
1BIV_A_21,U,21,6.131999969482422,2.052000045776367,7.34600019454956
1BIV_A_22,C,22,6.458000183105469,-2.490000009536743,5.059999942779541
1BIV_A_23,C,23,8.371999740600586,-7.067999839782715,0.6100000143051147
1BIV_A_24,G,24,12.586000442504885,-6.697000026702881,-2.7699999809265137
1BIV_A_25,A,25,17.030000686645508,-3.358999967575073,-5.064000129699707
1BIV_A_26,G,26,21.429000854492188,-0.1110000014305114,-5.059000015258789
1BIV_A_27,C,27,24.28400039672852,4.484000205993652,-2.568000078201294
1BIV_A_28,C,28,26.84000015258789,4.479000091552734,2.0369999408721924
