ID,resname,resid,x_1,y_1,z_1
1BVJ_A_1,G,1,4.318999767303467,-15.302000045776367,-19.89999961853028
1BVJ_A_2,G,2,7.560999870300293,-12.26200008392334,-22.77400016784668
1BVJ_A_3,C,3,8.317000389099121,-9.390999794006348,-27.506000518798828
1BVJ_A_4,G,4,6.953999996185303,-6.519999980926514,-31.957000732421875
1BVJ_A_5,A,5,3.5920000076293945,-3.694999933242798,-35.25
1BVJ_A_6,C,6,0.356000006198883,3.2249999046325684,-33.167999267578125
1BVJ_A_7,G,7,-0.8939999938011169,-2.2720000743865967,-35.86899948120117
1BVJ_A_8,G,8,-5.510000228881836,-0.8009999990463257,-33.73699951171875
1BVJ_A_9,U,9,-8.529000282287598,1.13100004196167,-29.25
1BVJ_A_10,G,10,-7.311999797821045,5.151999950408936,-26.21699905395508
1BVJ_A_11,U,11,-4.744999885559082,9.935999870300291,-25.64699935913086
1BVJ_A_12,A,12,-3.563999891281128,16.81999969482422,-26.79199981689453
1BVJ_A_13,A,13,0.3050000071525574,13.42199993133545,-28.45400047302246
1BVJ_A_14,A,14,2.378999948501587,9.05799961090088,-26.299999237060547
1BVJ_A_15,A,15,2.63100004196167,5.602000236511231,-22.107999801635746
1BVJ_A_16,A,16,-1.3179999589920044,2.1440000534057617,-21.374000549316406
1BVJ_A_17,U,17,-4.668000221252441,-1.1169999837875366,-23.415000915527344
1BVJ_A_18,C,18,-6.978000164031982,-4.610000133514404,-27.554000854492188
1BVJ_A_19,U,19,-6.151999950408936,-7.824999809265137,-31.81599998474121
1BVJ_A_20,C,20,-2.953000068664551,-10.241999626159668,-34.87200164794922
1BVJ_A_21,G,21,1.919999957084656,-11.895000457763672,-35.61399841308594
1BVJ_A_22,C,22,6.960000038146973,-13.135000228881836,-33.57500076293945
1BVJ_A_23,C,23,9.312999725341797,-15.71399974822998,-29.316999435424805
