ID,resname,resid,x_1,y_1,z_1
1BZ2_A_1,U,1,6.916999816894531,-3.990999937057495,-1.562000036239624
1BZ2_A_2,C,2,8.63599967956543,-0.1840000003576278,1.809999942779541
1BZ2_A_3,A,3,8.232000350952148,3.5450000762939453,5.591000080108643
1BZ2_A_4,G,4,5.38100004196167,6.460999965667725,8.854000091552734
1BZ2_A_5,A,5,0.99099999666214,7.997000217437744,11.741999626159668
1BZ2_A_6,C,6,-2.9040000438690186,5.787000179290772,15.04699993133545
1BZ2_A_7,U,7,-2.845999956130981,1.940999984741211,19.052000045776367
1BZ2_A_8,U,8,-6.056000232696533,-2.7249999046325684,22.88999938964844
1BZ2_A_9,U,9,2.069000005722046,-6.2729997634887695,23.600000381469727
1BZ2_A_10,U,10,-0.3779999911785126,-12.5600004196167,18.67300033569336
1BZ2_A_11,A,11,-3.736999988555908,-7.53000020980835,15.847999572753906
1BZ2_A_12,A,12,-6.8470001220703125,-3.6449999809265137,13.440999984741213
1BZ2_A_13,U,13,-6.934000015258789,1.1059999465942385,11.218999862670898
1BZ2_A_14,C,14,-5.385000228881836,5.537000179290772,8.458000183105469
1BZ2_A_15,U,15,-1.4579999446868896,8.005999565124512,5.105000019073486
1BZ2_A_16,G,16,2.378999948501587,8.196999549865723,1.659000039100647
1BZ2_A_17,A,17,6.091000080108643,5.998000144958496,-2.190999984741211
