ID,resname,resid,x_1,y_1,z_1
1D0U_A_1,G,1,-12.640000343322754,-13.512999534606934,-7.173999786376953
1D0U_A_2,G,2,-11.187000274658203,-11.427000045776367,-1.5219999551773071
1D0U_A_3,G,3,-8.579999923706055,-8.01099967956543,1.0950000286102295
1D0U_A_4,A,4,-4.421000003814697,-4.927999973297119,1.6670000553131104
1D0U_A_5,U,5,0.0879999995231628,-2.369999885559082,0.2230000048875808
1D0U_A_6,C,6,2.6050000190734863,1.121999979019165,-3.187999963760376
1D0U_A_7,A,7,2.5199999809265137,5.852000236511231,-5.267000198364258
1D0U_A_8,C,8,0.3000000119209289,6.711999893188477,-9.420000076293944
1D0U_A_9,C,9,-4.35699987411499,8.197999954223633,-11.916999816894531
1D0U_A_10,A,10,-7.934000015258789,10.647000312805176,-11.015000343322754
1D0U_A_11,U,11,-11.576000213623049,14.666000366210938,-7.883999824523926
1D0U_A_12,U,12,-13.92300033569336,15.649999618530272,-4.085999965667725
1D0U_A_13,A,13,-14.482999801635742,10.78499984741211,-4.072000026702881
1D0U_A_14,G,14,-13.564000129699709,8.036999702453613,-6.229000091552734
1D0U_A_15,G,15,-10.083999633789062,4.872000217437744,-9.822999954223633
1D0U_A_16,G,16,-4.441999912261963,3.0850000381469727,-11.272000312805176
1D0U_A_17,A,17,-0.9010000228881836,-0.2560000121593475,-10.359999656677246
1D0U_A_18,U,18,1.034000039100647,-3.5989999771118164,-7.197000026702881
1D0U_A_19,C,19,1.4490000009536743,-7.017000198364258,-2.752000093460083
1D0U_A_20,U,20,-0.8730000257492065,-10.628000259399414,-0.7540000081062317
1D0U_A_21,C,21,-5.09499979019165,-14.461999893188477,0.163000002503395
