ID,resname,resid,x_1,y_1,z_1
1E4P_A_1,G,1,204.84800720214844,-165.52999877929688,-97.2979965209961
1E4P_A_2,U,2,200.8509979248047,-161.57000732421875,-99.84300231933594
1E4P_A_3,G,3,196.5919952392578,-158.17100524902344,-101.6439971923828
1E4P_A_4,C,4,191.7669982910156,-156.22300720214844,-101.28500366210938
1E4P_A_5,G,5,188.2669982910156,-154.22000122070312,-98.3939971923828
1E4P_A_6,A,6,182.99200439453125,-156.625,-95.4020004272461
1E4P_A_7,A,7,179.55999755859375,-154.27000427246094,-91.83799743652344
1E4P_A_8,G,8,178.21800231933594,-149.7259979248047,-90.7310028076172
1E4P_A_9,A,9,176.22999572753906,-143.16299438476562,-90.53600311279295
1E4P_A_10,C,10,174.97300720214844,-140.1219940185547,-94.96299743652344
1E4P_A_11,G,11,172.2760009765625,-142.43699645996094,-99.48699951171876
1E4P_A_12,A,12,167.3730010986328,-145.01300048828125,-104.10199737548828
1E4P_A_13,A,13,172.27099609375,-146.0659942626953,-105.8949966430664
1E4P_A_14,A,14,177.1999969482422,-143.85800170898438,-106.63400268554688
1E4P_A_15,G,15,180.8260040283203,-142.69900512695312,-103.31800079345705
1E4P_A_16,U,16,182.5679931640625,-139.74600219726562,-98.77799987792967
1E4P_A_17,C,17,183.5039978027344,-141.07400512695312,-93.3730010986328
1E4P_A_18,C,18,185.0619964599609,-145.7729949951172,-90.42400360107422
1E4P_A_19,G,19,188.2749938964844,-149.48899841308594,-90.4290008544922
1E4P_A_20,A,20,186.6490020751953,-156.51199340820312,-89.3270034790039
1E4P_A_21,G,21,188.2539978027344,-160.4219970703125,-91.8209991455078
1E4P_A_22,C,22,189.36199951171875,-163.63499450683594,-95.91400146484376
1E4P_A_23,G,23,191.71499633789065,-166.52000427246094,-100.51000213623048
1E4P_A_24,C,24,196.17300415039065,-169.23300170898438,-102.6969985961914
