ID,resname,resid,x_1,y_1,z_1
1E7K_D_1,G,1,14.58199977874756,27.36000061035156,105.38600158691406
1E7K_D_2,C,2,19.809999465942383,25.66900062561035,104.34200286865234
1E7K_D_3,C,3,23.687000274658203,23.825000762939453,100.70700073242188
1E7K_D_4,A,4,24.28400039672852,23.795000076293945,95.16000366210938
1E7K_D_5,A,5,26.67099952697754,24.893999099731445,87.40699768066406
1E7K_D_6,U,6,32.33000183105469,29.36800003051757,91.56800079345705
1E7K_D_7,G,7,29.083999633789062,22.10099983215332,90.43900299072266
1E7K_D_8,A,8,24.57900047302246,18.54800033569336,92.70899963378906
1E7K_D_9,G,9,25.92200088500977,13.434000015258787,93.93800354003906
1E7K_D_10,G,10,26.52899932861328,9.397000312805176,91.572998046875
1E7K_D_11,U,11,,,
1E7K_D_12,U,12,,,
1E7K_D_13,U,13,,,
1E7K_D_14,A,14,,,
1E7K_D_15,U,15,,,
1E7K_D_16,C,16,33.2140007019043,10.75,83.21099853515625
1E7K_D_17,C,17,27.94599914550781,11.95199966430664,83.99099731445312
1E7K_D_18,G,18,26.261999130249023,16.908000946044922,84.50299835205078
1E7K_D_19,A,19,20.753999710083008,18.88599967956543,88.9990005493164
1E7K_D_20,G,20,20.15699958801269,17.884000778198242,92.4749984741211
1E7K_D_21,G,21,20.88599967956543,17.135000228881836,98.1790008544922
1E7K_D_22,C,22,19.170000076293945,18.052000045776367,103.62799835205078
