ID,resname,resid,x_1,y_1,z_1
1EBQ_A_1,G,1,8.402999877929688,-10.812000274658203,1.600000023841858
1EBQ_A_2,G,2,7.392000198364258,-8.456999778747559,6.631999969482422
1EBQ_A_3,U,3,5.946000099182129,-3.8559999465942383,9.067999839782717
1EBQ_A_4,G,4,3.8340001106262207,1.187999963760376,8.565999984741211
1EBQ_A_5,G,5,-0.0520000010728836,2.825000047683716,6.664999961853027
1EBQ_A_6,G,6,-3.0920000076293945,3.9179999828338623,3.2060000896453857
1EBQ_A_7,C,7,-4.123000144958496,5.11299991607666,-2.2679998874664307
1EBQ_A_8,G,8,-7.107999801635742,4.525000095367432,-6.797999858856201
1EBQ_A_9,C,9,-11.73799991607666,2.700000047683716,-8.718000411987305
1EBQ_A_10,A,10,-16.917999267578125,1.0980000495910645,-7.664000034332275
1EBQ_A_11,G,11,-20.702999114990234,1.3960000276565552,-3.8510000705718994
1EBQ_A_12,C,12,-22.70199966430664,3.875999927520752,0.7799999713897705
1EBQ_A_13,U,13,-21.738000869750977,7.986000061035156,2.371999979019165
1EBQ_A_14,U,14,-23.665000915527344,10.765000343322754,-1.3539999723434448
1EBQ_A_15,C,15,-17.604000091552734,14.291000366210938,3.309999942779541
1EBQ_A_16,G,16,-13.789999961853027,11.602999687194824,6.179999828338623
1EBQ_A_17,G,17,-14.446999549865724,6.716000080108643,6.671999931335449
1EBQ_A_18,C,18,-15.607000350952148,1.6330000162124634,5.5879998207092285
1EBQ_A_19,U,19,-16.099000930786133,-2.8570001125335693,2.184000015258789
1EBQ_A_20,G,20,-14.21399974822998,-5.440999984741211,-2.384000062942505
1EBQ_A_21,C,21,-9.88700008392334,-5.743000030517578,-5.901999950408936
1EBQ_A_22,G,22,-4.447999954223633,-4.646999835968018,-6.829999923706055
1EBQ_A_23,G,23,1.5329999923706057,-5.380000114440918,-5.770999908447266
1EBQ_A_24,U,24,7.572000026702881,-7.383999824523926,-5.400000095367432
1EBQ_A_25,A,25,3.476999998092652,-0.3210000097751617,-5.361999988555908
1EBQ_A_26,C,26,5.913000106811523,3.809000015258789,-1.4220000505447388
1EBQ_A_27,A,27,9.449999809265137,3.875999927520752,3.157000064849853
1EBQ_A_28,C,28,12.663000106811523,0.5849999785423279,5.989999771118164
1EBQ_A_29,C,29,15.375,-4.243000030517578,6.122000217437744
