ID,resname,resid,x_1,y_1,z_1
1EBR_A_1,G,1,-16.60099983215332,-7.067999839782715,-0.3919999897480011
1EBR_A_2,G,2,-12.119000434875488,-10.52299976348877,0.0689999982714653
1EBR_A_3,U,3,-6.861000061035156,-11.041999816894531,-0.2849999964237213
1EBR_A_4,G,4,-2.0269999504089355,-8.538000106811523,-0.5400000214576721
1EBR_A_5,G,5,2.5280001163482666,-5.52899980545044,-0.5879999995231628
1EBR_A_6,G,6,4.651000022888184,-2.095999956130981,-2.806999921798706
1EBR_A_7,C,7,9.37399959564209,2.196000099182129,-3.0369999408721924
1EBR_A_8,G,8,13.362000465393066,5.189000129699707,-0.7739999890327454
1EBR_A_9,C,9,15.27299976348877,3.7309999465942383,2.867000102996826
1EBR_A_10,A,10,15.239999771118164,1.5570000410079956,7.946000099182129
1EBR_A_11,G,11,16.395000457763672,-3.128000020980835,10.092000007629396
1EBR_A_12,C,12,19.04800033569336,-8.064000129699707,9.739999771118164
1EBR_A_13,U,13,22.326000213623047,-9.590999603271484,6.923999786376953
1EBR_A_14,U,14,26.698999404907227,-6.616000175476074,5.401999950408936
1EBR_A_15,C,15,25.73500061035156,-10.199000358581545,0.1860000044107437
1EBR_A_16,G,16,22.78400039672852,-10.362000465393066,-2.3510000705718994
1EBR_A_17,G,17,18.1879997253418,-11.173999786376951,-0.2569999992847442
1EBR_A_18,C,18,13.736000061035156,-10.484000205993652,2.739000082015991
1EBR_A_19,U,19,9.847999572753906,-7.479000091552734,5.479000091552734
1EBR_A_20,G,20,7.732999801635742,-3.127000093460083,5.65500020980835
1EBR_A_21,A,21,6.059999942779541,-1.4240000247955322,10.642999649047852
1EBR_A_22,C,22,6.88700008392334,4.914000034332275,7.782000064849853
1EBR_A_23,G,23,3.572999954223633,7.203000068664551,4.039999961853027
1EBR_A_24,G,24,-4.584000110626221,5.460999965667725,3.588000059127808
1EBR_A_25,U,25,-8.812000274658203,2.193000078201294,3.2039999961853027
1EBR_A_26,A,26,-6.318999767303467,4.052999973297119,-1.1109999418258667
1EBR_A_27,C,27,-4.382999897003174,0.9549999833106996,-4.843999862670898
1EBR_A_28,A,28,-4.260000228881836,-3.920000076293945,-7.7729997634887695
1EBR_A_29,C,29,-6.894000053405762,-8.357999801635742,-8.883999824523926
1EBR_A_30,C,30,-11.722000122070312,-10.821999549865724,-8.930000305175781
