ID,resname,resid,x_1,y_1,z_1
1EKZ_B_1,G,1,-24.46199989318848,20.458999633789062,8.60200023651123
1EKZ_B_2,G,2,-26.520999908447266,18.98699951171875,13.005999565124512
1EKZ_B_3,A,3,-29.940000534057617,18.38400077819824,17.94300079345703
1EKZ_B_4,C,4,-33.97200012207031,15.696999549865724,19.74399948120117
1EKZ_B_5,A,5,-38.47499847412109,11.93299961090088,20.062000274658203
1EKZ_B_6,G,6,-41.803001403808594,7.428999900817871,19.51700019836425
1EKZ_B_7,C,7,-43.8380012512207,1.909999966621399,18.26099967956543
1EKZ_B_8,U,8,-43.959999084472656,-4.085999965667725,18.011999130249023
1EKZ_B_9,G,9,-41.10699844360352,-8.260000228881836,20.11000061035156
1EKZ_B_10,U,10,-36.82400131225586,-9.848999977111816,23.5310001373291
1EKZ_B_11,C,11,-33.237998962402344,-9.30500030517578,27.37700080871582
1EKZ_B_12,C,12,-29.916000366210938,-7.051000118255615,30.839000701904297
1EKZ_B_13,C,13,-26.489999771118164,-3.818000078201294,34.38100051879883
1EKZ_B_14,U,14,-24.72800064086914,-1.815999984741211,39.87200164794922
1EKZ_B_15,U,15,-18.886999130249023,1.659000039100647,41.749000549316406
1EKZ_B_16,C,16,-25.742000579833984,-0.8100000023841858,45.36000061035156
1EKZ_B_17,G,17,-29.07900047302246,4.664000034332275,45.34099960327149
1EKZ_B_18,G,18,-31.799999237060547,2.549999952316284,40.95899963378906
1EKZ_B_19,G,19,-32.31100082397461,1.5130000114440918,36.27799987792969
1EKZ_B_20,G,20,-31.90900039672852,0.4239999949932098,30.83799934387207
1EKZ_B_21,A,21,-31.01300048828125,-2.065000057220459,26.55599975585937
1EKZ_B_22,C,22,-31.05900001525879,-5.89300012588501,21.79800033569336
1EKZ_B_23,A,23,-33.46500015258789,-6.026999950408936,16.94300079345703
1EKZ_B_24,G,24,-37.69100189208984,-4.293000221252441,12.822999954223633
1EKZ_B_25,C,25,-39.03099822998047,0.8050000071525574,11.975000381469728
1EKZ_B_26,U,26,-40.71699905395508,6.883999824523926,11.708000183105469
1EKZ_B_27,G,27,-40.417999267578125,12.180999755859377,12.677000045776367
1EKZ_B_28,U,28,-39.1879997253418,18.163000106811523,14.36400032043457
1EKZ_B_29,C,29,-36.5620002746582,22.709999084472656,14.23900032043457
1EKZ_B_30,C,30,-34.56100082397461,23.82699966430664,8.645000457763672
