ID,resname,resid,x_1,y_1,z_1
1ESH_A_1,G,1,-8.128999710083008,-7.533999919891357,0.6919999718666077
1ESH_A_2,G,2,-8.248000144958496,-1.8009999990463257,-0.2829999923706054
1ESH_A_3,U,3,-5.583000183105469,1.9279999732971191,-1.3630000352859497
1ESH_A_4,G,4,-0.9769999980926514,5.583000183105469,-2.436000108718872
1ESH_A_5,C,5,2.125,5.230000019073486,-6.197999954223633
1ESH_A_6,A,6,0.5170000195503235,5.340000152587891,-10.074999809265137
1ESH_A_7,U,7,2.211999893188477,0.6729999780654907,-13.826000213623049
1ESH_A_8,A,8,2.5899999141693115,-3.121999979019165,-11.126999855041504
1ESH_A_9,G,9,3.744999885559082,-4.902999877929688,-7.480999946594238
1ESH_A_10,C,10,6.9070000648498535,-1.6920000314712524,-3.857000112533569
1ESH_A_11,A,11,4.8420000076293945,-0.1159999966621398,-0.0359999984502792
1ESH_A_12,C,12,1.0210000276565552,1.955999970436096,3.865000009536743
1ESH_A_13,C,13,-2.9809999465942383,0.3039999902248382,5.956999778747559
