ID,resname,resid,x_1,y_1,z_1
1ESY_A_1,G,1,14.50100040435791,-0.3580000102519989,-0.1560000032186508
1ESY_A_2,G,2,10.29599952697754,1.437999963760376,-1.7319999933242798
1ESY_A_3,C,3,6.585000038146973,4.1570000648498535,-1.258999943733215
1ESY_A_4,G,4,2.569000005722046,7.617000102996826,0.7429999709129333
1ESY_A_5,A,5,1.6779999732971191,11.751999855041504,2.930000066757202
1ESY_A_6,C,6,3.963000059127808,15.95400047302246,4.318999767303467
1ESY_A_7,U,7,7.123000144958496,19.937000274658203,2.8359999656677246
1ESY_A_8,G,8,9.46500015258789,21.60700035095215,-1.371000051498413
1ESY_A_9,G,9,12.897000312805176,29.950000762939453,-4.244999885559082
1ESY_A_10,U,10,17.569000244140625,23.96999931335449,-9.222000122070312
1ESY_A_11,G,11,20.888999938964844,16.69499969482422,-7.829999923706055
1ESY_A_12,A,12,15.300999641418455,15.048999786376951,-1.840000033378601
1ESY_A_13,G,13,14.303999900817873,12.982999801635742,3.697999954223633
1ESY_A_14,U,14,12.550999641418455,8.322999954223633,5.684000015258789
1ESY_A_15,A,15,11.696999549865724,9.972000122070312,11.663000106811523
1ESY_A_16,C,16,6.171999931335449,7.206999778747559,10.843000411987305
1ESY_A_17,G,17,3.3510000705718994,2.671999931335449,8.86299991607666
1ESY_A_18,C,18,4.140999794006348,-1.4839999675750732,6.611999988555908
1ESY_A_19,C,19,6.5320000648498535,-5.261000156402588,5.079999923706055
