ID,resname,resid,x_1,y_1,z_1
1ETF_A_1,G,1,-6.755000114440918,-24.09199905395508,2.306999921798706
1ETF_A_2,G,2,-4.36899995803833,-20.6200008392334,5.409999847412109
1ETF_A_3,U,3,-0.8659999966621399,-16.985000610351562,7.28000020980835
1ETF_A_4,C,4,2.970999956130981,-13.152000427246094,7.548999786376953
1ETF_A_5,U,5,6.020999908447266,-8.979999542236328,5.453000068664551
1ETF_A_6,G,6,6.714000225067139,-5.0329999923706055,2.157999992370605
1ETF_A_7,G,7,8.793000221252441,-2.345999956130981,-2.009999990463257
1ETF_A_8,G,8,8.147000312805176,1.0509999990463257,-6.196000099182129
1ETF_A_9,C,9,4.8979997634887695,3.3499999046325684,-9.826000213623049
1ETF_A_10,G,10,1.0260000228881836,6.676000118255615,-11.29800033569336
1ETF_A_11,C,11,-2.446000099182129,10.32800006866455,-10.32800006866455
1ETF_A_12,A,12,-4.215000152587891,14.085000038146973,-7.277999877929687
1ETF_A_13,G,13,-3.9159998893737793,17.80900001525879,-3.26200008392334
1ETF_A_14,C,14,-1.159999966621399,21.7549991607666,-0.1889999955892563
1ETF_A_15,G,15,3.3550000190734863,25.5939998626709,-0.1089999973773956
1ETF_A_16,C,16,7.906000137329102,31.934999465942383,-0.1330000013113021
1ETF_A_17,A,17,10.630000114440918,26.84000015258789,1.2949999570846558
1ETF_A_18,A,18,10.850000381469728,22.31100082397461,2.8320000171661377
1ETF_A_19,G,19,7.754000186920166,18.27499961853028,3.26200008392334
1ETF_A_20,C,20,3.9779999256134033,14.633000373840332,3.760999917984009
1ETF_A_21,U,21,-0.4909999966621399,12.190999984741213,2.525000095367432
1ETF_A_22,G,22,-5.038000106811523,9.434000015258787,0.0989999994635582
1ETF_A_23,A,23,-10.222000122070312,1.9539999961853027,4.2129998207092285
1ETF_A_24,C,24,-6.989999771118164,5.298999786376953,-3.7939999103546143
1ETF_A_25,G,25,-5.458000183105469,2.33899998664856,-7.980999946594238
1ETF_A_26,G,26,-4.105000019073486,-2.3239998817443848,-5.732999801635742
1ETF_A_27,U,27,-9.451000213623049,-7.909999847412109,-4.677000045776367
1ETF_A_28,A,28,-2.322000026702881,-5.164000034332275,-8.074999809265137
1ETF_A_29,C,29,3.1070001125335693,-7.28000020980835,-7.658999919891357
1ETF_A_30,A,30,6.754000186920166,-10.628000259399414,-4.933000087738037
1ETF_A_31,G,31,8.571000099182129,-14.414999961853027,-1.4780000448226929
1ETF_A_32,G,32,8.378000259399414,-18.40900039672852,2.249000072479248
1ETF_A_33,C,33,6.10099983215332,-22.327999114990234,5.085999965667725
1ETF_A_34,C,34,2.549000024795532,-25.650999069213867,7.170000076293945
