ID,resname,resid,x_1,y_1,z_1
1EXY_A_1,G,1,78.56300354003906,-9.98900032043457,-24.059999465942383
1EXY_A_2,G,2,74.23899841308594,-10.559000015258787,-27.339000701904297
1EXY_A_3,G,3,70.79299926757812,-14.144000053405762,-29.47800064086914
1EXY_A_4,C,4,67.65499877929688,-18.18899917602539,-28.52199935913086
1EXY_A_5,G,5,64.79900360107422,-19.323999404907227,-24.799999237060547
1EXY_A_6,C,6,63.09000015258789,-16.965999603271484,-21.05900001525879
1EXY_A_7,C,7,62.54100036621094,-14.17300033569336,-16.791000366210938
1EXY_A_8,G,8,62.73899841308594,-9.83899974822998,-13.133999824523926
1EXY_A_9,G,9,59.07500076293945,-7.198999881744385,-11.121999740600586
1EXY_A_10,U,10,54.24100112915039,-5.11899995803833,-12.496000289916992
1EXY_A_11,A,11,49.23400115966797,-6.59499979019165,-12.491999626159668
1EXY_A_12,C,12,46.11399841308594,-9.751999855041504,-9.895999908447266
1EXY_A_13,G,13,46.66899871826172,-12.534000396728516,-5.609000205993652
1EXY_A_14,C,14,47.387001037597656,-14.840999603271484,-0.0170000009238719
1EXY_A_15,A,15,52.5260009765625,-16.731000900268555,-1.74399995803833
1EXY_A_16,A,16,53.88399887084961,-18.88500022888184,-4.5229997634887695
1EXY_A_17,G,17,51.56600189208984,-19.15999984741211,-8.71500015258789
1EXY_A_18,U,18,48.72100067138672,-17.533000946044922,-13.46500015258789
1EXY_A_19,A,19,48.47499847412109,-13.46500015258789,-16.680999755859375
1EXY_A_20,C,20,51.43399810791016,-9.291000366210938,-18.910999298095703
1EXY_A_21,G,21,55.266998291015625,-5.5329999923706055,-25.451000213623047
1EXY_A_22,A,22,53.50199890136719,-2.344000101089477,-17.215999603271484
1EXY_A_23,C,23,58.33300018310547,-0.8240000009536743,-18.277000427246094
1EXY_A_24,G,24,63.321998596191406,-3.1989998817443848,-18.590999603271484
1EXY_A_25,G,25,66.59700012207031,-6.409999847412109,-19.17799949645996
1EXY_A_26,U,26,69.23699951171875,-10.96500015258789,-20.57099914550781
1EXY_A_27,A,27,69.53600311279297,-12.661999702453612,-15.027999877929688
1EXY_A_28,C,28,69.68900299072266,-18.01499938964844,-14.970999717712402
1EXY_A_29,G,29,70.09200286865234,-22.3759994506836,-18.551000595092773
1EXY_A_30,C,30,71.39299774169922,-23.74099922180176,-23.77300071716309
1EXY_A_31,U,31,74.15299987792969,-21.47699928283692,-28.405000686645508
1EXY_A_32,C,32,78.27799987792969,-18.7509994506836,-30.73600006103516
1EXY_A_33,C,33,82.8740005493164,-21.45400047302246,-27.191999435424805
