ID,resname,resid,x_1,y_1,z_1
1F5U_B_1,G,1,-7.875,-20.21299934387207,5.590000152587891
1F5U_B_2,G,2,-3.315000057220459,-22.67300033569336,3.8989999294281006
1F5U_B_3,U,3,0.0680000036954879,-24.19599914550781,-0.0189999993890523
1F5U_B_4,G,4,2.2330000400543213,-22.569000244140625,-4.945000171661377
1F5U_B_5,G,5,2.977999925613404,-18.54899978637696,-8.310999870300293
1F5U_B_6,G,6,2.940000057220459,-13.10099983215332,-9.579999923706056
1F5U_B_7,A,7,3.289999961853028,-8.0,-8.23799991607666
1F5U_B_8,G,8,3.828999996185303,-3.492000102996826,-4.881999969482422
1F5U_B_9,A,9,4.809000015258789,2.1989998817443848,-1.7139999866485596
1F5U_B_10,C,10,3.374000072479248,-0.8190000057220459,1.5080000162124634
1F5U_B_11,G,11,-0.9710000157356262,-3.078000068664551,4.357999801635742
1F5U_B_12,U,12,-1.156999945640564,-6.991000175476074,1.7860000133514404
1F5U_B_13,C,13,-3.305000066757202,-8.173999786376953,-2.562000036239624
1F5U_B_14,C,14,-4.913000106811523,-11.298999786376951,-6.854000091552734
1F5U_B_15,C,15,-5.290999889373779,-16.014999389648438,-9.178999900817873
1F5U_B_16,A,16,-5.089000225067139,-21.761999130249023,-9.22700023651123
1F5U_B_17,C,17,-5.501999855041504,-26.268999099731445,-6.190000057220459
1F5U_B_18,C,18,-6.9730000495910645,-28.263999938964844,-1.5470000505447388
