ID,resname,resid,x_1,y_1,z_1
1F6X_A_1,G,1,-18.802000045776367,-6.929999828338623,-1.1679999828338623
1F6X_A_2,G,2,-15.946000099182127,-3.6449999809265137,-3.828000068664551
1F6X_A_3,A,3,-11.022000312805176,-1.656000018119812,-3.744999885559082
1F6X_A_4,A,4,-5.816999912261963,-1.9730000495910645,-2.812000036239624
1F6X_A_5,G,5,-0.6299999952316284,-4.38700008392334,-2.196000099182129
1F6X_A_6,U,6,2.312000036239624,-5.36299991607666,1.7829999923706057
1F6X_A_7,C,7,5.5970001220703125,-9.515999794006348,-1.8339999914169312
1F6X_A_8,C,8,7.059000015258789,-13.595999717712402,-6.590000152587891
1F6X_A_9,G,9,6.5,-14.732000350952148,-11.758999824523926
1F6X_A_10,G,10,4.421999931335449,-14.001999855041504,-16.6299991607666
1F6X_A_11,U,11,2.753999948501587,-10.991000175476074,-21.513999938964844
1F6X_A_12,C,12,2.947000026702881,-5.348999977111816,-23.79599952697754
1F6X_A_13,U,13,7.301000118255615,-3.026000022888184,-23.069000244140625
1F6X_A_14,U,14,10.130999565124512,2.565000057220459,-27.11899948120117
1F6X_A_15,C,15,9.32699966430664,3.3299999237060547,-20.687000274658203
1F6X_A_16,G,16,6.735000133514404,3.70199990272522,-18.1299991607666
1F6X_A_17,G,17,2.7090001106262207,2.1619999408721924,-16.732999801635742
1F6X_A_18,A,18,-0.6230000257492065,-1.565999984741211,-17.268999099731445
1F6X_A_19,C,19,-2.470999956130981,-6.901999950408936,-16.761999130249023
1F6X_A_20,C,20,-3.552999973297119,-11.897000312805176,-14.03600025177002
1F6X_A_21,G,21,-2.884000062942505,-15.529000282287598,-9.937000274658203
1F6X_A_22,G,22,-1.8329999446868896,-16.996999740600586,-4.409999847412109
1F6X_A_23,C,23,-1.8910000324249268,-14.654999732971191,0.5019999742507935
1F6X_A_24,U,24,-3.813999891281128,-10.406000137329102,3.618000030517578
1F6X_A_25,U,25,-5.677999973297119,-5.465000152587891,4.820000171661377
1F6X_A_26,C,26,-9.64799976348877,-1.3940000534057615,4.659999847412109
1F6X_A_27,C,27,-15.56999969482422,-0.746999979019165,5.501999855041504
