ID,resname,resid,x_1,y_1,z_1
1F6Z_A_1,G,1,8.862000465393066,-13.114999771118164,6.034999847412109
1F6Z_A_2,G,2,7.347000122070312,-8.817999839782715,3.651999950408936
1F6Z_A_3,A,3,3.431999921798706,-6.991000175476074,-0.2590000033378601
1F6Z_A_4,A,4,-1.1330000162124634,-7.283999919891357,-2.121000051498413
1F6Z_A_5,G,5,-5.827000141143799,-9.055999755859377,-2.9030001163482666
1F6Z_A_6,U,6,-11.380000114440918,-8.854999542236328,-0.9110000133514404
1F6Z_A_7,U,7,-10.732000350952148,-4.364999771118164,-2.621000051498413
1F6Z_A_8,C,8,-15.157999992370604,-5.000999927520752,2.634999990463257
1F6Z_A_9,G,9,-14.857999801635742,-0.8420000076293945,6.2129998207092285
1F6Z_A_10,G,10,-13.031999588012695,2.9749999046325684,8.618000030517578
1F6Z_A_11,U,11,-9.538999557495115,7.152999877929688,10.218999862670898
1F6Z_A_12,C,12,-5.795000076293945,11.656999588012695,8.803000450134277
1F6Z_A_13,U,13,-6.974999904632568,14.376999855041504,4.367000102996826
1F6Z_A_14,U,14,-2.931999921798706,16.91200065612793,-0.277999997138977
1F6Z_A_15,C,15,-8.72700023651123,15.196999549865724,-2.9800000190734863
1F6Z_A_16,G,16,-3.7720000743865967,12.357999801635742,-3.138999938964844
1F6Z_A_17,G,17,-1.871999979019165,9.097000122070312,-0.6169999837875366
1F6Z_A_18,A,18,-1.2000000476837158,6.019000053405762,4.054999828338623
1F6Z_A_19,C,19,-2.9489998817443848,2.805999994277954,7.132999897003174
1F6Z_A_20,C,20,-5.521999835968018,-1.2369999885559082,10.597000122070312
1F6Z_A_21,G,21,-9.390000343322754,-5.7170000076293945,10.789999961853027
1F6Z_A_22,G,22,-10.71399974822998,-11.737000465393066,9.236000061035156
1F6Z_A_23,C,23,-9.319000244140623,-15.236000061035156,5.079999923706055
1F6Z_A_24,U,24,-5.894999980926514,-16.304000854492188,0.828000009059906
1F6Z_A_25,U,25,-2.072999954223633,-15.795000076293944,-3.0899999141693115
1F6Z_A_26,C,26,3.7820000648498535,-14.338000297546388,-4.714000225067139
1F6Z_A_27,C,27,8.859999656677246,-16.319000244140625,-2.740999937057495
