ID,resname,resid,x_1,y_1,z_1
1F84_A_1,G,1,2.378999948501587,-15.484000205993652,87.46299743652344
1F84_A_2,G,2,-2.546999931335449,-16.895000457763672,84.39700317382812
1F84_A_3,C,3,-6.2170000076293945,-15.15999984741211,87.19100189208984
1F84_A_4,C,4,-8.527000427246094,-12.197999954223633,91.36199951171876
1F84_A_5,G,5,-5.545000076293945,-8.38700008392334,93.66500091552734
1F84_A_6,A,6,-8.42199993133545,-3.5510001182556152,90.87100219726562
1F84_A_7,G,7,-7.939000129699707,0.5619999766349792,86.85399627685547
1F84_A_8,U,8,-7.401999950408935,-0.4729999899864197,93.4459991455078
1F84_A_9,A,9,-1.809000015258789,-0.3059999942779541,95.20099639892578
1F84_A_10,G,10,1.0880000591278076,3.430999994277954,92.802001953125
1F84_A_11,U,11,1.5399999618530271,7.866000175476074,90.552001953125
1F84_A_12,G,12,-0.6029999852180481,12.685999870300291,88.7770004272461
1F84_A_13,U,13,-3.108999967575073,17.08300018310547,90.0260009765625
1F84_A_14,U,14,-3.2079999446868896,19.006000518798828,94.58499908447266
1F84_A_15,G,15,-10.906000137329102,20.964000701904297,95.27799987792967
1F84_A_16,G,16,-13.970000267028809,18.33099937438965,92.16000366210938
1F84_A_17,G,17,-10.762999534606934,12.965999603271484,94.39900207519533
1F84_A_18,U,18,-15.197999954223633,7.223999977111816,94.24700164794922
1F84_A_19,C,19,-11.262999534606934,11.034000396728516,89.47899627685547
1F84_A_20,G,20,-7.328000068664551,10.062999725341797,85.2239990234375
1F84_A_21,C,21,-2.88100004196167,7.771999835968018,84.46299743652344
1F84_A_22,G,22,-1.2330000400543213,3.2860000133514404,86.7490005493164
1F84_A_23,A,23,1.3329999446868896,-1.825999975204468,89.23300170898438
1F84_A_24,A,24,2.572999954223633,-6.294000148773193,91.63099670410156
1F84_A_25,A,25,2.936000108718872,-9.222999572753906,96.1439971923828
1F84_A_26,G,26,-0.1620000004768371,-12.130000114440918,98.0979995727539
1F84_A_27,G,27,-3.566999912261963,-15.506999969482422,97.7519989013672
1F84_A_28,C,28,-6.552000045776367,-17.850000381469727,94.54499816894533
1F84_A_29,C,29,-6.728000164031982,-21.277999877929688,89.9749984741211
