ID,resname,resid,x_1,y_1,z_1
1F85_A_1,G,1,-2.4660000801086426,-4.926000118255615,9.631999969482422
1F85_A_2,G,2,2.6489999294281006,-4.459000110626221,7.869999885559082
1F85_A_3,C,3,6.021999835968018,-4.182000160217285,3.5390000343322754
1F85_A_4,C,4,6.728000164031982,-1.6799999475479126,-1.9229999780654907
1F85_A_5,U,5,4.27899980545044,2.371999979019165,-4.09499979019165
1F85_A_6,G,6,1.3639999628067017,6.295000076293945,-3.009000062942505
1F85_A_7,A,7,-2.414999961853028,9.661999702453612,-1.0579999685287476
1F85_A_8,U,8,-4.977000236511231,9.428999900817873,2.246999979019165
1F85_A_9,A,9,-8.378999710083008,6.296999931335449,-1.883999943733216
1F85_A_10,G,10,-6.669000148773193,2.1640000343322754,-5.602000236511231
1F85_A_11,G,11,-3.032000064849853,-0.6480000019073486,-5.552999973297119
1F85_A_12,G,12,1.8600000143051147,-4.790999889373779,-5.820000171661377
1F85_A_13,U,13,3.802000045776367,-8.090999603271484,-1.8600000143051147
1F85_A_14,C,14,3.138000011444092,-10.878000259399414,2.881999969482422
