ID,resname,resid,x_1,y_1,z_1
1F9L_A_1,G,1,14.968000411987305,4.414999961853027,21.28199958801269
1F9L_A_2,G,2,12.567999839782717,4.349999904632568,16.729999542236328
1F9L_A_3,C,3,13.112000465393066,2.132999897003174,12.053000450134276
1F9L_A_4,G,4,14.16100025177002,-0.5210000276565552,6.566999912261963
1F9L_A_5,A,5,13.454999923706056,-4.38100004196167,4.455999851226807
1F9L_A_6,A,6,13.595999717712402,-9.8100004196167,3.4560000896453857
1F9L_A_7,G,7,11.824999809265137,-15.072999954223633,4.2129998207092285
1F9L_A_8,U,8,7.442999839782715,-19.00200080871582,6.360000133514404
1F9L_A_9,C,9,3.1059999465942383,-20.867000579833984,7.775000095367432
1F9L_A_10,G,10,-3.072000026702881,-20.96299934387207,7.293000221252441
1F9L_A_11,A,11,-9.170000076293944,-21.802000045776367,3.546999931335449
1F9L_A_12,A,12,-9.456000328063965,-16.697999954223633,4.835999965667725
1F9L_A_13,A,13,-8.241000175476074,-13.06999969482422,8.043999671936035
1F9L_A_14,G,14,-3.424999952316284,-13.18000030517578,11.074000358581545
1F9L_A_15,A,15,0.6769999861717224,-14.45199966430664,13.583999633789062
1F9L_A_16,U,16,5.640999794006348,-14.55500030517578,13.10099983215332
1F9L_A_17,G,17,11.765000343322754,-16.582000732421875,14.107000350952148
1F9L_A_18,G,18,16.014999389648438,-13.770000457763672,12.538999557495115
1F9L_A_19,C,19,19.40399932861328,-9.829999923706056,9.411999702453612
1F9L_A_20,G,20,19.93000030517578,-5.382999897003174,9.664999961853027
1F9L_A_21,C,21,20.73900032043457,1.3459999561309814,11.253000259399414
1F9L_A_22,C,22,22.53899955749512,5.866000175476074,14.107000350952148
