ID,resname,resid,x_1,y_1,z_1
1FHK_A_1,G,1,-0.7799999713897705,-12.95400047302246,-8.14900016784668
1FHK_A_2,G,2,-5.093999862670898,-10.51099967956543,-7.015999794006348
1FHK_A_3,C,3,-7.848999977111816,-7.546000003814697,-3.891999959945679
1FHK_A_4,G,4,-7.402999877929687,-3.377000093460083,-0.9359999895095824
1FHK_A_5,G,5,-6.270999908447266,1.5789999961853027,0.671999990940094
1FHK_A_6,U,6,-5.119999885559082,6.477000236511231,-0.5149999856948853
1FHK_A_7,G,7,-4.00600004196167,12.538000106811523,-3.7699999809265137
1FHK_A_8,A,8,-0.8529999852180481,8.623000144958496,-5.144000053405762
1FHK_A_9,A,9,1.0299999713897705,5.057000160217285,-1.1549999713897705
1FHK_A_10,A,10,2.438999891281128,1.7710000276565552,2.236999988555908
1FHK_A_11,U,11,0.2639999985694885,-1.6950000524520874,5.651999950408936
1FHK_A_12,G,12,-3.026000022888184,-5.761000156402588,5.48799991607666
1FHK_A_13,C,13,-6.09499979019165,-9.925999641418455,3.809999942779541
1FHK_A_14,C,14,-6.433000087738037,-14.788999557495115,0.8510000109672546
