ID,resname,resid,x_1,y_1,z_1
1FJE_A_1,G,1,114.53900146484376,-33.87699890136719,0.6520000100135803
1FJE_A_2,G,2,109.83599853515624,-30.07900047302246,0.4149999916553497
1FJE_A_3,C,3,108.16999816894533,-25.08300018310547,1.5520000457763672
1FJE_A_4,C,4,107.9219970703125,-20.11000061035156,4.0970001220703125
1FJE_A_5,G,5,109.65699768066406,-16.743000030517578,4.406000137329102
1FJE_A_6,A,6,110.93299865722656,-12.41800022125244,8.425999641418457
1FJE_A_7,A,7,113.51799774169922,-8.33899974822998,10.5
1FJE_A_8,A,8,116.5250015258789,-4.633999824523926,10.43299961090088
1FJE_A_9,U,9,112.88099670410156,3.24399995803833,12.67300033569336
1FJE_A_10,C,10,114.63400268554688,6.7820000648498535,8.588000297546387
1FJE_A_11,C,11,116.56400299072266,6.283999919891357,3.3010001182556152
1FJE_A_12,C,12,115.8290023803711,2.927000045776367,-3.246000051498413
1FJE_A_13,G,13,118.0199966430664,-3.6449999809265137,-3.650000095367432
1FJE_A_14,A,14,118.6709976196289,-5.622000217437744,3.3350000381469727
1FJE_A_15,A,15,117.94000244140624,-10.83199977874756,0.4909999966621399
1FJE_A_16,G,16,115.31600189208984,-14.086999893188477,-1.9989999532699585
1FJE_A_17,U,17,119.1999969482422,-13.331000328063965,2.4719998836517334
1FJE_A_18,A,18,118.3740005493164,-15.413000106811523,8.25100040435791
1FJE_A_19,G,19,115.50700378417967,-18.086000442504883,10.56999969482422
1FJE_A_20,G,20,111.9209976196289,-20.569000244140625,10.541999816894531
1FJE_A_21,C,21,108.93599700927734,-24.61199951171875,9.18299961090088
1FJE_A_22,C,22,107.04900360107422,-29.731000900268555,7.163000106811523
