ID,resname,resid,x_1,y_1,z_1
1FQZ_A_1,G,1,16.867000579833984,4.803999900817871,8.975000381469727
1FQZ_A_2,C,2,15.881999969482422,6.928999900817871,3.908999919891357
1FQZ_A_3,C,3,14.26200008392334,5.791999816894531,-1.0859999656677246
1FQZ_A_4,G,4,11.16800022125244,1.61899995803833,-2.976999998092652
1FQZ_A_5,A,5,5.834000110626221,3.371999979019165,-1.1449999809265137
1FQZ_A_6,G,6,0.4040000140666961,4.459000110626221,0.9290000200271606
1FQZ_A_7,U,7,3.013999938964844,1.5130000114440918,-4.464000225067139
1FQZ_A_8,A,8,2.400000095367432,-4.051000118255615,-4.980000019073486
1FQZ_A_9,G,9,-1.024999976158142,-6.943999767303467,-2.059999942779541
1FQZ_A_10,U,10,-5.568999767303467,-7.515999794006348,0.9120000004768372
1FQZ_A_11,G,11,-10.555999755859377,-6.723999977111816,3.032000064849853
1FQZ_A_12,U,12,-15.475000381469728,-4.986000061035156,3.614000082015991
1FQZ_A_13,U,13,-19.891000747680664,-0.8370000123977661,1.5889999866485596
1FQZ_A_14,G,14,-25.85199928283692,0.4040000140666961,-2.052999973297119
1FQZ_A_15,G,15,-22.402999877929688,4.699999809265137,-2.197999954223633
1FQZ_A_16,G,16,-13.723999977111816,4.461999893188477,-3.7820000648498535
1FQZ_A_17,U,17,-12.133000373840332,10.710000038146973,-4.368000030517578
1FQZ_A_18,C,18,-12.600000381469728,4.125999927520752,0.8949999809265137
1FQZ_A_19,G,19,-10.08899974822998,1.6200000047683716,5.24399995803833
1FQZ_A_20,C,20,-5.876999855041504,-1.5119999647140503,6.293000221252441
1FQZ_A_21,G,21,-1.008999943733215,-2.131999969482422,4.065000057220459
1FQZ_A_22,A,22,4.377999782562256,-5.497000217437744,2.440999984741211
1FQZ_A_23,A,23,8.803999900817871,-7.478000164031982,0.0939999967813491
1FQZ_A_24,A,24,13.00100040435791,-7.880000114440918,-3.338000059127808
1FQZ_A_25,G,25,16.30699920654297,-4.068999767303467,-4.927000045776367
1FQZ_A_26,G,26,18.968000411987305,0.906000018119812,-4.4720001220703125
1FQZ_A_27,C,27,21.69300079345703,4.480000019073486,-0.9480000138282776
