ID,resname,resid,x_1,y_1,z_1
1FYO_A_1,G,1,-1.3969999551773071,15.29300022125244,18.558000564575195
1FYO_A_2,G,2,-6.445000171661377,14.958000183105469,22.770999908447266
1FYO_A_3,C,3,-9.354000091552734,11.361000061035156,21.60700035095215
1FYO_A_4,G,4,-11.63700008392334,8.748000144958496,18.04800033569336
1FYO_A_5,U,5,-11.1850004196167,6.10699987411499,13.069000244140623
1FYO_A_6,C,6,-9.357999801635742,3.361999988555908,8.868000030517578
1FYO_A_7,G,7,-5.510000228881836,0.6779999732971191,8.480999946594238
1FYO_A_8,C,8,0.4990000128746032,-2.134999990463257,7.961999893188477
1FYO_A_9,A,9,3.624000072479248,-6.359000205993652,9.585000038146973
1FYO_A_10,C,10,4.183000087738037,-10.458999633789062,13.1899995803833
1FYO_A_11,C,11,2.1480000019073486,-13.479999542236328,16.458999633789062
1FYO_A_12,U,12,-2.696000099182129,-15.899999618530272,17.211000442504883
1FYO_A_13,U,13,-7.239999771118164,-19.857999801635746,19.79599952697754
1FYO_A_14,C,14,-8.071000099182129,-16.749000549316406,14.140999794006348
1FYO_A_15,G,15,-12.012999534606934,-15.13700008392334,19.042999267578125
1FYO_A_16,G,16,-7.691999912261963,-11.369000434875488,18.799999237060547
1FYO_A_17,G,17,-3.369999885559082,-8.758000373840332,20.41200065612793
1FYO_A_18,U,18,1.2869999408721924,-6.63700008392334,20.08699989318848
1FYO_A_19,G,19,4.64300012588501,-4.289999961853027,17.429000854492188
1FYO_A_20,A,20,6.28000020980835,1.241000056266785,14.59000015258789
1FYO_A_21,A,21,3.7690000534057617,4.316999912261963,13.23900032043457
1FYO_A_22,G,22,0.6010000109672546,5.896999835968018,9.652000427246094
1FYO_A_23,U,23,-4.835999965667725,7.165999889373779,6.853000164031982
1FYO_A_24,C,24,-8.907999992370605,9.472999572753906,7.989999771118164
1FYO_A_25,G,25,-13.16800022125244,12.0649995803833,11.734000205993652
1FYO_A_26,C,26,-14.390000343322754,16.844999313354492,15.95199966430664
1FYO_A_27,C,27,-9.876999855041504,21.21199989318848,16.232999801635742
