ID,resname,resid,x_1,y_1,z_1
1G70_A_1,G,1,-8.20300006866455,-15.381999969482422,-0.7369999885559082
1G70_A_2,G,2,-5.660999774932861,-16.349000930786133,5.734000205993652
1G70_A_3,U,3,-1.184000015258789,-12.380000114440918,7.776000022888184
1G70_A_4,C,4,2.907000064849853,-9.369999885559082,7.197999954223633
1G70_A_5,U,5,5.966000080108643,-7.006999969482422,3.878000020980835
1G70_A_6,G,6,8.343999862670898,-4.406000137329102,-0.7179999947547913
1G70_A_7,G,7,7.796000003814697,0.2660000026226043,-5.015999794006348
1G70_A_8,G,8,6.321000099182129,1.7450000047683716,-8.232999801635742
1G70_A_9,C,9,2.76200008392334,2.437000036239624,-11.057000160217283
1G70_A_10,G,10,-2.400000095367432,2.5369999408721924,-15.378999710083008
1G70_A_11,C,11,-3.638000011444092,7.081999778747559,-13.517999649047852
1G70_A_12,A,12,-5.0329999923706055,10.968999862670898,-9.927000045776367
1G70_A_13,C,13,-5.5980000495910645,13.307000160217283,-5.01200008392334
1G70_A_14,U,14,-2.0230000019073486,15.241999626159668,-0.6330000162124634
1G70_A_15,U,15,0.2709999978542328,17.94700050354004,5.021999835968018
1G70_A_16,C,16,4.111000061035156,14.958000183105469,0.9549999833106996
1G70_A_17,G,17,2.694999933242798,12.303999900817873,6.322000026702881
1G70_A_18,G,18,-0.101000003516674,9.756999969482422,3.2660000324249268
1G70_A_19,U,19,-4.727000236511231,8.944000244140625,0.0989999994635582
1G70_A_20,G,20,-7.172999858856201,5.916999816894531,-3.6540000438690186
1G70_A_21,A,21,-10.09000015258789,-0.6240000128746033,0.8679999709129333
1G70_A_22,C,22,-9.762999534606934,2.586999893188477,-7.4120001792907715
1G70_A_23,G,23,-7.289000034332275,-0.796999990940094,-12.006999969482422
1G70_A_24,G,24,-5.188000202178955,-4.8480000495910645,-8.508000373840332
1G70_A_25,U,25,-3.186000108718872,-9.243000030517578,-3.4560000896453857
1G70_A_26,A,26,-2.5810000896453857,-7.236000061035156,-8.105999946594238
1G70_A_27,C,27,2.509000062942505,-8.461000442504883,-8.793000221252441
1G70_A_28,A,28,6.701000213623047,-10.458000183105469,-6.427999973297119
1G70_A_29,G,29,8.795999526977539,-12.87399959564209,-1.3619999885559082
1G70_A_30,G,30,7.920000076293945,-15.866999626159668,3.2869999408721924
1G70_A_31,C,31,4.590000152587891,-18.722000122070312,7.4120001792907715
1G70_A_32,C,32,-1.156999945640564,-20.347999572753903,4.026000022888184
