ID,resname,resid,x_1,y_1,z_1
1HLX_A_1,G,1,-10.126999855041504,-6.586999893188477,-7.375999927520752
1HLX_A_2,G,2,-9.418999671936035,-6.703999996185303,-1.3179999589920044
1HLX_A_3,G,3,-6.190999984741211,-6.381999969482422,3.5390000343322754
1HLX_A_4,A,4,-1.378999948501587,-5.931000232696533,5.580999851226807
1HLX_A_5,U,5,3.263999938964844,-3.671999931335449,5.623000144958496
1HLX_A_6,A,6,7.133999824523926,-0.2029999941587448,3.681999921798706
1HLX_A_7,A,7,8.017999649047852,3.7709999084472656,0.6830000281333923
1HLX_A_8,C,8,6.341000080108643,7.47599983215332,-2.0859999656677246
1HLX_A_9,U,9,2.73799991607666,12.123000144958496,-2.38100004196167
1HLX_A_10,U,10,1.0779999494552612,17.149999618530273,-5.763000011444092
1HLX_A_11,C,11,-1.6360000371932983,15.0,0.1410000026226043
1HLX_A_12,G,12,-5.507999897003174,14.255000114440918,-4.482999801635742
1HLX_A_13,G,13,-3.21399998664856,9.644000053405762,-3.940999984741211
1HLX_A_14,U,14,-0.2119999974966049,5.4670000076293945,-5.375
1HLX_A_15,U,15,2.9040000438690186,1.0420000553131104,-6.492000102996826
1HLX_A_16,G,16,6.3979997634887695,-3.663000106811523,-4.431000232696533
1HLX_A_17,U,17,5.48199987411499,-8.03499984741211,-2.0350000858306885
1HLX_A_18,C,18,2.056999921798706,-11.770000457763672,0.152999997138977
1HLX_A_19,C,19,-2.4809999465942383,-13.713000297546388,0.5889999866485596
1HLX_A_20,C,20,-7.853000164031982,-13.854999542236328,-0.5820000171661377
