ID,resname,resid,x_1,y_1,z_1
1HMH_E_1,G,1,17.235000610351562,25.27300071716309,45.172000885009766
1HMH_E_2,G,2,12.748000144958496,25.152000427246094,41.83300018310547
1HMH_E_3,C,3,8.531999588012695,22.496000289916992,39.766998291015625
1HMH_E_4,G,4,4.633999824523926,18.78199958801269,39.4739990234375
1HMH_E_5,A,5,1.1369999647140503,14.89900016784668,41.41600036621094
1HMH_E_6,C,6,-0.6890000104904175,12.914999961853027,45.84299850463867
1HMH_E_7,C,7,-1.4160000085830688,13.435999870300291,51.0620002746582
1HMH_E_8,C,8,-1.2910000085830688,16.327999114990234,55.40900039672852
1HMH_E_9,U,9,-1.7280000448226929,20.98500061035156,58.29899978637695
1HMH_E_10,G,10,-3.934000015258789,26.61199951171875,61.24399948120117
1HMH_E_11,A,11,-0.0579999983310699,26.917999267578125,57.5620002746582
1HMH_E_12,U,12,-2.4670000076293945,30.14299964904785,52.0880012512207
1HMH_E_13,G,13,-2.197999954223633,32.79899978637695,46.7509994506836
1HMH_E_14,A,14,-6.906000137329102,36.99399948120117,42.72499847412109
1HMH_E_15,G,15,-3.4790000915527344,39.4370002746582,40.547000885009766
1HMH_E_16,G,16,1.065999984741211,42.10499954223633,39.61000061035156
1HMH_E_17,C,17,6.644999980926514,43.21599960327149,39.005001068115234
1HMH_E_18,C,18,11.699999809265137,41.619998931884766,37.755001068115234
1HMH_E_19,G,19,15.093999862670898,38.12699890136719,35.05400085449219
1HMH_E_20,A,20,17.618999481201172,35.61600112915039,28.513999938964844
1HMH_E_21,A,21,17.354999542236328,31.70800018310547,31.934999465942383
1HMH_E_22,A,22,18.32099914550781,29.68600082397461,36.54499816894531
1HMH_E_23,G,23,15.371000289916992,31.84499931335449,39.61600112915039
1HMH_E_24,G,24,13.640000343322754,36.2599983215332,42.25600051879883
1HMH_E_25,C,25,10.019000053405762,40.1510009765625,44.678001403808594
1HMH_E_26,C,26,5.164999961853027,41.77399826049805,46.38199996948242
1HMH_E_27,G,27,0.546999990940094,40.28300094604492,47.499000549316406
1HMH_E_28,A,28,-6.419000148773193,40.86600112915039,47.60200119018555
1HMH_E_29,A,29,-8.935999870300293,36.39899826049805,49.51599884033203
1HMH_E_30,A,30,-9.380999565124512,32.33399963378906,52.75199890136719
1HMH_E_31,C,31,-7.342000007629394,30.209999084472656,57.24800109863281
1HMH_E_32,C,32,-5.118000030517578,30.700000762939453,61.834999084472656
1HMH_E_33,G,33,-3.558000087738037,33.88199996948242,65.62300109863281
1HMH_E_34,U,34,-3.5899999141693115,38.08300018310547,68.59500122070312
