ID,resname,resid,x_1,y_1,z_1
1HS1_A_1,G,1,13.074999809265137,15.460000038146973,7.214000225067139
1HS1_A_2,C,2,11.906999588012695,18.222999572753903,11.69200038909912
1HS1_A_3,G,3,13.496000289916992,21.26799964904785,15.803999900817873
1HS1_A_4,U,4,18.04199981689453,23.99799919128418,17.701000213623047
1HS1_A_5,U,5,23.051000595092773,26.70499992370605,18.29700088500977
1HS1_A_6,A,6,27.815000534057617,31.36000061035156,17.243000030517578
1HS1_A_7,A,7,29.23500061035156,27.01099967956543,14.869999885559082
1HS1_A_8,C,8,28.136999130249023,20.55900001525879,10.083999633789062
1HS1_A_9,U,9,26.51000022888184,22.67799949645996,17.090999603271484
1HS1_A_10,C,10,23.21999931335449,19.975000381469727,19.839000701904297
1HS1_A_11,G,11,18.57200050354004,17.292999267578125,20.020999908447266
1HS1_A_12,C,12,14.673999786376951,14.482999801635742,17.552000045776367
1HS1_A_13,A,13,12.916999816894531,11.574999809265137,13.303000450134276
