ID,resname,resid,x_1,y_1,z_1
1HS2_A_1,G,1,12.85200023651123,15.21399974822998,6.447000026702881
1HS2_A_2,C,2,11.404999732971191,18.28199958801269,10.878999710083008
1HS2_A_3,G,3,13.022000312805176,21.327999114990234,15.008999824523926
1HS2_A_4,U,4,17.632999420166016,23.85300064086914,17.187999725341797
1HS2_A_5,U,5,22.816999435424805,26.72699928283692,17.35700035095215
1HS2_A_6,A,6,27.58300018310547,31.492000579833984,16.77899932861328
1HS2_A_7,A,7,29.405000686645508,26.73500061035156,14.87399959564209
1HS2_A_8,G,8,27.65999984741211,19.68199920654297,10.217000007629396
1HS2_A_9,U,9,26.2189998626709,22.795000076293945,16.826000213623047
1HS2_A_10,C,10,22.7509994506836,20.05299949645996,19.40699958801269
1HS2_A_11,G,11,18.15699958801269,17.134000778198242,19.489999771118164
1HS2_A_12,C,12,14.255000114440918,14.206000328063965,17.165000915527344
1HS2_A_13,A,13,12.305999755859377,11.156000137329102,12.939000129699709
