ID,resname,resid,x_1,y_1,z_1
1HS3_A_1,G,1,12.977999687194824,15.630000114440918,6.61899995803833
1HS3_A_2,C,2,11.605999946594238,18.54700088500977,11.102999687194824
1HS3_A_3,G,3,13.133999824523926,21.63599967956543,15.232000350952148
1HS3_A_4,U,4,17.6560001373291,24.23600006103516,17.364999771118164
1HS3_A_5,U,5,22.72100067138672,27.24300003051757,17.410999298095703
1HS3_A_6,A,6,27.59600067138672,31.749000549316406,17.274999618530273
1HS3_A_7,A,7,29.32299995422364,27.22599983215332,15.111000061035156
1HS3_A_8,U,8,27.416000366210938,20.030000686645508,10.491000175476074
1HS3_A_9,U,9,26.104999542236328,23.43899917602539,16.95199966430664
1HS3_A_10,C,10,22.875,20.54199981689453,19.52300071716309
1HS3_A_11,G,11,18.25300025939941,17.677000045776367,19.65800094604492
1HS3_A_12,C,12,14.406999588012695,14.71399974822998,17.231000900268555
1HS3_A_13,A,13,12.47599983215332,11.61299991607666,13.008999824523926
