ID,resname,resid,x_1,y_1,z_1
1HS4_A_1,G,1,13.041999816894531,16.07699966430664,6.455999851226807
1HS4_A_2,C,2,11.758000373840332,19.22800064086914,10.937999725341797
1HS4_A_3,G,3,13.42199993133545,22.22699928283692,15.064000129699709
1HS4_A_4,U,4,18.049999237060547,24.47900009155273,17.375
1HS4_A_5,U,5,23.43099975585937,26.90399932861328,18.15699958801269
1HS4_A_6,A,6,28.124000549316406,31.90699958801269,17.458999633789062
1HS4_A_7,A,7,29.944000244140625,27.06599998474121,15.854999542236328
1HS4_A_8,A,8,27.83799934387207,20.075000762939453,10.357999801635742
1HS4_A_9,U,9,26.67300033569336,22.99799919128418,17.283000946044922
1HS4_A_10,C,10,23.06100082397461,20.292999267578125,19.6200008392334
1HS4_A_11,G,11,18.312000274658203,17.732999801635742,19.63400077819824
1HS4_A_12,C,12,14.166000366210938,15.260000228881836,17.163999557495117
1HS4_A_13,A,13,11.99899959564209,12.258999824523926,12.840999603271484
