ID,resname,resid,x_1,y_1,z_1
1HS8_A_1,G,1,13.156999588012695,15.751999855041504,6.827000141143799
1HS8_A_2,C,2,11.668999671936035,18.41900062561035,11.447999954223633
1HS8_A_3,G,3,13.140999794006348,21.46199989318848,15.678999900817873
1HS8_A_4,U,4,17.625999450683594,24.26099967956543,17.52899932861328
1HS8_A_5,C,5,22.64900016784668,27.14800071716309,18.21500015258789
1HS8_A_6,A,6,27.551000595092773,31.72800064086914,17.86199951171875
1HS8_A_7,A,7,29.191999435424805,27.131999969482425,15.854999542236328
1HS8_A_8,U,8,27.378999710083008,20.427000045776367,10.480999946594238
1HS8_A_9,U,9,26.257999420166016,23.17399978637696,17.361000061035156
1HS8_A_10,C,10,22.86199951171875,20.35099983215332,19.882999420166016
1HS8_A_11,G,11,18.242000579833984,17.55500030517578,19.941999435424805
1HS8_A_12,C,12,14.446000099182127,14.614999771118164,17.288000106811523
1HS8_A_13,A,13,12.470000267028809,11.541999816894531,13.152999877929688
