ID,resname,resid,x_1,y_1,z_1
1HVU_I_1,A,1,55.6879997253418,99.41500091552734,142.72900390625
1HVU_I_2,G,2,55.73199844360352,94.74099731445312,140.86000061035156
1HVU_I_3,A,3,54.89400100708008,91.7770004272461,137.47999572753906
1HVU_I_4,U,4,55.255001068115234,89.43000030517578,130.6060028076172
1HVU_I_5,U,5,57.70700073242188,87.8280029296875,126.15599822998048
1HVU_I_6,C,6,61.48600006103516,85.87300109863281,122.86900329589844
1HVU_I_7,C,7,66.44000244140625,83.7040023803711,122.26699829101562
1HVU_I_8,G,8,70.7239990234375,80.84600067138672,123.08399963378906
1HVU_I_9,U,9,69.84700012207031,73.37300109863281,119.34100341796876
1HVU_I_10,U,10,68.7699966430664,75.28800201416016,114.5270004272461
1HVU_I_11,U,11,69.22899627685547,67.27799987792969,110.74400329589844
1HVU_I_12,U,12,68.80400085449219,64.63999938964844,115.60700225830078
1HVU_I_13,C,13,70.41400146484375,62.86899948120117,120.03500366210938
1HVU_I_14,A,14,73.81199645996094,62.64400100708008,124.81500244140624
1HVU_I_15,G,15,75.10700225830078,67.29000091552734,129.53799438476562
1HVU_I_16,U,16,72.96600341796875,72.4729995727539,132.56700134277344
1HVU_I_17,C,17,71.23600006103516,77.9209976196289,133.2989959716797
1HVU_I_18,G,18,70.81600189208984,83.05599975585938,132.16400146484375
1HVU_I_19,G,19,70.1780014038086,87.61799621582031,129.2969970703125
1HVU_I_20,G,20,68.08000183105469,91.02400207519533,125.87799835205078
1HVU_I_21,A,21,63.637001037597656,93.40299987792967,123.18199920654295
1HVU_I_22,A,22,65.74099731445312,91.27999877929688,116.677001953125
1HVU_I_23,A,23,70.84200286865234,90.72799682617188,119.6520004272461
1HVU_I_24,A,24,74.09400177001953,86.86699676513672,122.072998046875
1HVU_I_25,A,25,77.41799926757812,79.08899688720703,124.56900024414062
1HVU_I_26,C,26,80.55899810791016,73.69400024414062,122.70800018310548
1HVU_I_27,U,27,82.28500366210938,68.69499969482422,122.33499908447266
1HVU_I_28,G,28,81.0260009765625,63.82099914550781,121.4280014038086
1HVU_I_29,A,29,77.7020034790039,60.20299911499024,119.53099822998048
1HVU_I_30,A,30,74.2760009765625,59.11299896240234,114.94200134277344
