ID,resname,resid,x_1,y_1,z_1
1HWQ_A_1,G,1,-4.34499979019165,-15.437000274658203,4.763999938964844
1HWQ_A_2,G,2,-2.0190000534057617,-13.387999534606934,9.079999923706056
1HWQ_A_3,U,3,2.309999942779541,-10.935999870300291,10.878999710083008
1HWQ_A_4,G,4,6.942999839782715,-8.552000045776367,10.177000045776367
1HWQ_A_5,C,5,9.690999984741213,-6.208000183105469,6.916999816894531
1HWQ_A_6,G,6,8.206999778747559,-4.84499979019165,2.874000072479248
1HWQ_A_7,A,7,7.499000072479248,-3.5810000896453857,-2.055999994277954
1HWQ_A_8,A,8,4.035999774932861,-1.9129999876022337,-4.665999889373779
1HWQ_A_9,G,9,-0.6060000061988831,-0.4259999990463257,-5.757999897003174
1HWQ_A_10,G,10,-6.1570000648498535,0.8579999804496765,-5.682000160217285
1HWQ_A_11,G,11,-9.062999725341797,5.181000232696533,-6.308000087738037
1HWQ_A_12,C,12,-10.05500030517578,10.392999649047852,-6.323999881744385
1HWQ_A_13,G,13,-7.624000072479248,14.229999542236328,-6.5
1HWQ_A_14,U,14,-4.197999954223633,19.15399932861328,-7.738999843597412
1HWQ_A_15,C,15,-2.871999979019165,20.75900077819824,-3.763999938964844
1HWQ_A_16,G,16,0.1110000014305114,25.04700088500977,-7.760000228881836
1HWQ_A_17,U,17,0.1159999966621398,17.48900032043457,-4.065999984741211
1HWQ_A_18,C,18,4.39300012588501,16.459999084472656,-3.813999891281128
1HWQ_A_19,G,19,-1.118000030517578,14.098999977111816,-1.9529999494552608
1HWQ_A_20,C,20,-5.991000175476074,12.42300033569336,0.4699999988079071
1HWQ_A_21,C,21,-8.197999954223633,7.835999965667725,1.950999975204468
1HWQ_A_22,C,22,-6.698999881744385,3.1630001068115234,1.9889999628067017
1HWQ_A_23,C,23,-4.796000003814697,-1.1990000009536743,0.8899999856948853
1HWQ_A_24,G,24,-1.3300000429153442,-4.708000183105469,0.8889999985694885
1HWQ_A_25,A,25,2.70199990272522,-8.6899995803833,-3.4600000381469727
1HWQ_A_26,G,26,6.539000034332275,-10.980999946594238,-1.7910000085830688
1HWQ_A_27,C,27,10.612000465393066,-13.767999649047852,1.7920000553131104
1HWQ_A_28,G,28,9.95699977874756,-16.437000274658203,6.538000106811523
1HWQ_A_29,C,29,6.339000225067139,-19.652000427246094,10.013999938964844
1HWQ_A_30,C,30,1.2089999914169312,-22.940000534057617,9.534000396728516
