ID,resname,resid,x_1,y_1,z_1
1I3X_A_1,G,1,-4.307000160217285,-10.59000015258789,7.131999969482422
1I3X_A_2,G,2,1.3589999675750732,-10.095999717712402,6.861000061035156
1I3X_A_3,C,3,5.436999797821045,-8.269000053405762,3.788000106811523
1I3X_A_4,U,4,6.835999965667725,-5.538000106811523,-0.4720000028610229
1I3X_A_5,G,5,5.416999816894531,-1.934000015258789,-4.375999927520752
1I3X_A_6,G,6,2.559000015258789,1.7209999561309814,-6.874000072479248
1I3X_A_7,C,7,-0.3729999959468841,5.396999835968018,-6.307000160217285
1I3X_A_8,U,8,-3.74399995803833,9.086000442504885,-2.8580000400543213
1I3X_A_9,G,9,-2.0989999771118164,16.040000915527344,-1.350000023841858
1I3X_A_10,U,10,-6.281000137329102,14.225000381469728,1.6649999618530271
1I3X_A_11,U,11,-0.2529999911785126,11.92099952697754,3.8310000896453857
1I3X_A_12,C,12,-1.527999997138977,8.680999755859375,5.442999839782715
1I3X_A_13,G,13,-4.443999767303467,6.201000213623047,3.108999967575073
1I3X_A_14,C,14,-6.177000045776367,3.2160000801086426,-1.0529999732971191
1I3X_A_15,C,15,-4.945000171661377,-0.2479999959468841,-4.355999946594238
1I3X_A_16,A,16,-1.6510000228881836,-3.8450000286102295,-6.229000091552734
1I3X_A_17,G,17,2.180999994277954,-8.182999610900879,-6.244999885559082
1I3X_A_18,C,18,4.085999965667725,-12.03600025177002,-3.0480000972747803
1I3X_A_19,C,19,3.3499999046325684,-15.08899974822998,1.3200000524520874
