ID,resname,resid,x_1,y_1,z_1
1I46_A_1,G,1,-1.2400000095367432,-11.10200023651123,0.1780000030994415
1I46_A_2,G,2,1.820000052452088,-7.609000205993652,4.010000228881836
1I46_A_3,U,3,4.127999782562256,-3.2260000705718994,4.938000202178955
1I46_A_4,G,4,4.665999889373779,1.9780000448226929,4.004000186920166
1I46_A_5,C,5,2.86299991607666,5.341000080108643,1.0529999732971191
1I46_A_6,G,6,-1.83899998664856,8.980999946594238,2.6059999465942383
1I46_A_7,U,7,-7.026000022888184,7.26200008392334,0.7480000257492065
1I46_A_8,A,8,-6.311999797821045,2.1410000324249268,-1.868000030517578
1I46_A_9,G,9,-3.559999942779541,1.2050000429153442,-5.763000011444092
1I46_A_10,C,10,1.4989999532699585,2.490000009536743,-6.192999839782715
1I46_A_11,A,11,6.5929999351501465,0.5139999985694885,-4.863999843597412
1I46_A_12,C,12,9.02400016784668,-3.282000064849853,-2.976999998092652
1I46_A_13,C,13,8.633999824523926,-7.785999774932861,-1.3250000476837158
