ID,resname,resid,x_1,y_1,z_1
1I4C_A_1,G,1,-4.041999816894531,10.571000099182127,-0.4580000042915344
1I4C_A_2,G,2,-0.2360000014305114,-8.032999992370605,3.687999963760376
1I4C_A_3,U,3,2.532999992370605,-4.113999843597412,5.056000232696533
1I4C_A_4,G,4,3.971999883651733,1.312000036239624,4.124000072479248
1I4C_A_5,C,5,1.9290000200271609,5.22599983215332,2.549999952316284
1I4C_A_6,U,6,2.29099988937378,7.408999919891357,-1.8819999694824217
1I4C_A_7,U,7,-5.26200008392334,8.031000137329102,-5.037000179290772
1I4C_A_8,A,8,-6.585999965667725,4.017000198364258,-0.9860000014305116
1I4C_A_9,G,9,-4.164999961853027,2.052000045776367,-5.144000053405762
1I4C_A_10,C,10,0.492000013589859,4.186999797821045,-5.558000087738037
1I4C_A_11,A,11,4.852000236511231,0.8270000219345093,-4.142000198364258
1I4C_A_12,C,12,6.956999778747559,-3.4579999446868896,-2.878000020980835
1I4C_A_13,C,13,6.164999961853027,-8.062999725341797,-1.8229999542236328
