ID,resname,resid,x_1,y_1,z_1
1IBM_Y_1,G,1,,,
1IBM_Y_2,G,2,,,
1IBM_Y_3,G,3,210.70700073242188,90.58799743652344,13.104999542236328
1IBM_Y_4,A,4,211.8730010986328,95.29900360107422,9.243000030517578
1IBM_Y_5,U,5,208.5709991455078,97.94400024414062,6.541999816894531
1IBM_Y_6,U,6,203.1230010986328,100.30599975585938,6.425000190734863
1IBM_Y_7,G,7,197.7899932861328,103.7750015258789,8.86299991607666
1IBM_Y_8,A,8,196.9459991455078,98.77100372314452,8.63700008392334
1IBM_Y_9,A,9,197.69000244140625,95.03199768066406,4.952000141143799
1IBM_Y_10,A,10,199.67999267578125,92.4530029296875,0.3889999985694885
1IBM_Y_11,A,11,204.5379943847656,91.90399932861328,-1.218999981880188
1IBM_Y_12,U,12,210.23599243164065,92.14900207519533,-0.8849999904632568
1IBM_Y_13,C,13,214.3580017089844,91.27100372314452,2.901000022888184
1IBM_Y_14,C,14,,,
1IBM_Y_15,C,15,,,
