ID,resname,resid,x_1,y_1,z_1
1IDV_A_1,G,1,10.748000144958496,-0.8619999885559082,16.981000900268555
1IDV_A_2,G,2,12.994999885559082,3.388000011444092,14.482999801635742
1IDV_A_3,G,3,16.569000244140625,7.64300012588501,12.192999839782717
1IDV_A_4,C,4,16.503999710083008,11.753000259399414,6.502999782562256
1IDV_A_5,G,5,14.677000045776367,8.270000457763672,2.7290000915527344
1IDV_A_6,U,6,17.77400016784668,3.510999917984009,0.9549999833106996
1IDV_A_7,G,7,21.22699928283692,1.409000039100647,3.483999967575073
1IDV_A_8,C,8,23.50200080871582,1.2269999980926514,7.97599983215332
1IDV_A_9,C,9,23.518999099731445,0.9700000286102296,13.012999534606934
1IDV_A_10,C,10,21.378999710083008,-0.9580000042915344,17.100000381469727
