ID,resname,resid,x_1,y_1,z_1
1IK1_A_1,G,1,9.357999801635742,-0.1070000007748603,4.031000137329102
1IK1_A_2,G,2,7.760000228881836,4.410999774932861,6.675000190734863
1IK1_A_3,U,3,4.316999912261963,7.527999877929687,9.373000144958496
1IK1_A_4,A,4,-0.2469999939203262,7.677000045776367,12.666000366210938
1IK1_A_5,C,5,-4.254000186920166,5.5970001220703125,15.64900016784668
1IK1_A_6,U,6,-9.765000343322754,5.51200008392334,19.81399917602539
1IK1_A_7,A,7,-6.945000171661377,-1.2269999980926514,16.50200080871582
1IK1_A_8,U,8,-5.02400016784668,-7.0229997634887695,16.240999221801758
1IK1_A_9,G,9,-6.209000110626221,-4.513000011444092,12.557000160217283
1IK1_A_10,U,10,-7.443999767303467,0.1360000073909759,10.112000465393066
1IK1_A_11,A,11,-5.840000152587891,4.896999835968018,7.767000198364258
1IK1_A_12,C,12,-2.2290000915527344,7.761000156402588,5.033999919891357
1IK1_A_13,C,13,2.3359999656677246,7.796000003814697,1.883000016212464
1IK1_A_14,A,14,6.656000137329102,6.041999816894531,-1.5829999446868896
