ID,resname,resid,x_1,y_1,z_1
1IKD_A_1,G,1,0.2910000085830688,-8.220999717712402,11.711000442504885
1IKD_A_2,G,2,-2.694999933242798,-3.46399998664856,10.479000091552734
1IKD_A_3,G,3,-3.632999897003174,1.1019999980926514,7.614999771118164
1IKD_A_4,G,4,-3.1530001163482666,4.896999835968018,3.7079999446868896
1IKD_A_5,C,5,-2.6760001182556152,7.610000133514404,-1.5429999828338623
1IKD_A_6,U,6,-2.219000101089477,8.927000045776367,-6.749000072479248
1IKD_A_7,C,7,-2.82699990272522,8.133000373840332,-12.0
1IKD_A_8,U,8,-6.239999771118164,6.224999904632568,-15.770000457763672
1IKD_A_9,U,9,-7.763999938964844,4.88100004196167,-22.136999130249023
1IKD_A_10,C,10,-11.39799976348877,2.33899998664856,-16.115999221801758
1IKD_A_11,G,11,-7.921999931335449,-2.0820000171661377,-18.600000381469727
1IKD_A_12,G,12,-4.974999904632568,-1.7130000591278076,-14.354000091552734
1IKD_A_13,A,13,-0.6570000052452087,-0.2339999973773956,-11.4399995803833
1IKD_A_14,G,14,3.0309998989105225,2.068000078201294,-7.960999965667725
1IKD_A_15,C,15,4.364999771118164,4.03000020980835,-3.375999927520752
1IKD_A_16,U,16,4.76800012588501,4.252999782562256,2.4719998836517334
1IKD_A_17,C,17,4.202000141143799,3.838000059127808,7.691999912261963
1IKD_A_18,C,18,2.776000022888184,1.7549999952316284,12.43000030517578
1IKD_A_19,A,19,5.142000198364258,-2.608999967575073,16.33099937438965
1IKD_A_20,C,20,9.836000442504885,-6.099999904632568,17.85099983215332
1IKD_A_21,C,21,16.243999481201172,-5.931000232696533,19.78899955749512
1IKD_A_22,A,22,16.08099937438965,0.2980000078678131,21.106000900268555
