ID,resname,resid,x_1,y_1,z_1
1JO7_A_1,A,1,0.1110000014305114,-15.354999542236328,7.1579999923706055
1JO7_A_2,G,2,1.4769999980926514,-13.449999809265137,2.3359999656677246
1JO7_A_3,U,3,1.8020000457763672,-11.859999656677246,-3.407999992370605
1JO7_A_4,A,4,-1.184000015258789,-9.996999740600586,-8.343000411987305
1JO7_A_5,G,5,-6.2210001945495605,-7.014999866485596,-9.87600040435791
1JO7_A_6,A,6,-10.309000015258787,-4.326000213623047,-7.060999870300293
1JO7_A_7,A,7,-12.395999908447266,-2.361999988555908,-2.7869999408721924
1JO7_A_8,A,8,-13.17099952697754,1.3769999742507937,1.5160000324249268
1JO7_A_9,C,9,-10.130000114440918,4.363999843597412,4.902999877929688
1JO7_A_10,A,10,-5.290999889373779,6.333000183105469,5.664000034332275
1JO7_A_11,A,11,0.3880000114440918,8.717000007629395,6.228000164031982
1JO7_A_12,G,12,3.128999948501587,9.9350004196167,0.9160000085830688
1JO7_A_13,G,13,4.064000129699707,11.82800006866455,-4.357999801635742
1JO7_A_14,C,14,2.365999937057495,16.180999755859375,-8.87399959564209
1JO7_A_15,U,15,-1.4210000038146973,20.22900009155273,-7.383999824523926
1JO7_A_16,U,16,-5.053999900817871,24.857999801635746,-7.335999965667725
1JO7_A_17,C,17,-4.864999771118164,19.52300071716309,-3.306999921798706
1JO7_A_18,G,18,-11.395999908447266,18.937000274658203,-6.936999797821045
1JO7_A_19,G,19,-8.218999862670898,14.41100025177002,-8.006999969482422
1JO7_A_20,C,20,-5.335000038146973,9.428999900817873,-9.855999946594238
1JO7_A_21,C,21,-1.5470000505447388,5.732999801635742,-7.679999828338623
1JO7_A_22,U,22,1.0839999914169312,2.7769999504089355,-3.9159998893737793
1JO7_A_23,G,23,-0.123999997973442,1.2519999742507937,1.7960000038146973
1JO7_A_24,C,24,-3.2300000190734863,-0.3779999911785126,7.532000064849853
1JO7_A_25,U,25,-7.193999767303467,-4.027999877929688,5.896999835968018
1JO7_A_26,U,26,-10.791999816894531,-7.152999877929688,3.101999998092652
1JO7_A_27,U,27,-11.973999977111816,-9.956000328063965,-1.2389999628067017
1JO7_A_28,U,28,-11.253999710083008,-13.225000381469728,-6.132999897003174
1JO7_A_29,G,29,-7.103000164031982,-17.30900001525879,-7.579999923706055
1JO7_A_30,C,30,-2.305000066757202,-19.405000686645508,-6.011000156402588
1JO7_A_31,U,31,2.135999917984009,-21.08300018310547,-2.388999938964844
