ID,resname,resid,x_1,y_1,z_1
1JOX_A_1,G,1,3.9769999980926514,-13.866000175476074,-3.736999988555908
1JOX_A_2,G,2,4.353000164031982,-10.96399974822998,-7.51200008392334
1JOX_A_3,C,3,2.694999933242798,-8.128000259399414,-11.512999534606934
1JOX_A_4,G,4,-1.965000033378601,-4.671999931335449,-13.930999755859377
1JOX_A_5,G,5,-4.0329999923706055,1.503000020980835,-13.72599983215332
1JOX_A_6,U,6,-5.8470001220703125,2.657999992370605,-18.042999267578125
1JOX_A_7,G,7,-7.355999946594238,4.755000114440918,-10.819000244140623
1JOX_A_8,C,8,-4.544000148773193,6.97599983215332,-7.176000118255615
1JOX_A_9,U,9,-0.4779999852180481,6.013000011444092,-7.160999774932861
1JOX_A_10,G,10,3.8410000801086426,7.693999767303467,-6.28000020980835
1JOX_A_11,A,11,5.870999813079834,9.96399974822998,-2.4539999961853027
1JOX_A_12,G,12,8.730999946594238,7.445000171661377,0.9110000133514404
1JOX_A_13,A,13,5.76800012588501,3.4549999237060547,-1.5429999828338623
1JOX_A_14,U,14,3.79800009727478,0.6140000224113464,-1.2710000276565552
1JOX_A_15,G,15,0.1309999972581863,-0.7919999957084656,-0.6169999837875366
1JOX_A_16,C,16,-4.756999969482422,-0.6539999842643738,-1.2680000066757202
1JOX_A_17,C,17,-10.13700008392334,-0.977999985218048,-4.78000020980835
1JOX_A_18,C,18,-10.65999984741211,-3.6549999713897705,-8.763999938964844
1JOX_A_19,G,19,-7.989999771118164,-6.703000068664551,-12.66800022125244
1JOX_A_20,U,20,-3.983999967575073,-9.859000205993652,-14.439000129699709
1JOX_A_21,C,21,-0.4339999854564667,-12.940999984741213,-12.817999839782717
