ID,resname,resid,x_1,y_1,z_1
1JTJ_A_1,C,1,2.0439999103546143,-16.014999389648438,7.758999824523926
1JTJ_A_2,U,2,1.2009999752044678,-14.824999809265137,2.119999885559082
1JTJ_A_3,U,3,-1.4950000047683716,-12.795000076293944,-1.7960000038146973
1JTJ_A_4,G,4,-4.5879998207092285,-9.204999923706056,-2.289999961853028
1JTJ_A_5,C,5,-6.435999870300293,-4.598999977111816,-0.699999988079071
1JTJ_A_6,U,6,-6.311999797821045,-0.2119999974966049,1.825999975204468
1JTJ_A_7,G,7,-4.642000198364258,4.394999980926514,4.386000156402588
1JTJ_A_8,A,8,-1.7979999780654907,9.770000457763672,5.186999797821045
1JTJ_A_9,A,9,0.4449999928474426,11.019000053405762,0.3519999980926513
1JTJ_A_10,G,10,0.4869999885559082,8.5,-3.032999992370605
1JTJ_A_11,C,11,-1.1089999675750732,10.895999908447266,-9.128999710083008
1JTJ_A_12,A,12,3.200999975204468,14.390000343322754,-13.281000137329102
1JTJ_A_13,C,13,9.015000343322754,14.579999923706056,-11.39900016784668
1JTJ_A_14,G,14,13.154999732971191,11.56999969482422,-7.822000026702881
1JTJ_A_15,C,15,11.24899959564209,7.669000148773193,-5.117000102996826
1JTJ_A_16,A,16,8.388999938964844,4.4070000648498535,-1.815999984741211
1JTJ_A_17,C,17,5.715000152587891,2.75,2.809000015258789
1JTJ_A_18,G,18,2.2179999351501465,1.4919999837875366,7.464000225067139
1JTJ_A_19,G,19,-1.843000054359436,-1.3220000267028809,8.300000190734863
1JTJ_A_20,C,20,-6.230999946594238,-4.216000080108643,7.035999774932861
1JTJ_A_21,A,21,-9.44200038909912,-7.729000091552734,4.281000137329102
1JTJ_A_22,A,22,-9.479999542236328,-12.977999687194824,1.820000052452088
1JTJ_A_23,G,23,-6.807000160217285,-17.201000213623047,1.950000047683716
