ID,resname,resid,x_1,y_1,z_1
1JTW_A_1,G,1,7.548999786376953,5.160999774932861,-2.0799999237060547
1JTW_A_2,G,2,9.70699977874756,1.062000036239624,-5.552999973297119
1JTW_A_3,G,3,13.142000198364258,-0.4379999935626983,-9.32699966430664
1JTW_A_4,U,4,17.974000930786133,-0.4070000052452087,-11.859999656677246
1JTW_A_5,G,5,23.80900001525879,0.1169999986886978,-13.029999732971191
1JTW_A_6,C,6,28.325000762939453,-0.1469999998807907,-9.946999549865724
1JTW_A_7,G,7,30.350000381469727,-1.807999968528748,-4.754000186920166
1JTW_A_8,A,8,32.47600173950195,-6.09499979019165,0.0949999988079071
1JTW_A_9,G,9,30.26000022888184,-1.5750000476837158,2.401000022888184
1JTW_A_10,A,10,29.152999877929688,3.428999900817871,3.5810000896453857
1JTW_A_11,G,11,27.165000915527344,4.9730000495910645,-0.5410000085830688
1JTW_A_12,C,12,27.65900039672852,6.73799991607666,-5.533999919891357
1JTW_A_13,G,13,25.21699905395508,7.0960001945495605,-10.637999534606934
1JTW_A_14,U,14,20.13500022888184,6.861000061035156,-12.654999732971191
1JTW_A_15,C,15,14.79599952697754,6.51200008392334,-12.920000076293944
1JTW_A_16,A,16,9.619000434875488,6.949999809265137,-10.644000053405762
