ID,resname,resid,x_1,y_1,z_1
1JUR_A_1,G,1,38.73699951171875,1.7300000190734863,15.345999717712402
1JUR_A_2,G,2,34.13800048828125,3.8010001182556152,13.585000038146973
1JUR_A_3,C,3,31.42099952697754,6.364999771118164,9.83899974822998
1JUR_A_4,C,4,31.285999298095703,7.111999988555908,3.651999950408936
1JUR_A_5,U,5,30.650999069213867,5.361999988555908,-1.6579999923706057
1JUR_A_6,G,6,30.53899955749512,0.9419999718666076,-5.135000228881836
1JUR_A_7,A,7,30.32200050354004,-4.321000099182129,-6.88700008392334
1JUR_A_8,G,8,28.80299949645996,-9.847999572753906,-6.965000152587891
1JUR_A_9,G,9,24.483999252319336,-11.737000465393066,-5.151999950408936
1JUR_A_10,A,10,17.701000213623047,-13.246999740600586,-4.902999877929688
1JUR_A_11,G,11,18.78700065612793,-13.57699966430664,0.1949999928474426
1JUR_A_12,A,12,22.79899978637696,-15.46399974822998,2.890000104904175
1JUR_A_13,C,13,27.73699951171875,-15.232999801635742,2.688999891281128
1JUR_A_14,U,14,31.62800025939941,-12.22700023651123,0.3330000042915344
1JUR_A_15,C,15,34.263999938964844,-8.864999771118164,-2.690000057220459
1JUR_A_16,A,16,36.39300155639648,-3.848000049591065,-3.861000061035156
1JUR_A_17,G,17,37.61000061035156,0.984000027179718,-2.990000009536743
1JUR_A_18,A,18,40.516998291015625,6.916999816894531,-1.225000023841858
1JUR_A_19,A,19,41.30400085449219,9.76200008392334,1.815999984741211
1JUR_A_20,G,20,38.0629997253418,12.494999885559082,3.993000030517578
1JUR_A_21,C,21,35.04199981689453,13.288000106811523,8.404999732971191
1JUR_A_22,C,22,35.702999114990234,12.263999938964844,13.87399959564209
