ID,resname,resid,x_1,y_1,z_1
1JWC_A_1,G,1,,,
1JWC_A_2,G,2,,,
1JWC_A_3,C,3,,,
1JWC_A_4,C,4,,,
1JWC_A_5,A,5,,,
1JWC_A_6,A,6,,,
1JWC_A_7,A,7,,,
1JWC_A_8,G,8,-5.531000137329102,-13.262999534606934,10.496999740600586
1JWC_A_9,G,9,-0.1389999985694885,-12.651000022888184,7.040999889373779
1JWC_A_10,C,10,3.8429999351501465,-9.42199993133545,4.303999900817871
1JWC_A_11,C,11,5.690000057220459,-4.660999774932861,2.45199990272522
1JWC_A_12,C,12,6.8379998207092285,0.824999988079071,0.6909999847412109
1JWC_A_13,U,13,5.873000144958496,6.236000061035156,1.631999969482422
1JWC_A_14,U,14,5.593999862670898,8.859999656677246,6.005000114440918
1JWC_A_15,U,15,5.668000221252441,10.866999626159668,11.482999801635742
1JWC_A_16,U,16,-0.7570000290870667,7.923999786376953,11.18000030517578
1JWC_A_17,C,17,-5.835000038146973,6.455999851226807,12.810999870300291
1JWC_A_18,A,18,-3.502000093460083,9.36299991607666,6.869999885559082
1JWC_A_19,G,19,-2.2739999294281006,7.402999877929687,0.9049999713897704
1JWC_A_20,G,20,-1.812999963760376,2.4489998817443848,-2.111999988555908
1JWC_A_21,G,21,-1.7039999961853027,-3.441999912261963,-3.57699990272522
1JWC_A_22,C,22,-4.367000102996826,-8.595000267028809,-2.565999984741211
1JWC_A_23,C,23,-8.333000183105469,-13.79699993133545,-0.4350000023841858
1JWC_A_24,A,24,,,
1JWC_A_25,C,25,,,
1JWC_A_26,C,26,,,
1JWC_A_27,C,27,,,
1JWC_A_28,A,28,,,
