ID,resname,resid,x_1,y_1,z_1
1JZC_A_1,G,1,-5.703999996185303,-12.0649995803833,-3.157000064849853
1JZC_A_2,G,2,-7.374000072479248,-7.576000213623047,0.3580000102519989
1JZC_A_3,U,3,-6.3460001945495605,-2.7799999713897705,2.242000102996826
1JZC_A_4,G,4,-3.1689999103546143,1.809000015258789,2.1589999198913574
1JZC_A_5,C,5,-1.6030000448226929,5.513000011444092,-1.4119999408721924
1JZC_A_6,A,6,1.337000012397766,8.973999977111816,-0.1230000033974647
1JZC_A_7,U,7,4.506999969482422,11.616000175476074,-4.988999843597412
1JZC_A_8,G,8,0.703000009059906,6.73799991607666,-5.0970001220703125
1JZC_A_9,G,9,3.763999938964844,2.450999975204468,-6.176000118255615
1JZC_A_10,C,10,4.98799991607666,0.1759999990463256,-3.1470000743865967
1JZC_A_11,A,11,4.386000156402588,-2.3559999465942383,2.164999961853028
1JZC_A_12,C,12,2.108999967575073,-5.330999851226807,4.994999885559082
1JZC_A_13,C,13,-1.2070000171661377,-9.09000015258789,5.827000141143799
