ID,resname,resid,x_1,y_1,z_1
1K2G_A_1,C,1,-30.488000869750977,-4.256999969482422,2.9570000171661377
1K2G_A_2,A,2,-29.694000244140625,0.959999978542328,6.431000232696533
1K2G_A_3,G,3,-34.97700119018555,-3.848000049591065,10.246000289916992
1K2G_A_4,A,4,-32.34299850463867,-5.932000160217285,16.018999099731445
1K2G_A_5,C,5,-27.209999084472656,-4.743000030517578,18.26799964904785
1K2G_A_6,U,6,-22.05699920654297,-2.2330000400543213,17.84000015258789
1K2G_A_7,U,7,-16.445999145507812,-0.8169999718666077,19.81399917602539
1K2G_A_8,C,8,-18.224000930786133,1.3619999885559082,13.826000213623049
1K2G_A_9,G,9,-14.20400047302246,-3.484999895095825,13.34000015258789
1K2G_A_10,G,10,-18.3129997253418,-5.775000095367432,12.9350004196167
1K2G_A_11,U,11,-22.766000747680664,-9.194000244140623,15.70300006866455
1K2G_A_12,C,12,-28.04400062561035,-10.70699977874756,13.928000450134276
1K2G_A_13,G,13,-32.20500183105469,-11.437000274658203,9.843999862670898
1K2G_A_14,C,14,-32.25699996948242,-11.619999885559082,4.367000102996826
1K2G_A_15,A,15,-30.61199951171875,-14.03600025177002,0.4749999940395355
1K2G_A_16,G,16,-26.97100067138672,-15.71500015258789,-4.235000133514404
1K2G_A_17,A,17,-24.200000762939453,-23.117000579833984,-5.2220001220703125
1K2G_A_18,G,18,-19.96500015258789,-20.14800071716309,-4.686999797821045
1K2G_A_19,A,19,-18.184999465942383,-15.182000160217283,-6.565000057220459
1K2G_A_20,U,20,-21.388999938964844,-10.93000030517578,-4.355000019073486
1K2G_A_21,G,21,-24.47699928283692,-8.293000221252441,-1.3940000534057615
1K2G_A_22,G,22,-26.233999252319336,-1.1150000095367432,3.714999914169312
