ID,resname,resid,x_1,y_1,z_1
1K4A_A_1,G,1,-5.309000015258789,-7.958000183105469,-7.985000133514404
1K4A_A_2,G,2,-7.553999900817871,-6.914000034332275,-2.303999900817871
1K4A_A_3,U,3,-7.046000003814697,-3.638999938964844,2.447000026702881
1K4A_A_4,U,4,-4.113999843597412,0.7919999957084656,5.368000030517578
1K4A_A_5,C,5,-1.1579999923706057,5.64900016784668,4.448999881744385
1K4A_A_6,A,6,-0.2639999985694885,8.10099983215332,0.3160000145435333
1K4A_A_7,G,7,-3.372999906539917,9.572999954223633,-3.6470000743865967
1K4A_A_8,A,8,1.3860000371932983,8.470999717712402,-8.571999549865723
1K4A_A_9,A,9,3.944999933242798,5.923999786376953,-7.538000106811523
1K4A_A_10,G,10,6.104000091552734,3.9260001182556152,-3.796999931335449
1K4A_A_11,A,11,6.386000156402588,1.116000056266785,1.3339999914169312
1K4A_A_12,A,12,4.015999794006348,-3.134999990463257,4.664999961853027
1K4A_A_13,C,13,0.7549999952316284,-7.98199987411499,4.626999855041504
1K4A_A_14,C,14,-1.809999942779541,-12.123000144958496,1.6399999856948853
