ID,resname,resid,x_1,y_1,z_1
1K4B_A_1,G,1,-1.218999981880188,-8.14900016784668,-11.260000228881836
1K4B_A_2,G,2,-5.977000236511231,-7.051000118255615,-7.269999980926514
1K4B_A_3,U,3,-7.61299991607666,-4.041999816894531,-2.6700000762939453
1K4B_A_4,U,4,-5.789000034332275,-0.0439999997615814,0.4059999883174896
1K4B_A_5,C,5,-2.6040000915527344,3.927000045776367,2.243000030517578
1K4B_A_6,A,6,0.488999992609024,7.282000064849853,0.1570000052452087
1K4B_A_7,G,7,-0.4670000076293945,10.708000183105469,-3.595999956130981
1K4B_A_8,U,8,6.059000015258789,8.99899959564209,-4.714000225067139
1K4B_A_9,U,9,9.675999641418455,5.578999996185303,-6.63100004196167
1K4B_A_10,G,10,7.735000133514404,3.400000095367432,-1.8179999589920044
1K4B_A_11,A,11,4.912000179290772,0.2060000002384185,2.352999925613404
1K4B_A_12,A,12,1.2990000247955322,-4.22599983215332,4.010000228881836
1K4B_A_13,C,13,-1.5080000162124634,-8.968000411987305,2.5280001163482666
1K4B_A_14,C,14,-2.5169999599456787,-13.10200023651123,-1.3339999914169312
