ID,resname,resid,x_1,y_1,z_1
1K5I_A_1,G,1,46.03900146484375,12.96399974822998,-2.7920000553131104
1K5I_A_2,G,2,40.37699890136719,13.12600040435791,-2.861000061035156
1K5I_A_3,A,3,35.492000579833984,10.729000091552734,-4.131999969482422
1K5I_A_4,C,4,32.47200012207031,6.395999908447266,-5.609000205993652
1K5I_A_5,C,5,31.43899917602539,0.8840000033378601,-6.311999797821045
1K5I_A_6,C,6,32.446998596191406,-4.510000228881836,-5.308000087738037
1K5I_A_7,G,7,34.86399841308594,-8.75,-2.249000072479248
1K5I_A_8,G,8,37.04100036621094,-10.487000465393066,2.70199990272522
1K5I_A_9,G,9,38.167999267578125,-9.687999725341797,8.097999572753906
1K5I_A_10,C,10,35.35300064086914,-6.708000183105469,13.02400016784668
1K5I_A_11,U,11,30.97699928283692,-6.066999912261963,12.59000015258789
1K5I_A_12,C,12,29.18099975585937,-1.8559999465942385,17.67799949645996
1K5I_A_13,A,13,31.200000762939453,1.8609999418258667,14.881999969482422
1K5I_A_14,A,14,35.24100112915039,2.6429998874664307,12.498000144958496
1K5I_A_15,C,15,39.05500030517578,0.7129999995231628,10.166000366210938
1K5I_A_16,C,16,42.5,-2.427999973297119,7.102000236511231
1K5I_A_17,U,17,43.53200149536133,-4.889999866485596,2.378999948501587
1K5I_A_18,G,18,42.882999420166016,-5.9670000076293945,-3.125999927520752
1K5I_A_19,G,19,40.68199920654297,-4.440999984741211,-7.927999973297119
1K5I_A_20,G,20,38.20800018310547,-0.7829999923706055,-11.253999710083008
1K5I_A_21,U,21,36.53799819946289,4.308000087738037,-12.704999923706056
1K5I_A_22,C,22,36.7140007019043,9.97599983215332,-12.503000259399414
1K5I_A_23,C,23,39.49300003051758,14.69499969482422,-11.189000129699709
