ID,resname,resid,x_1,y_1,z_1
1K6G_A_1,G,1,-5.059000015258789,-17.106000900268555,3.4739999771118164
1K6G_A_2,G,2,-2.367000102996826,-13.958999633789062,6.918000221252441
1K6G_A_3,C,3,1.7139999866485596,-10.576000213623049,8.131999969482422
1K6G_A_4,G,4,5.479000091552734,-7.093999862670898,6.677000045776367
1K6G_A_5,U,5,7.254000186920166,-3.641999959945679,2.736000061035156
1K6G_A_6,C,6,7.276000022888184,-0.6019999980926514,-1.6729999780654907
1K6G_A_7,A,7,4.666999816894531,1.7719999551773071,-5.697999954223633
1K6G_A_8,U,8,-0.0740000009536743,3.171999931335449,-7.488999843597412
1K6G_A_9,G,9,-5.86899995803833,5.534999847412109,-7.486000061035156
1K6G_A_10,A,10,-6.502999782562256,7.697999954223633,-2.7709999084472656
1K6G_A_11,G,11,-3.220999956130981,9.598999977111816,1.5360000133514404
1K6G_A_12,U,12,-8.456999778747559,9.092000007629396,5.5980000495910645
1K6G_A_13,C,13,-9.633999824523926,4.173999786376953,5.302999973297119
1K6G_A_14,C,14,-9.74899959564209,1.065999984741211,1.74399995803833
1K6G_A_15,A,15,-8.848999977111816,-0.7950000166893005,-3.178999900817871
1K6G_A_16,U,16,-5.24399995803833,-2.187999963760376,-7.061999797821045
1K6G_A_17,G,17,-0.3659999966621399,-3.8320000171661377,-8.76200008392334
1K6G_A_18,G,18,4.616000175476074,-5.603000164031982,-7.255000114440918
1K6G_A_19,C,19,8.513999938964844,-7.234000205993652,-3.746999979019165
1K6G_A_20,G,20,9.817999839782717,-9.800999641418455,0.8820000290870667
1K6G_A_21,C,21,8.137999534606934,-13.07699966430664,4.940000057220459
1K6G_A_22,C,22,5.181000232696533,-17.38800048828125,7.458000183105469
