ID,resname,resid,x_1,y_1,z_1
1K6H_A_1,G,1,10.213000297546388,-12.47599983215332,2.316999912261963
1K6H_A_2,G,2,8.720000267028809,-11.187000274658203,-2.681999921798706
1K6H_A_3,C,3,4.755000114440918,-9.838000297546388,-6.126999855041504
1K6H_A_4,G,4,-0.0949999988079071,-7.922999858856201,-7.261000156402588
1K6H_A_5,U,5,-4.298999786376953,-5.497000217437744,-5.341000080108643
1K6H_A_6,G,6,-7.907000064849853,-3.424000024795532,-1.694000005722046
1K6H_A_7,U,7,-8.03600025177002,-0.2770000100135803,2.595000028610229
1K6H_A_8,U,8,-5.794000148773193,3.634999990463257,5.769000053405762
1K6H_A_9,C,9,-2.2660000324249268,7.932000160217285,6.177999973297119
1K6H_A_10,A,10,0.2469999939203262,11.12600040435791,2.552999973297119
1K6H_A_11,G,11,-0.6069999933242798,13.784000396728516,-2.16599988937378
1K6H_A_12,A,12,5.327000141143799,12.842000007629396,-3.700000047683716
1K6H_A_13,A,13,8.131999969482422,10.192999839782717,-2.319000005722046
1K6H_A_14,G,14,6.90399980545044,6.173999786376953,0.2759999930858612
1K6H_A_15,A,15,4.994999885559082,3.680000066757202,4.497000217437744
1K6H_A_16,A,16,1.465000033378601,0.8370000123977661,7.421999931335449
1K6H_A_17,C,17,-2.569000005722046,-2.5390000343322754,7.40500020980835
1K6H_A_18,G,18,-5.935999870300293,-6.298999786376953,4.98199987411499
1K6H_A_19,C,19,-6.695000171661377,-9.890999794006348,1.1740000247955322
1K6H_A_20,G,20,-5.099999904632568,-12.715999603271484,-3.00600004196167
1K6H_A_21,C,21,-0.9649999737739564,-14.786999702453612,-5.526999950408936
1K6H_A_22,C,22,4.230999946594238,-17.15399932861328,-5.65399980545044
