ID,resname,resid,x_1,y_1,z_1
1K9W_A_1,U,1,46.73199844360352,-5.379000186920166,34.66999816894531
1K9W_A_2,U,2,41.15999984741211,-10.387999534606934,33.74399948120117
1K9W_A_3,U,3,39.13800048828125,-12.83899974822998,28.893999099731445
1K9W_A_4,G,4,33.678001403808594,-15.208999633789062,27.86599922180176
1K9W_A_5,C,5,28.791000366210938,-15.817999839782717,27.48600006103516
1K9W_A_6,U,6,24.54899978637696,-13.092000007629396,27.95199966430664
1K9W_A_7,G,7,22.14800071716309,-8.550000190734863,28.2189998626709
1K9W_A_8,A,8,17.131999969482422,-9.449000358581545,20.608999252319336
1K9W_A_9,G,9,15.03600025177002,-4.882999897003174,17.545000076293945
1K9W_A_10,G,10,19.26700019836425,-4.239999771118164,10.237000465393066
1K9W_A_11,U,11,24.6879997253418,-5.934999942779541,10.642000198364258
1K9W_A_12,G,12,29.53300094604492,-5.486000061035156,12.446999549865724
1K9W_A_13,C,13,33.63999938964844,-3.3959999084472656,15.251999855041504
1K9W_A_14,A,14,34.91699981689453,-0.4169999957084656,19.1879997253418
1K9W_A_15,C,15,33.845001220703125,2.069999933242798,23.475000381469727
1K9W_A_16,A,16,30.714000701904297,2.1540000438690186,27.440000534057617
1K9W_A_17,C,17,27.06399917602539,0.1089999973773956,31.6259994506836
1K9W_A_18,A,18,25.08699989318848,-4.723999977111816,34.013999938964844
1K9W_A_19,G,19,25.084999084472656,-9.498000144958496,35.97600173950195
1K9W_A_20,C,20,27.950000762939453,-13.699000358581545,35.5099983215332
1K9W_A_21,A,21,32.064998626708984,-17.1560001373291,35.80899810791016
1K9W_A_22,A,22,38.391998291015625,-18.636999130249023,37.345001220703125
1K9W_A_23,U,23,42.35499954223633,-18.191999435424805,43.35699844360352
