ID,resname,resid,x_1,y_1,z_1
1KAJ_A_1,G,1,-6.770999908447266,3.615999937057495,-10.996000289916992
1KAJ_A_2,G,2,-3.749000072479248,5.795000076293945,-14.185999870300291
1KAJ_A_3,C,3,1.753999948501587,7.672999858856201,-15.875
1KAJ_A_4,G,4,6.795000076293945,6.933000087738037,-15.743000030517578
1KAJ_A_5,C,5,10.866999626159668,5.724999904632568,-13.3100004196167
1KAJ_A_6,A,6,14.586000442504885,2.875999927520752,-9.715999603271484
1KAJ_A_7,G,7,17.968000411987305,-0.7609999775886536,-7.653999805450439
1KAJ_A_8,U,8,20.299999237060547,-5.2820000648498535,-8.291999816894531
1KAJ_A_9,G,9,25.67099952697754,-10.234000205993652,-9.640000343322754
1KAJ_A_10,G,10,21.670000076293945,-11.741000175476074,-12.72700023651123
1KAJ_A_11,G,11,16.33099937438965,-13.635000228881836,-13.47599983215332
1KAJ_A_12,C,12,11.689000129699709,-13.800000190734863,-11.015000343322754
1KAJ_A_13,U,13,8.687000274658203,-10.824999809265137,-7.533999919891357
1KAJ_A_14,A,14,8.550000190734863,-6.355999946594238,-5.515999794006348
1KAJ_A_15,G,15,9.821999549865724,-0.5479999780654907,-5.105000019073486
1KAJ_A_16,C,16,8.866000175476074,5.238999843597412,-5.586999893188477
1KAJ_A_17,G,17,5.909999847412109,10.060999870300291,-6.447000026702881
1KAJ_A_18,C,18,0.578000009059906,12.824000358581545,-7.513999938964844
1KAJ_A_19,C,19,-4.936999797821045,13.548999786376951,-7.97100019454956
1KAJ_A_20,A,20,-9.835000038146973,10.215999603271484,-7.037000179290772
1KAJ_A_21,C,21,-10.970000267028809,5.026000022888184,-4.619999885559082
1KAJ_A_22,U,22,-10.762999534606934,2.375,-0.2479999959468841
1KAJ_A_23,C,23,-7.723999977111816,-1.1069999933242798,3.196000099182129
1KAJ_A_24,A,24,-4.369999885559082,-3.513999938964844,6.736999988555908
1KAJ_A_25,A,25,1.008999943733215,-4.3480000495910645,6.877999782562256
1KAJ_A_26,A,26,6.978000164031982,-3.953999996185303,6.25
1KAJ_A_27,A,27,11.85099983215332,-8.980999946594238,6.261000156402588
1KAJ_A_28,G,28,12.163000106811523,-13.557000160217283,-0.7940000295639038
1KAJ_A_29,C,29,14.156000137329102,-18.003000259399414,-4.02400016784668
1KAJ_A_30,C,30,18.999000549316406,-20.23900032043457,-7.0960001945495605
1KAJ_A_31,C,31,24.214000701904297,-20.53199958801269,-8.303999900817871
1KAJ_A_32,G,32,28.325000762939453,-19.541000366210938,-4.26200008392334
