ID,resname,resid,x_1,y_1,z_1
1KIS_B_1,G,1,0.4550000131130218,1.2359999418258667,20.91699981689453
1KIS_B_2,C,2,0.2049999982118606,4.554999828338623,15.97599983215332
1KIS_B_3,U,3,0.4359999895095825,6.287000179290772,10.307000160217283
1KIS_B_4,G,4,1.950999975204468,7.017000198364258,4.868000030517578
1KIS_B_5,U,5,4.447999954223633,5.425000190734863,1.059000015258789
1KIS_B_6,U,6,1.4140000343322754,6.078999996185303,-8.270999908447266
1KIS_B_7,C,7,-3.227999925613404,1.718000054359436,-7.447000026702881
1KIS_B_8,C,8,-4.243000030517578,-1.7079999446868896,-4.248000144958496
1KIS_B_9,C,9,-2.0220000743865967,-6.40500020980835,-0.671999990940094
1KIS_B_10,A,10,2.078000068664551,-6.75,2.1440000534057617
1KIS_B_11,G,11,7.059999942779541,-5.947999954223633,3.4560000896453857
1KIS_B_12,A,12,10.772000312805176,-2.552999973297119,4.504000186920166
1KIS_B_13,C,13,12.197999954223633,2.61299991607666,6.109000205993652
1KIS_B_14,A,14,10.994000434875488,6.572999954223633,8.937000274658203
1KIS_B_15,G,15,7.835000038146973,9.350000381469728,12.265999794006348
1KIS_B_16,C,16,4.611999988555908,10.699999809265137,17.106000900268555
1KIS_A_1,G,1,5.927000045776367,-0.777999997138977,-28.2509994506836
1KIS_A_2,A,2,10.199999809265137,2.2950000762939453,-24.77300071716309
1KIS_A_3,G,3,11.362000465393066,5.824999809265137,-20.499000549316406
1KIS_A_4,C,4,10.279000282287598,7.708000183105469,-14.652000427246094
1KIS_A_5,C,5,7.179999828338623,5.986000061035156,-10.47599983215332
1KIS_A_6,C,6,10.116000175476074,3.122999906539917,-1.74399995803833
1KIS_A_7,U,7,10.73900032043457,-3.5980000495910645,-2.36899995803833
1KIS_A_8,G,8,7.467999935150146,-7.644999980926514,-4.7230000495910645
1KIS_A_9,G,9,2.0429999828338623,-8.588000297546387,-8.26099967956543
1KIS_A_10,G,10,-0.656000018119812,-6.245999813079834,-12.560999870300291
1KIS_A_11,A,11,-2.2880001068115234,-1.7330000400543213,-14.54599952697754
1KIS_A_12,G,12,-1.8980000019073489,3.1700000762939453,-15.03499984741211
1KIS_A_13,G,13,0.2590000033378601,8.836000442504883,-15.515999794006348
1KIS_A_14,C,14,3.0420000553131104,12.065999984741213,-19.60099983215332
1KIS_A_15,U,15,5.699999809265137,12.17099952697754,-24.78499984741211
1KIS_A_16,C,16,7.144999980926514,9.803999900817873,-29.07099914550781
