ID,resname,resid,x_1,y_1,z_1
1KKA_A_1,G,1,1.184999942779541,-9.012999534606934,16.121999740600586
1KKA_A_2,G,2,6.854000091552734,-5.916999816894531,15.847000122070312
1KKA_A_3,G,3,9.295000076293944,0.31700000166893,15.157999992370604
1KKA_A_4,G,4,4.985000133514404,4.0229997634887695,16.117000579833984
1KKA_A_5,A,5,0.0460000000894069,5.432000160217285,15.45300006866455
1KKA_A_6,U,6,-4.940999984741211,4.390999794006348,14.03499984741211
1KKA_A_7,U,7,-10.581000328063965,2.16599988937378,11.798999786376951
1KKA_A_8,G,8,-15.447999954223633,3.13700008392334,12.482999801635742
1KKA_A_9,A,9,-17.510000228881836,-2.70199990272522,12.401000022888184
1KKA_A_10,A,10,-14.730999946594238,-5.454999923706055,10.60099983215332
1KKA_A_11,A,11,-11.166999816894531,-6.315000057220459,10.409000396728516
1KKA_A_12,A,12,-8.366000175476074,-3.9769999980926514,8.592000007629395
1KKA_A_13,U,13,-6.039000034332275,0.2090000063180923,7.638000011444092
1KKA_A_14,C,14,-1.0989999771118164,5.90500020980835,7.291999816894531
1KKA_A_15,C,15,6.013999938964844,3.8989999294281006,5.498000144958496
1KKA_A_16,C,16,8.331000328063965,-1.9700000286102293,5.888999938964844
1KKA_A_17,C,17,7.210999965667725,-6.438000202178955,7.388999938964844
