ID,resname,resid,x_1,y_1,z_1
1KKS_A_1,G,1,0.6100000143051147,3.114000082015991,5.90500020980835
1KKS_A_2,G,2,4.809000015258789,4.822000026702881,2.872999906539917
1KKS_A_3,A,3,8.569000244140625,8.555000305175781,-0.0160000007599592
1KKS_A_4,A,4,13.541000366210938,2.852999925613404,-1.6610000133514404
1KKS_A_5,G,5,10.770000457763672,-3.1519999504089355,-3.3480000495910645
1KKS_A_6,G,6,7.091000080108643,-7.395999908447266,-4.169000148773193
1KKS_A_7,C,7,1.7769999504089355,-9.885000228881836,-3.66100001335144
1KKS_A_8,C,8,-3.690999984741211,-10.767000198364258,-2.7730000019073486
1KKS_A_9,C,9,-8.888999938964844,-9.015000343322754,-2.1050000190734863
1KKS_A_10,U,10,-12.401000022888184,-4.800000190734863,-3.5
1KKS_A_11,U,11,-15.777999877929688,-0.9160000085830688,-6.198999881744385
1KKS_A_12,U,12,-14.942999839782717,1.065999984741211,-1.3040000200271606
1KKS_A_13,U,13,-12.027999877929688,3.187000036239624,-7.178999900817871
1KKS_A_14,C,14,-9.94499969482422,10.10200023651123,-6.86299991607666
1KKS_A_15,A,15,-10.01099967956543,5.334000110626221,-3.506999969482422
1KKS_A_16,G,16,-10.333000183105469,1.1239999532699585,0.8650000095367432
1KKS_A_17,G,17,-8.529999732971191,-3.6010000705718994,3.5999999046325684
1KKS_A_18,G,18,-4.953999996185303,-7.597000122070312,4.324999809265137
1KKS_A_19,C,19,0.003000000026077,-10.04300022125244,3.3940000534057617
1KKS_A_20,C,20,5.504000186920166,-10.668999671936035,2.2179999351501465
1KKS_A_21,A,21,9.725000381469728,-7.646999835968018,3.5309998989105225
1KKS_A_22,C,22,14.652000427246094,-3.937999963760376,3.344000101089477
1KKS_A_23,C,23,13.847999572753906,0.8489999771118164,6.781000137329102
1KKS_A_24,C,24,10.381999969482422,-0.3260000050067901,10.630000114440918
