ID,resname,resid,x_1,y_1,z_1
1KP7_A_1,G,1,17.440000534057617,-7.72599983215332,12.80799961090088
1KP7_A_2,G,2,14.187999725341797,-11.305999755859377,14.722999572753906
1KP7_A_3,C,3,9.550999641418455,-13.63700008392334,17.143999099731445
1KP7_A_4,G,4,5.019000053405762,-12.081000328063965,18.000999450683594
1KP7_A_5,C,5,0.2960000038146972,-8.86299991607666,18.04700088500977
1KP7_A_6,U,6,-3.309999942779541,-6.008999824523926,16.12700080871582
1KP7_A_7,C,7,-4.954999923706055,-3.434000015258789,12.317999839782717
1KP7_A_8,A,8,-4.900000095367432,-3.765000104904175,7.25600004196167
1KP7_A_9,A,9,-9.795000076293944,-6.172999858856201,5.736999988555908
1KP7_A_10,U,10,-14.54699993133545,-10.505999565124512,5.559999942779541
1KP7_A_11,G,11,-10.126999855041504,-6.560999870300293,2.08899998664856
1KP7_A_12,C,12,-7.047999858856201,-8.152000427246094,-2.5230000019073486
1KP7_A_13,U,13,-5.835000038146973,-11.401000022888184,-6.660999774932861
1KP7_A_14,C,14,-6.879000186920166,-15.791000366210938,-9.765000343322754
1KP7_A_15,U,15,-10.767999649047852,-18.33699989318848,-10.814000129699709
1KP7_A_16,U,16,-14.711000442504885,-23.323999404907227,-13.614999771118164
1KP7_A_17,C,17,-16.68899917602539,-17.288999557495117,-9.772000312805176
1KP7_A_18,G,18,-17.437000274658203,-22.94499969482422,-6.438000202178955
1KP7_A_19,G,19,-13.182000160217283,-22.5049991607666,-4.40399980545044
1KP7_A_20,A,20,-8.11400032043457,-21.518999099731445,-4.091000080108643
1KP7_A_21,G,21,-3.4170000553131104,-18.295000076293945,-3.313999891281128
1KP7_A_22,A,22,-0.7480000257492065,-14.503999710083008,-1.4520000219345093
1KP7_A_23,C,23,-0.1209999993443489,-9.57699966430664,0.2930000126361847
1KP7_A_24,G,24,0.8679999709129333,-3.809000015258789,3.58899998664856
1KP7_A_25,A,25,1.659000039100647,-1.2730000019073486,7.931000232696533
1KP7_A_26,C,26,1.2330000400543213,-0.0149999996647238,13.1899995803833
1KP7_A_27,C,27,3.059999942779541,-1.7139999866485596,17.160999298095703
1KP7_A_28,G,28,4.486000061035156,-5.651000022888184,21.96999931335449
1KP7_A_29,C,29,8.77400016784668,-8.163000106811523,23.34600067138672
1KP7_A_30,C,30,13.736000061035156,-9.41800022125244,22.45199966430664
