ID,resname,resid,x_1,y_1,z_1
1KPD_A_1,G,1,11.416000366210938,3.013000011444092,13.83199977874756
1KPD_A_2,G,2,8.02299976348877,5.389999866485596,9.89799976348877
1KPD_A_3,C,3,6.48799991607666,7.426000118255615,4.873000144958496
1KPD_A_4,G,4,7.492000102996826,8.498000144958496,-0.0869999974966049
1KPD_A_5,C,5,9.39900016784668,8.166000366210938,-5.059999942779541
1KPD_A_6,A,6,9.611000061035156,3.000999927520752,-11.279000282287598
1KPD_A_7,G,7,4.685999870300293,-0.7509999871253967,-11.973999977111816
1KPD_A_8,U,8,-2.6989998817443848,4.7129998207092285,-15.506999969482422
1KPD_A_9,G,9,0.4860000014305115,-0.9079999923706056,-22.60700035095215
1KPD_A_10,G,10,4.138999938964844,-4.609000205993652,-20.917999267578125
1KPD_A_11,G,11,8.723999977111816,-5.9629998207092285,-19.0939998626709
1KPD_A_12,C,12,13.458000183105469,-5.131999969482422,-15.892000198364258
1KPD_A_13,U,13,15.958999633789062,-3.134000062942505,-12.003000259399414
1KPD_A_14,A,14,17.527999877929688,-1.64900004863739,-7.360000133514404
1KPD_A_15,G,15,18.20599937438965,2.66599988937378,-4.7210001945495605
1KPD_A_16,C,16,17.783000946044922,7.375,-2.025000095367432
1KPD_A_17,G,17,15.62600040435791,11.11299991607666,0.953000009059906
1KPD_A_18,C,18,13.456000328063965,13.175000190734863,5.546999931335449
1KPD_A_19,C,19,11.44499969482422,12.33899974822998,9.753000259399414
1KPD_A_20,A,20,7.973000049591064,10.03499984741211,13.001999855041504
1KPD_A_21,C,21,4.566999912261963,8.180999755859375,15.63700008392334
1KPD_A_22,U,22,1.718000054359436,11.133000373840332,12.288000106811523
1KPD_A_23,C,23,2.0380001068115234,13.175000190734863,7.76200008392334
1KPD_A_24,A,24,5.057000160217285,15.008999824523926,2.250999927520752
1KPD_A_25,A,25,7.686999797821045,14.564000129699709,-2.8550000190734863
1KPD_A_26,A,26,9.875,11.789999961853027,-6.7220001220703125
1KPD_A_27,G,27,15.479000091552734,6.758999824523926,-10.420000076293944
1KPD_A_28,G,28,15.821999549865724,4.974999904632568,-15.272000312805176
1KPD_A_29,C,29,15.611000061035156,2.032000064849853,-19.56100082397461
1KPD_A_30,C,30,13.720000267028809,-1.2100000381469729,-23.617000579833984
1KPD_A_31,C,31,9.791000366210938,-3.125999927520752,-26.440000534057617
1KPD_A_32,G,32,4.677000045776367,-1.527999997138977,-28.229999542236328
