ID,resname,resid,x_1,y_1,z_1
1L1C_C_1,G,1,-3.4110000133514404,-4.39900016784668,-21.65999984741211
1L1C_C_2,G,2,-0.503000020980835,-9.1850004196167,-20.052000045776367
1L1C_C_3,A,3,-0.0520000010728836,-11.489999771118164,-15.770999908447266
1L1C_C_4,U,4,-0.5139999985694885,-12.3149995803833,-10.70199966430664
1L1C_C_5,U,5,-3.352999925613404,-12.081000328063965,-6.334000110626221
1L1C_C_6,G,6,-7.933000087738037,-10.774999618530272,-4.0229997634887695
1L1C_C_7,U,7,-13.458999633789062,-10.814000129699709,-3.7720000743865967
1L1C_C_8,U,8,-19.2189998626709,-10.395999908447266,-0.6629999876022339
1L1C_C_9,A,9,-21.357999801635746,-7.091000080108643,-5.828000068664551
1L1C_C_10,C,10,-24.09499931335449,-8.947999954223633,-9.369999885559082
1L1C_C_11,U,11,-24.141000747680664,-12.347000122070312,-13.152999877929688
1L1C_C_12,G,12,-23.77899932861328,-17.1560001373291,-16.040000915527344
1L1C_C_13,C,13,-23.677000045776367,-22.041000366210938,-15.187999725341797
1L1C_C_14,U,14,-24.94599914550781,-26.56999969482422,-11.89900016784668
1L1C_C_15,A,15,-23.177000045776367,-31.11599922180176,-10.093999862670898
1L1C_C_16,C,16,-27.02300071716309,-26.249000549316406,-7.978000164031982
1L1C_C_17,G,17,-21.667999267578125,-28.586000442504883,-3.954999923706055
1L1C_C_18,G,18,-20.280000686645508,-24.496999740600582,-5.7729997634887695
1L1C_C_19,C,19,-17.91699981689453,-22.826000213623047,-9.85099983215332
1L1C_C_20,A,20,-16.347999572753906,-19.22800064086914,-13.350000381469728
1L1C_C_21,G,21,-17.115999221801758,-14.35099983215332,-15.407999992370604
1L1C_C_22,G,22,-16.788000106811523,-9.65999984741211,-13.937999725341797
1L1C_C_23,C,23,-14.414999961853027,-6.163000106811523,-10.64900016784668
1L1C_C_24,A,24,-10.079999923706056,-4.313000202178955,-8.4350004196167
1L1C_C_25,A,25,-4.76800012588501,-3.7079999446868896,-7.396999835968018
1L1C_C_26,A,26,1.2070000171661377,-0.0729999989271164,-5.696000099182129
1L1C_C_27,A,27,4.135000228881836,-6.961999893188477,-8.253000259399414
1L1C_C_28,C,28,6.310999870300293,-7.978000164031982,-12.769000053405762
1L1C_C_29,C,29,6.210999965667725,-7.599999904632568,-18.25900077819824
