ID,resname,resid,x_1,y_1,z_1
1L1W_A_1,G,1,17.16699981689453,-2.752000093460083,-0.4280000030994415
1L1W_A_2,G,2,14.44200038909912,0.5899999737739563,-3.265000104904175
1L1W_A_3,U,3,10.517999649047852,1.7020000219345093,-6.910999774932861
1L1W_A_4,G,4,5.90399980545044,0.6779999732971191,-9.842000007629396
1L1W_A_5,A,5,1.253000020980835,-2.2219998836517334,-10.404999732971191
1L1W_A_6,C,6,-2.299999952316284,-5.15500020980835,-7.741000175476074
1L1W_A_7,C,7,-4.40500020980835,-7.361000061035156,-3.440999984741211
1L1W_A_8,U,8,-5.039999961853027,-7.464000225067139,1.7580000162124634
1L1W_A_9,C,9,-4.729000091552734,-5.560999870300293,6.736999988555908
1L1W_A_10,C,10,-4.2220001220703125,-1.4479999542236328,10.067999839782717
1L1W_A_11,C,11,-4.651999950408936,3.818000078201294,11.031999588012695
1L1W_A_12,G,12,-7.736999988555908,7.370999813079834,11.746000289916992
1L1W_A_13,G,13,-12.281999588012695,9.232000350952148,10.105999946594238
1L1W_A_14,G,14,-18.47900009155273,10.10200023651123,8.159000396728516
1L1W_A_15,A,15,-16.604999542236328,9.234000205993652,3.9800000190734863
1L1W_A_16,G,16,-14.095000267028809,11.477999687194824,1.5429999828338623
1L1W_A_17,C,17,-8.77299976348877,11.815999984741213,1.7719999551773071
1L1W_A_18,G,18,-4.177999973297119,10.62600040435791,2.9809999465942383
1L1W_A_19,G,19,-0.4880000054836273,7.823999881744385,5.979000091552734
1L1W_A_20,G,20,1.6959999799728394,3.058000087738037,7.765999794006348
1L1W_A_21,G,21,2.361000061035156,-2.5450000762939453,7.558000087738037
1L1W_A_22,G,22,2.111000061035156,-7.395999908447266,5.145999908447266
1L1W_A_23,A,23,1.312999963760376,-10.68000030517578,0.8140000104904175
1L1W_A_24,C,24,1.7860000133514404,-11.347000122070312,-4.61899995803833
1L1W_A_25,C,25,3.558000087738037,-9.539999961853027,-8.994999885559082
1L1W_A_26,A,26,6.928999900817871,-7.328000068664551,-11.800000190734863
1L1W_A_27,C,27,10.69499969482422,-3.127000093460083,-12.59000015258789
1L1W_A_28,C,28,15.611000061035156,-1.253000020980835,-10.871999740600586
1L1W_A_29,A,29,19.8129997253418,-2.0999999046325684,-7.688000202178955
