ID,resname,resid,x_1,y_1,z_1
1LC6_A_1,G,1,-10.668999671936035,-17.67799949645996,4.209000110626221
1LC6_A_2,G,2,-10.871000289916992,-11.727999687194824,5.617000102996826
1LC6_A_3,U,3,-8.916999816894531,-6.638999938964844,5.039000034332275
1LC6_A_4,U,4,-5.486000061035156,-3.242000102996826,3.124000072479248
1LC6_A_5,C,5,-2.13100004196167,-0.8429999947547913,0.0740000009536743
1LC6_A_6,C,6,-0.238999992609024,1.7029999494552612,-3.109999895095825
1LC6_A_7,C,7,2.499000072479248,3.713000059127808,-7.599999904632568
1LC6_A_8,C,8,2.950999975204468,8.041999816894531,-11.217000007629396
1LC6_A_9,U,9,0.800000011920929,12.114999771118164,-11.484000205993652
1LC6_A_10,G,10,-0.8550000190734863,16.65999984741211,-9.967000007629396
1LC6_A_11,C,11,-2.575000047683716,22.349000930786133,-8.571000099182129
1LC6_A_12,A,12,-3.2850000858306885,21.208999633789062,-3.747999906539917
1LC6_A_13,U,13,-2.015000104904175,17.132999420166016,-2.296999931335449
1LC6_A_14,A,14,-7.415999889373779,18.24300003051757,-3.322999954223633
1LC6_A_15,A,15,-7.789000034332275,15.083999633789062,-6.755000114440918
1LC6_A_16,G,16,-7.066999912261963,10.812999725341797,-10.395000457763672
1LC6_A_17,G,17,-5.619999885559082,6.662000179290772,-14.10200023651123
1LC6_A_18,A,18,-4.040999889373779,1.534999966621399,-13.434000015258787
1LC6_A_19,U,19,-2.815999984741211,-2.7239999771118164,-12.217000007629396
1LC6_A_20,G,20,-0.0189999993890523,-6.019000053405762,-8.861000061035156
1LC6_A_21,A,21,1.7760000228881836,-7.877999782562256,-3.88100004196167
1LC6_A_22,A,22,0.9800000190734864,-8.468999862670898,1.1360000371932983
1LC6_A_23,C,23,-0.3700000047683716,-9.352999687194824,6.431000232696533
1LC6_A_24,C,24,-3.24399995803833,-12.467000007629396,9.612000465393066
