ID,resname,resid,x_1,y_1,z_1
1LDZ_A_1,G,1,14.619999885559082,5.997000217437744,4.131999969482422
1LDZ_A_2,C,2,18.71199989318848,6.09499979019165,-0.4070000052452087
1LDZ_A_3,G,3,17.259000778198242,5.26800012588501,-6.5
1LDZ_A_4,A,4,13.39900016784668,3.4809999465942383,-11.42099952697754
1LDZ_A_5,C,5,8.579999923706055,3.5980000495910645,-11.875
1LDZ_A_6,C,6,4.602000236511231,5.1479997634887695,-9.343999862670898
1LDZ_A_7,G,7,-0.6330000162124634,3.316999912261963,-7.206999778747559
1LDZ_A_8,A,8,-3.4170000553131104,7.671999931335449,-3.961999893188477
1LDZ_A_9,G,9,-3.628000020980835,11.739999771118164,-7.250999927520752
1LDZ_A_10,C,10,-4.658999919891357,11.44499969482422,-1.8609999418258667
1LDZ_A_11,C,11,-5.203000068664551,15.243000030517578,4.005000114440918
1LDZ_A_12,A,12,-4.715000152587891,20.266000747680664,4.8429999351501465
1LDZ_A_13,G,13,-1.9160000085830688,25.097999572753903,3.572000026702881
1LDZ_A_14,C,14,-0.0890000015497207,29.025999069213867,-0.4749999940395355
1LDZ_A_15,G,15,-2.875999927520752,30.08300018310547,-5.686999797821045
1LDZ_A_16,A,16,-7.007999897003174,33.1870002746582,-10.883999824523926
1LDZ_A_17,A,17,-4.019000053405762,28.85099983215332,-13.062999725341797
1LDZ_A_18,A,18,-1.1230000257492063,25.5,-13.37600040435791
1LDZ_A_19,G,19,1.9900000095367432,24.785999298095703,-9.840999603271484
1LDZ_A_20,U,20,3.703999996185303,23.996000289916992,-4.982999801635742
1LDZ_A_21,U,21,4.703999996185303,23.32699966430664,0.8709999918937683
1LDZ_A_22,G,22,3.901000022888184,19.847000122070312,4.5970001220703125
1LDZ_A_23,G,23,1.6929999589920044,15.232000350952148,5.74399995803833
1LDZ_A_24,G,24,2.3550000190734863,9.37600040435791,3.5810000896453857
1LDZ_A_25,A,25,3.236000061035156,5.373000144958496,0.6299999952316284
1LDZ_A_26,G,26,3.434999942779541,0.3009999990463257,-2.992000102996826
1LDZ_A_27,U,27,7.00600004196167,-3.0820000171661377,-6.309999942779541
1LDZ_A_28,C,28,13.03600025177002,-3.91100001335144,-8.23799991607666
1LDZ_A_29,G,29,17.72100067138672,-3.4830000400543213,-4.977000236511231
1LDZ_A_30,C,30,19.5009994506836,-1.4119999408721924,-0.6349999904632568
