ID,resname,resid,x_1,y_1,z_1
1M82_A_1,G,1,7.166999816894531,-5.02899980545044,17.215999603271484
1M82_A_2,G,2,5.89900016784668,-8.652000427246094,13.33199977874756
1M82_A_3,A,3,2.9100000858306885,-11.157999992370604,8.02400016784668
1M82_A_4,A,4,-1.1030000448226929,-9.57699966430664,4.458000183105469
1M82_A_5,G,5,-4.0879998207092285,-6.040999889373779,2.7090001106262207
1M82_A_6,C,6,-7.3379998207092285,-0.9810000061988832,1.7369999885559082
1M82_A_7,A,7,-6.918000221252441,3.6989998817443848,0.0149999996647238
1M82_A_8,G,8,-4.015999794006348,8.802000045776367,-2.0969998836517334
1M82_A_9,G,9,-1.055999994277954,10.267000198364258,-6.701000213623047
1M82_A_10,C,10,2.2780001163482666,9.41100025177002,-11.312000274658203
1M82_A_11,U,11,1.995000004768372,6.4679999351501465,-15.788999557495115
1M82_A_12,U,12,3.9779999256134033,4.940000057220459,-21.3759994506836
1M82_A_13,C,13,-0.9459999799728394,1.1929999589920044,-17.492000579833984
1M82_A_14,G,14,3.63100004196167,-3.338000059127808,-16.10700035095215
1M82_A_15,G,15,5.2220001220703125,-0.722000002861023,-12.543999671936035
1M82_A_16,C,16,6.765999794006348,3.4719998836517334,-9.210000038146973
1M82_A_17,C,17,6.267000198364258,7.653999805450439,-4.581999778747559
1M82_A_18,U,18,6.815000057220459,9.227999687194824,1.7489999532699585
1M82_A_19,U,19,2.9030001163482666,9.861000061035156,4.669000148773193
1M82_A_20,G,20,-2.9549999237060547,7.842999935150146,5.841000080108643
1M82_A_21,U,21,-5.23799991607666,2.9040000438690186,7.104000091552734
1M82_A_22,U,22,-7.085000038146973,-2.4660000801086426,8.678000450134277
1M82_A_23,U,23,-6.869999885559082,-8.190999984741211,9.998000144958496
1M82_A_24,C,24,-4.117000102996826,-11.072999954223633,12.946999549865724
1M82_A_25,C,25,0.2080000042915344,-12.85099983215332,16.527999877929688
