ID,resname,resid,x_1,y_1,z_1
1MFJ_A_1,G,1,15.770000457763672,-4.281000137329102,13.861000061035156
1MFJ_A_2,A,2,18.93899917602539,-4.140999794006348,7.717000007629394
1MFJ_A_3,C,3,16.93899917602539,-1.4170000553131104,3.595000028610229
1MFJ_A_4,A,4,13.1850004196167,1.243000030517578,1.149999976158142
1MFJ_A_5,G,5,8.70300006866455,3.989000082015991,1.36899995803833
1MFJ_A_6,U,6,5.093999862670898,7.039000034332275,3.8310000896453857
1MFJ_A_7,C,7,3.571000099182129,10.312999725341797,7.814000129699707
1MFJ_A_8,U,8,4.527999877929688,13.855999946594238,11.845999717712402
1MFJ_A_9,C,9,7.343999862670898,18.04199981689453,14.678000450134276
1MFJ_A_10,U,10,11.39900016784668,21.27300071716309,12.76099967956543
1MFJ_A_11,A,11,15.678000450134276,26.20199966430664,13.980999946594238
1MFJ_A_12,C,12,15.848999977111816,22.006000518798828,7.701000213623047
1MFJ_A_13,G,13,20.535999298095703,20.57299995422364,11.4399995803833
1MFJ_A_14,G,14,17.76300048828125,16.577999114990234,13.50100040435791
1MFJ_A_15,A,15,14.22599983215332,13.319000244140623,15.96500015258789
1MFJ_A_16,G,16,10.126999855041504,9.94499969482422,16.246999740600586
1MFJ_A_17,A,17,6.265999794006348,6.618000030517578,14.428999900817873
1MFJ_A_18,C,18,4.060999870300293,3.2170000076293945,10.939000129699709
1MFJ_A_19,U,19,4.303999900817871,-0.5170000195503235,6.867000102996826
1MFJ_A_20,G,20,6.677000045776367,-4.39300012588501,3.818000078201294
