ID,resname,resid,x_1,y_1,z_1
1MFK_A_1,G,1,-11.25,-12.993000030517578,7.493000030517578
1MFK_A_2,G,2,-6.375999927520752,-11.40999984741211,9.432000160217283
1MFK_A_3,C,3,-1.3049999475479126,-9.781000137329102,8.21500015258789
1MFK_A_4,G,4,2.4489998817443848,-8.112000465393066,5.021999835968018
1MFK_A_5,G,5,4.401999950408936,-5.625,0.5009999871253967
1MFK_A_6,U,6,2.871000051498413,-3.375999927520752,-4.27400016784668
1MFK_A_7,U,7,4.849999904632568,1.0839999914169312,-6.770999908447266
1MFK_A_8,G,8,-0.9559999704360962,-0.6959999799728394,-8.835000038146973
1MFK_A_9,C,9,-5.46999979019165,2.5369999408721924,-8.03499984741211
1MFK_A_10,A,10,-7.563000202178955,6.857999801635742,-5.442999839782715
1MFK_A_11,G,11,-6.815999984741211,10.687999725341797,-1.656000018119812
1MFK_A_12,G,12,-1.6399999856948853,13.288000106811523,-1.0959999561309814
1MFK_A_13,U,13,-1.7300000190734863,13.331000328063965,4.644000053405762
1MFK_A_14,C,14,-1.531000018119812,9.531000137329102,8.331999778747559
1MFK_A_15,U,15,-5.310999870300293,6.158999919891357,5.498000144958496
1MFK_A_16,G,16,-8.819000244140625,3.994999885559082,1.930999994277954
1MFK_A_17,C,17,-9.494000434875488,0.6869999766349792,-2.493000030517578
1MFK_A_18,A,18,-7.755000114440918,-3.219000101089477,-5.745999813079834
1MFK_A_19,C,19,-3.9489998817443848,-6.86299991607666,-6.671999931335449
1MFK_A_20,C,20,-0.1340000033378601,-10.154000282287598,-5.361999988555908
1MFK_A_21,G,21,2.3489999771118164,-12.798999786376951,-1.4199999570846558
1MFK_A_22,C,22,1.871000051498413,-14.817999839782717,3.4660000801086426
1MFK_A_23,C,23,-1.055999994277954,-17.17099952697754,7.699999809265137
