ID,resname,resid,x_1,y_1,z_1
1MFY_A_1,A,1,12.460000038146973,-11.246999740600586,3.753999948501587
1MFY_A_2,G,2,11.380000114440918,-6.068999767303467,7.192999839782715
1MFY_A_3,U,3,14.857999801635742,-0.1589999943971634,5.671000003814697
1MFY_A_4,A,4,14.505999565124512,6.103000164031982,3.436000108718872
1MFY_A_5,G,5,10.083999633789062,7.001999855041504,1.1260000467300415
1MFY_A_6,A,6,8.520000457763672,7.605999946594238,-4.2129998207092285
1MFY_A_7,A,7,5.133999824523926,5.434999942779541,-7.425000190734863
1MFY_A_8,A,8,1.919999957084656,1.4079999923706057,-8.99899959564209
1MFY_A_9,C,9,-1.1510000228881836,-2.76200008392334,-8.593000411987305
1MFY_A_10,A,10,-4.86299991607666,-4.919000148773193,-5.25600004196167
1MFY_A_11,A,11,-8.079000473022461,-7.556000232696533,-1.2239999771118164
1MFY_A_12,G,12,-11.343000411987305,-6.953000068664551,3.615999937057495
1MFY_A_13,G,13,-14.696000099182127,-3.619999885559082,6.526000022888184
1MFY_A_14,C,14,-18.049999237060547,0.9850000143051147,6.7129998207092285
1MFY_A_15,U,15,-21.15900039672852,3.3540000915527344,3.552000045776367
1MFY_A_16,U,16,-25.00300025939941,7.077000141143799,0.8989999890327454
1MFY_A_17,C,17,-21.812000274658203,2.621000051498413,-2.775000095367432
1MFY_A_18,G,18,-19.606000900268555,8.579999923706055,-5.341000080108643
1MFY_A_19,G,19,-15.402000427246094,6.817999839782715,-2.157999992370605
1MFY_A_20,C,20,-12.097999572753906,6.173999786376953,2.157999992370605
1MFY_A_21,C,21,-8.628000259399414,3.3940000534057617,5.934999942779541
1MFY_A_22,U,22,-5.834000110626221,-0.5789999961853027,6.755000114440918
1MFY_A_23,G,23,-2.430999994277954,-3.71399998664856,3.9059998989105225
1MFY_A_24,C,24,2.9210000038146973,-4.947000026702881,1.89300000667572
1MFY_A_25,U,25,3.421999931335449,-8.055999755859375,-4.150000095367432
1MFY_A_26,U,26,7.8979997634887695,-5.09499979019165,-6.857999801635742
1MFY_A_27,U,27,12.031000137329102,-1.4229999780654907,-8.619999885559082
1MFY_A_28,C,28,15.711999893188477,2.812000036239624,-7.2129998207092285
1MFY_A_29,G,29,19.92799949645996,4.5929999351501465,-2.8010001182556152
1MFY_A_30,C,30,22.49300003051757,3.049999952316284,1.7170000076293943
1MFY_A_31,U,31,25.82099914550781,-1.1970000267028809,5.452000141143799
