ID,resname,resid,x_1,y_1,z_1
1MME_D_1,G,1,14.970000267028809,-1.343000054359436,9.769000053405762
1MME_D_2,G,2,11.282999992370604,-1.7289999723434448,6.39900016784668
1MME_D_3,C,3,9.008999824523926,-0.6570000052452087,2.013000011444092
1MME_D_4,C,4,8.618000030517578,2.1619999408721924,-3.128999948501587
1MME_D_5,G,5,11.902999877929688,2.434000015258789,-6.573999881744385
1MME_D_6,A,6,14.480999946594238,5.413000106811523,-11.484999656677246
1MME_D_7,A,7,19.30599975585937,3.194000005722046,-13.914999961853027
1MME_D_8,A,8,22.538000106811523,-1.0850000381469729,-15.04800033569336
1MME_D_9,C,9,22.91399955749512,-5.802000045776367,-15.779000282287598
1MME_D_10,U,10,21.482999801635746,-10.94200038909912,-17.459999084472656
1MME_D_11,C,11,17.3799991607666,-14.175999641418455,-20.05599975585937
1MME_D_12,G,12,13.369000434875488,-12.979000091552734,-24.003999710083008
1MME_D_13,U,13,12.239999771118164,-12.58199977874756,-31.34199905395508
1MME_D_14,A,14,9.449000358581545,-9.397000312805176,-28.33699989318848
1MME_D_15,A,15,5.343999862670898,-8.17300033569336,-24.71199989318848
1MME_D_16,G,16,8.380000114440918,-8.758000373840332,-20.468000411987305
1MME_D_17,A,17,10.67199993133545,-11.539999961853027,-16.56399917602539
1MME_D_18,G,18,14.821000099182127,-12.399999618530272,-12.880000114440918
1MME_D_19,U,19,18.52199935913086,-12.437999725341797,-9.520000457763672
1MME_D_20,C,20,25.059999465942383,-14.69499969482422,-6.770999908447266
1MME_D_21,A,21,29.316999435424805,-15.876999855041504,-3.313999891281128
1MME_D_22,C,22,31.78899955749512,-14.52400016784668,0.3580000102519989
1MME_D_23,C,23,35.50600051879883,-11.401000022888184,3.713000059127808
1MME_D_24,A,24,37.52299880981445,-8.008000373840332,7.8520002365112305
1MME_D_25,C,25,36.354000091552734,-5.250999927520752,12.043999671936035
