ID,resname,resid,x_1,y_1,z_1
1MT4_A_1,G,1,12.713000297546388,-7.89900016784668,6.583000183105469
1MT4_A_2,G,2,12.093000411987305,-7.642000198364258,1.258999943733215
1MT4_A_3,C,3,9.045000076293944,-8.663999557495117,-3.006999969482422
1MT4_A_4,G,4,4.565999984741211,-9.9399995803833,-5.639999866485596
1MT4_A_5,U,5,-0.6159999966621399,-10.04599952697754,-5.111999988555908
1MT4_A_6,A,6,-5.4730000495910645,-8.862000465393066,-2.424000024795532
1MT4_A_7,A,7,-7.973000049591064,-5.427999973297119,0.8199999928474426
1MT4_A_8,C,8,-7.932000160217285,-0.9240000247955322,3.891000032424927
1MT4_A_9,G,9,-6.239999771118164,4.173999786376953,3.5309998989105225
1MT4_A_10,U,10,-5.000999927520752,9.92099952697754,1.3179999589920044
1MT4_A_11,U,11,-8.315999984741211,10.996999740600586,-1.7339999675750732
1MT4_A_12,G,12,-9.614999771118164,14.732999801635742,-7.679999828338623
1MT4_A_13,A,13,-7.163000106811523,9.496000289916992,-7.902999877929687
1MT4_A_14,A,14,-2.5179998874664307,7.526000022888184,-6.441999912261963
1MT4_A_15,A,15,2.2739999294281006,8.234999656677246,-4.15399980545044
1MT4_A_16,A,16,3.069999933242798,7.670000076293945,0.9660000205039978
1MT4_A_17,G,17,0.492000013589859,5.285999774932861,5.151999950408936
1MT4_A_18,U,18,-2.065999984741211,0.5849999785423279,7.426000118255615
1MT4_A_19,U,19,-3.437000036239624,-4.565999984741211,7.289999961853027
1MT4_A_20,A,20,-3.984999895095825,-9.59000015258789,5.139999866485596
1MT4_A_21,C,21,-2.109999895095825,-13.487000465393066,1.9759999513626096
1MT4_A_22,G,22,1.5410000085830688,-15.996999740600586,-1.1109999418258667
1MT4_A_23,C,23,6.5929999351501465,-16.368999481201172,-2.424000024795532
1MT4_A_24,C,24,11.57699966430664,-15.348999977111816,-1.034000039100647
