ID,resname,resid,x_1,y_1,z_1
1N66_A_1,G,1,-184.76300048828125,232.0379943847656,-191.6959991455078
1N66_A_2,G,2,-181.37399291992188,231.57400512695312,-196.71099853515625
1N66_A_3,A,3,-175.7779998779297,231.13800048828125,-197.5449981689453
1N66_A_4,C,4,-172.15899658203125,230.39700317382807,-194.54600524902344
1N66_A_5,C,5,-169.8300018310547,228.4709930419922,-189.4149932861328
1N66_A_6,U,6,-166.9949951171875,226.759994506836,-183.8769989013672
1N66_A_7,C,7,-166.89100646972656,222.44200134277344,-181.4810028076172
1N66_A_8,U,8,-169.1490020751953,217.5200042724609,-178.7429962158203
1N66_A_9,C,9,-171.47900390625,213.5850067138672,-180.6320037841797
1N66_A_10,G,10,-172.05999755859375,210.9149932861328,-184.8939971923828
1N66_A_11,A,11,-170.16400146484375,206.6869964599609,-191.74400329589844
1N66_A_12,A,12,-172.52499389648438,210.36599731445312,-193.00900268554688
1N66_A_13,A,13,-176.84500122070312,213.45700073242188,-192.238998413086
1N66_A_14,G,14,-177.28599548339844,216.01300048828125,-188.35400390625
1N66_A_15,A,15,-178.8470001220703,217.0449981689453,-182.593994140625
1N66_A_16,G,16,-176.3800048828125,220.1779937744141,-179.3560028076172
1N66_A_17,U,17,-173.68299865722656,224.66200256347656,-179.5500030517578
1N66_A_18,U,18,-171.05499267578125,229.4019927978516,-181.38999938964844
1N66_A_19,G,19,-170.88499450683594,233.5800018310547,-184.8509979248047
1N66_A_20,U,20,-171.24200439453125,236.0749969482422,-190.0110015869141
1N66_A_21,C,21,-174.05599975585938,238.1100006103516,-194.49400329589844
1N66_A_22,C,22,-179.05099487304688,239.43600463867188,-195.9239959716797
