ID,resname,resid,x_1,y_1,z_1
1NA2_A_1,G,1,38.77999877929688,2.95199990272522,-20.3439998626709
1NA2_A_2,G,2,38.02299880981445,1.6799999475479126,-15.534000396728516
1NA2_A_3,G,3,37.53900146484375,-0.2849999964237213,-10.746999740600586
1NA2_A_4,C,4,39.14099884033203,-3.822000026702881,-6.800000190734863
1NA2_A_5,U,5,42.50400161743164,-5.019000053405762,-4.076000213623047
1NA2_A_6,G,6,47.12200164794922,-5.046999931335449,-3.2660000324249268
1NA2_A_7,U,7,52.36100006103516,-3.562000036239624,-2.503999948501587
1NA2_A_8,U,8,56.5369987487793,-0.2989999949932098,0.0
1NA2_A_9,U,9,56.507999420166016,3.8440001010894775,2.697000026702881
1NA2_A_10,U,10,56.08100128173828,7.958000183105469,6.443999767303467
1NA2_A_11,U,11,52.74300003051758,10.31999969482422,10.390999794006348
1NA2_A_12,C,12,49.87300109863281,10.359000205993652,14.727999687194824
1NA2_A_13,U,13,48.24700164794922,6.031000137329102,18.01099967956543
1NA2_A_14,C,14,47.41899871826172,1.8289999961853027,20.982999801635746
1NA2_A_15,G,15,49.58300018310547,-0.0049999998882412,25.295000076293945
1NA2_A_16,C,16,50.47100067138672,-2.719000101089477,22.43199920654297
1NA2_A_17,U,17,51.07899856567383,-1.5490000247955322,16.9060001373291
1NA2_A_18,G,18,45.29899978637695,0.4040000140666961,15.19200038909912
1NA2_A_19,A,19,43.277000427246094,5.139999866485596,11.564000129699709
1NA2_A_20,C,20,45.26800155639648,7.183000087738037,8.262999534606934
1NA2_A_21,U,21,48.50600051879883,7.932000160217285,4.341000080108643
1NA2_A_22,U,22,52.36000061035156,6.824999809265137,0.7149999737739563
1NA2_A_23,U,23,55.5009994506836,4.017000198364258,-3.848000049591065
1NA2_A_24,C,24,54.34999847412109,0.9539999961853028,-8.156999588012695
1NA2_A_25,A,25,51.084999084472656,-1.7489999532699585,-10.00100040435791
1NA2_A_26,G,26,48.7140007019043,-7.289000034332275,-10.348999977111816
1NA2_A_27,C,27,43.88100051879883,-9.38599967956543,-11.557000160217283
1NA2_A_28,C,28,39.70100021362305,-8.645999908447266,-13.949000358581545
1NA2_A_29,C,29,35.90800094604492,-7.175000190734863,-18.70599937438965
1NA2_A_30,C,30,36.233001708984375,-4.889999866485596,-22.08699989318848
