ID,resname,resid,x_1,y_1,z_1
1NC0_A_1,G,1,-1.0019999742507937,-22.261999130249023,1.687999963760376
1NC0_A_2,G,2,1.50600004196167,-19.41699981689453,-3.311000108718872
1NC0_A_3,U,3,1.319000005722046,-14.791999816894531,-5.934999942779541
1NC0_A_4,U,4,0.1169999986886978,-9.93299961090088,-8.0
1NC0_A_5,C,5,-1.4259999990463257,-4.921999931335449,-6.934999942779541
1NC0_A_6,C,6,-2.069999933242798,-1.5829999446868896,-4.23199987411499
1NC0_A_7,C,7,-3.811000108718872,2.0739998817443848,-0.6629999876022339
1NC0_A_8,C,8,-2.75600004196167,5.618000030517578,2.7780001163482666
1NC0_A_9,U,9,-0.5260000228881836,9.649999618530272,5.00600004196167
1NC0_A_10,G,10,0.4480000138282776,14.414999961853027,5.166999816894531
1NC0_A_11,C,11,2.2920000553131104,20.28400039672852,5.8420000076293945
1NC0_A_12,A,12,4.923999786376953,20.57200050354004,2.2179999351501465
1NC0_A_13,U,13,3.913000106811523,18.72599983215332,-1.9700000286102293
1NC0_A_14,A,14,8.239999771118164,16.55900001525879,-0.31700000166893
1NC0_A_15,A,15,9.095000267028809,12.508000373840332,1.991000056266785
1NC0_A_16,G,16,7.35699987411499,8.479000091552734,3.984999895095825
1NC0_A_17,G,17,4.757999897003174,3.954999923706055,6.184000015258789
1NC0_A_18,A,18,0.9890000224113464,0.4569999873638153,8.482000350952148
1NC0_A_19,G,19,-0.7739999890327454,-2.928999900817871,6.23799991607666
1NC0_A_20,G,20,-4.868000030517578,-4.339000225067139,3.424000024795532
1NC0_A_21,A,21,-7.89900016784668,-7.019999980926514,-0.8659999966621399
1NC0_A_22,A,22,-8.270999908447266,-10.866999626159668,-3.7809998989105225
1NC0_A_23,C,23,-7.322999954223633,-15.005999565124512,-7.4629998207092285
1NC0_A_24,C,24,-5.802999973297119,-19.959999084472656,-7.5229997634887695
