ID,resname,resid,x_1,y_1,z_1
1NYB_B_1,G,1,9.361000061035156,-21.569000244140625,18.24300003051757
1NYB_B_2,G,2,7.681000232696533,-20.155000686645508,14.29800033569336
1NYB_B_3,U,3,4.166999816894531,-17.423999786376953,12.005000114440918
1NYB_B_4,U,4,-0.777999997138977,-14.696000099182127,11.8100004196167
1NYB_B_5,C,5,-4.52400016784668,-11.4350004196167,13.928000450134276
1NYB_B_6,A,6,-7.144999980926514,-8.206000328063965,17.42300033569336
1NYB_B_7,C,7,-7.539000034332275,-4.902999877929688,21.53700065612793
1NYB_B_8,C,8,-6.177999973297119,-2.0989999771118164,25.65900039672852
1NYB_B_9,U,9,-4.440000057220459,2.065999984741211,28.00300025939941
1NYB_B_10,C,10,-1.215000033378601,7.392000198364258,28.72599983215332
1NYB_B_11,U,11,-2.989000082015991,13.5,27.37800025939941
1NYB_B_12,A,12,-7.855999946594238,17.801000595092773,26.83799934387207
1NYB_B_13,A,13,-3.859999895095825,17.18600082397461,22.766000747680664
1NYB_B_14,C,14,1.4630000591278076,16.667999267578125,20.858999252319336
1NYB_B_15,C,15,4.829999923706055,12.899999618530272,22.60300064086914
1NYB_B_16,G,16,4.236999988555908,7.559999942779541,24.7549991607666
1NYB_B_17,G,17,3.509000062942505,2.565000057220459,27.29899978637696
1NYB_B_18,G,18,1.409999966621399,-2.5420000553131104,27.23900032043457
1NYB_B_19,U,19,-2.108999967575073,-6.65399980545044,27.006000518798828
1NYB_B_20,G,20,-5.432000160217285,-10.586999893188477,24.746000289916992
1NYB_B_21,A,21,-6.289999961853027,-14.697999954223633,21.17099952697754
1NYB_B_22,G,22,-4.678999900817871,-18.42200088500977,17.402999877929688
1NYB_B_23,C,23,-3.00600004196167,-21.242000579833984,13.487000465393066
1NYB_B_24,C,24,0.4620000123977661,-25.32099914550781,13.543999671936035
