ID,resname,resid,x_1,y_1,z_1
1OQ0_A_1,G,1,-4.302999973297119,-9.739999771118164,-3.944000005722046
1OQ0_A_2,A,2,-4.40500020980835,-7.646999835968018,-0.0469999983906745
1OQ0_A_3,G,3,-3.677999973297119,-4.578000068664551,4.791999816894531
1OQ0_A_4,A,4,-0.9190000295639038,-1.087000012397766,4.935999870300293
1OQ0_A_5,G,5,2.993000030517578,2.760999917984009,6.254000186920166
1OQ0_A_6,U,6,0.7720000147819519,6.860000133514404,2.369999885559082
1OQ0_A_7,U,7,-0.6150000095367432,13.083000183105469,2.4649999141693115
1OQ0_A_8,G,8,-2.119999885559082,8.199999809265137,-1.656000018119812
1OQ0_A_9,G,9,1.815000057220459,6.795000076293945,-9.597999572753906
1OQ0_A_10,G,10,5.150000095367432,2.760999917984009,-6.625
1OQ0_A_11,C,11,8.687999725341797,1.9470000267028809,-2.575000047683716
1OQ0_A_12,U,12,9.449999809265137,-1.5549999475479126,0.7580000162124634
1OQ0_A_13,C,13,7.343999862670898,-5.348999977111816,4.515999794006348
1OQ0_A_14,U,14,4.349999904632568,-10.357999801635742,5.026999950408936
1OQ0_A_15,C,15,2.08899998664856,-14.897000312805176,2.494999885559082
