ID,resname,resid,x_1,y_1,z_1
1OSW_A_1,G,1,20.027999877929688,35.94300079345703,19.691999435424805
1OSW_A_2,G,2,25.07999992370605,36.948001861572266,21.836000442504883
1OSW_A_3,A,3,29.854999542236328,34.974998474121094,23.80699920654297
1OSW_A_4,G,4,33.198001861572266,31.19799995422364,25.790000915527344
1OSW_A_5,G,5,35.375,26.0049991607666,27.07999992370605
1OSW_A_6,C,6,39.34400177001953,21.208999633789062,26.6259994506836
1OSW_A_7,G,7,45.19200134277344,19.4689998626709,26.214000701904297
1OSW_A_8,C,8,50.35300064086914,20.8759994506836,25.01499938964844
1OSW_A_9,U,9,53.617000579833984,25.09499931335449,23.65399932861328
1OSW_A_10,A,10,59.4109992980957,28.15699958801269,22.36400032043457
1OSW_A_11,C,11,52.84400177001953,30.742000579833984,22.22800064086914
1OSW_A_12,G,12,55.88100051879883,30.11000061035156,16.06800079345703
1OSW_A_13,G,13,51.48099899291992,26.62700080871582,15.82800006866455
1OSW_A_14,C,14,48.696998596191406,22.006999969482425,16.39699935913086
1OSW_A_15,G,15,45.13199996948242,17.586000442504883,18.481000900268555
1OSW_A_16,A,16,40.3489990234375,16.386999130249023,20.576000213623047
1OSW_A_17,G,17,34.763999938964844,17.815000534057617,21.621999740600582
1OSW_A_18,G,18,30.131999969482425,20.11599922180176,19.55500030517578
1OSW_A_19,C,19,30.11199951171875,20.62299919128418,24.67200088500977
1OSW_A_20,U,20,29.402999877929688,24.895000457763672,28.100000381469727
1OSW_A_21,C,21,27.981000900268555,29.81999969482422,29.624000549316406
1OSW_A_22,C,22,25.29199981689453,34.709999084472656,29.295000076293945
1OSW_A_23,A,23,,,
