ID,resname,resid,x_1,y_1,z_1
1OW9_A_1,G,1,9.994000434875488,-16.732999801635742,-6.01200008392334
1OW9_A_2,A,2,7.150000095367432,-13.605999946594238,-3.127000093460083
1OW9_A_3,G,3,5.479000091552734,-9.465999603271484,-0.1669999957084655
1OW9_A_4,C,4,4.02899980545044,-4.913000106811523,-0.8679999709129333
1OW9_A_5,G,5,1.5889999866485596,-1.0829999446868896,-3.6459999084472656
1OW9_A_6,A,6,-1.625,4.422999858856201,-5.99399995803833
1OW9_A_7,A,7,-3.9179999828338623,6.080999851226807,-10.25100040435791
1OW9_A_8,G,8,-7.215000152587891,5.02899980545044,-13.937000274658203
1OW9_A_9,A,9,-9.397000312805176,1.253000020980835,-15.848999977111816
1OW9_A_10,C,10,-11.746999740600586,-3.740999937057495,-16.5939998626709
1OW9_A_11,G,11,-16.340999603271484,-5.451000213623047,-14.6899995803833
1OW9_A_12,A,12,-22.70400047302246,-7.763000011444092,-13.345999717712402
1OW9_A_13,A,13,-20.14299964904785,-7.790999889373779,-8.987000465393066
1OW9_A_14,A,14,-16.381000518798828,-8.32800006866455,-6.317999839782715
1OW9_A_15,G,15,-12.02299976348877,-8.467000007629395,-7.11299991607666
1OW9_A_16,U,16,-8.243000030517578,-8.223999977111816,-10.243000030517578
1OW9_A_17,C,17,-5.214000225067139,-5.287000179290772,-12.723999977111816
1OW9_A_18,G,18,-1.0420000553131104,-1.6299999952316284,-11.592000007629396
1OW9_A_19,A,19,3.1470000743865967,2.5339999198913574,-12.395000457763672
1OW9_A_20,G,20,6.676000118255615,0.8019999861717224,-9.625
1OW9_A_21,C,21,10.072999954223633,-0.7720000147819519,-4.513999938964844
1OW9_A_22,U,22,12.010000228881836,-4.357999801635742,-1.74399995803833
1OW9_A_23,C,23,13.015999794006348,-8.815999984741211,-0.2820000052452087
