ID,resname,resid,x_1,y_1,z_1
1P5N_A_1,G,1,5.697000026702881,-26.57999992370605,-0.3089999854564667
1P5N_A_2,G,2,6.991000175476074,-23.45599937438965,-4.0329999923706055
1P5N_A_3,C,3,5.302000045776367,-19.78700065612793,-7.638000011444092
1P5N_A_4,A,4,2.424999952316284,-15.585000038146973,-7.855000019073486
1P5N_A_5,G,5,-0.2179999947547912,-11.409000396728516,-5.453000068664551
1P5N_A_6,A,6,-3.246000051498413,-6.6579999923706055,-4.683000087738037
1P5N_A_7,A,7,-6.163000106811523,-3.2149999141693115,-2.4230000972747803
1P5N_A_8,A,8,-9.104000091552734,-0.363999992609024,1.559999942779541
1P5N_A_9,G,9,-6.642000198364258,1.9579999446868896,4.874000072479248
1P5N_A_10,C,10,-2.367000102996826,4.245999813079834,6.686999797821045
1P5N_A_11,G,11,1.5679999589920044,8.336999893188477,6.449999809265137
1P5N_A_12,U,12,3.868000030517578,11.67199993133545,3.213000059127808
1P5N_A_13,C,13,4.611999988555908,14.557000160217283,-1.6729999780654907
1P5N_A_14,U,14,3.0309998989105225,17.224000930786133,-5.813000202178955
1P5N_A_15,A,15,0.5640000104904175,19.381000518798828,-10.701000213623049
1P5N_A_16,G,16,-2.2709999084472656,19.92099952697754,-16.17099952697754
1P5N_A_17,C,17,-5.270999908447266,26.23600006103516,-11.47700023651123
1P5N_A_18,C,18,-7.656000137329102,22.43000030517578,-9.314000129699709
1P5N_A_19,A,19,-6.921999931335449,16.246999740600586,-6.804999828338623
1P5N_A_20,U,20,-7.86299991607666,13.871000289916992,-10.98900032043457
1P5N_A_21,G,21,-2.5439999103546143,12.810999870300291,-9.217000007629396
1P5N_A_22,G,22,2.1419999599456787,10.07800006866455,-7.290999889373779
1P5N_A_23,C,23,5.480000019073486,7.920000076293945,-3.299000024795532
1P5N_A_24,G,24,5.797999858856201,4.558000087738037,0.375
1P5N_A_25,U,25,3.4590001106262207,1.5199999809265137,3.384999990463257
1P5N_A_26,U,26,0.1110000014305114,-1.909000039100647,3.427000045776367
1P5N_A_27,A,27,3.336999893188477,-6.852000236511231,2.671999931335449
1P5N_A_28,G,28,5.456999778747559,-9.248000144958496,-0.4309999942779541
1P5N_A_29,U,29,0.5649999976158142,-9.29300022125244,3.88700008392334
1P5N_A_30,A,30,-5.5329999923706055,-10.352999687194824,2.062999963760376
1P5N_A_31,U,31,-5.823999881744385,-13.52400016784668,-1.9730000495910645
1P5N_A_32,G,32,-4.785999774932861,-17.180999755859375,-5.861999988555908
1P5N_A_33,C,33,-2.0360000133514404,-21.077999114990234,-8.805999755859375
1P5N_A_34,C,34,0.7459999918937683,-25.68400001525879,-7.848999977111816
