ID,resname,resid,x_1,y_1,z_1
1PJY_A_1,G,1,-8.378000259399414,-16.433000564575195,10.149999618530272
1PJY_A_2,G,2,-6.423999786376953,-12.784000396728516,13.729999542236328
1PJY_A_3,C,3,-2.9189999103546143,-8.708000183105469,15.583000183105469
1PJY_A_4,C,4,1.003999948501587,-4.686999797821045,15.434000015258787
1PJY_A_5,U,5,4.605999946594238,-1.0809999704360962,13.286999702453612
1PJY_A_6,U,6,7.472000122070312,2.7230000495910645,9.803000450134276
1PJY_A_7,C,7,7.938000202178955,6.689000129699707,5.758999824523926
1PJY_A_8,C,8,6.039000034332275,10.416999816894531,1.7029999494552612
1PJY_A_9,C,9,2.1610000133514404,14.02299976348877,-0.125
1PJY_A_10,A,10,-1.3600000143051147,16.545000076293945,2.572000026702881
1PJY_A_11,C,11,-2.888999938964844,17.930999755859375,6.828000068664551
1PJY_A_12,A,12,-7.309000015258789,15.656000137329102,6.841000080108643
1PJY_A_13,A,13,-8.128000259399414,11.322999954223633,4.978000164031982
1PJY_A_14,G,14,-6.989999771118164,9.154000282287598,1.2769999504089355
1PJY_A_15,G,15,-3.1419999599456787,6.789000034332275,-2.2160000801086426
1PJY_A_16,G,16,1.8509999513626096,3.884999990463257,-2.316999912261963
1PJY_A_17,A,17,5.593999862670898,0.5849999785423279,-0.2610000073909759
1PJY_A_18,A,18,7.61899995803833,-2.928999900817871,3.562000036239624
1PJY_A_19,G,19,8.01099967956543,-6.936999797821045,7.676000118255615
1PJY_A_20,G,20,6.764999866485596,-10.734999656677246,11.5
1PJY_A_21,C,21,3.938999891281128,-14.458999633789062,14.418999671936035
1PJY_A_22,C,22,0.135000005364418,-18.56599998474121,16.121999740600586
