ID,resname,resid,x_1,y_1,z_1
1Q75_A_1,G,1,-11.395999908447266,6.8379998207092285,4.920000076293945
1Q75_A_2,G,2,-10.916000366210938,5.7820000648498535,-1.1549999713897705
1Q75_A_3,C,3,-7.077000141143799,4.104000091552734,-5.169000148773193
1Q75_A_4,U,4,-3.0989999771118164,1.6710000038146973,-6.929999828338623
1Q75_A_5,C,5,1.9709999561309808,-1.1820000410079956,-6.663000106811523
1Q75_A_6,U,6,3.23799991607666,-5.910999774932861,-5.559999942779541
1Q75_A_7,C,7,11.42199993133545,-6.809000015258789,-6.5229997634887695
1Q75_A_8,A,8,4.580999851226807,-10.20699977874756,-4.742000102996826
1Q75_A_9,G,9,6.585999965667725,-8.050999641418457,2.812000036239624
1Q75_A_10,U,10,-0.5789999961853027,-4.576000213623047,6.896999835968018
1Q75_A_11,G,11,6.021999835968018,-3.2079999446868896,3.0460000038146973
1Q75_A_12,A,12,5.118000030517578,1.1740000247955322,0.4079999923706054
1Q75_A_13,G,13,3.203000068664551,5.789000034332275,-2.805999994277954
1Q75_A_14,C,14,-0.8460000157356262,9.26200008392334,-3.947000026702881
1Q75_A_15,C,15,-6.184999942779541,12.149999618530272,-2.931999921798706
