ID,resname,resid,x_1,y_1,z_1
1QC8_A_1,G,1,71.625,-13.321999549865724,14.222000122070312
1QC8_A_2,G,2,66.61900329589844,-11.451000213623049,13.07699966430664
1QC8_A_3,C,3,63.19400024414063,-8.28600025177002,15.78499984741211
1QC8_A_4,A,4,61.12699890136719,-3.700000047683716,19.10400009155273
1QC8_A_5,G,5,63.56399917602539,-1.82099997997284,23.31399917602539
1QC8_A_6,U,6,67.41000366210938,0.3070000112056732,26.22800064086914
1QC8_A_7,G,7,72.02899932861328,2.380000114440918,29.29199981689453
1QC8_A_8,U,8,75.4280014038086,6.068999767303467,28.25
1QC8_A_9,G,9,79.2509994506836,9.609000205993652,26.083999633789062
1QC8_A_10,A,10,78.48200225830078,13.192999839782717,21.757999420166016
1QC8_A_11,G,11,74.64900207519531,17.56800079345703,20.95599937438965
1QC8_A_12,U,12,70.46800231933594,18.150999069213867,24.20800018310547
1QC8_A_13,A,13,65.73200225830078,16.490999221801758,21.677000045776367
1QC8_A_14,C,14,61.71699905395508,17.868999481201172,24.07200050354004
1QC8_A_15,C,15,61.72800064086914,16.17799949645996,16.13599967956543
1QC8_A_16,U,16,65.51499938964844,12.984999656677246,15.710000038146973
1QC8_A_17,U,17,70.26300048828125,11.119000434875488,15.694000244140623
1QC8_A_18,C,18,75.76200103759766,8.885000228881836,16.145000457763672
1QC8_A_19,A,19,79.1729965209961,4.830999851226807,18.29700088500977
1QC8_A_20,C,20,79.41600036621094,0.6690000295639038,21.71199989318848
1QC8_A_21,A,21,77.16999816894531,-2.867000102996826,24.62299919128418
1QC8_A_22,C,22,72.91000366210938,-5.208000183105469,26.55900001525879
1QC8_A_23,G,23,67.06900024414062,-8.227999687194824,25.79599952697754
1QC8_A_24,U,24,66.24800109863281,-13.213000297546388,21.951000213623047
1QC8_A_25,C,25,69.76699829101562,-17.718000411987305,20.14800071716309
