ID,resname,resid,x_1,y_1,z_1
1QFQ_A_1,G,1,10.125,-17.509000778198242,4.718999862670898
1QFQ_A_2,C,2,4.662000179290772,-16.39299964904785,4.942999839782715
1QFQ_A_3,C,3,1.378000020980835,-12.809000015258787,5.714000225067139
1QFQ_A_4,C,4,-1.4850000143051147,-8.350000381469727,7.678999900817871
1QFQ_A_5,U,5,-1.5099999904632568,-3.463000059127808,8.270999908447266
1QFQ_A_6,G,6,-0.1469999998807907,1.4279999732971191,5.093999862670898
1QFQ_A_7,A,7,-1.5850000381469729,3.86299991607666,-0.3149999976158142
1QFQ_A_8,A,8,3.13700008392334,3.578000068664551,0.2280000001192093
1QFQ_A_9,A,9,7.848999977111816,3.8989999294281006,-3.552999973297119
1QFQ_A_10,A,10,7.870999813079834,4.769999980926514,5.114999771118164
1QFQ_A_11,A,11,6.902999877929688,2.5269999504089355,9.461999893188477
1QFQ_A_12,G,12,5.625999927520752,-1.1690000295639038,11.480999946594238
1QFQ_A_13,G,13,3.257999897003174,-6.210999965667725,14.057000160217283
1QFQ_A_14,G,14,1.9709999561309808,-12.0649995803833,14.430999755859377
1QFQ_A_15,C,15,4.519000053405762,-16.69700050354004,13.928999900817873
