ID,resname,resid,x_1,y_1,z_1
1QWA_A_1,G,1,-1.4889999628067017,-16.9950008392334,-11.843000411987305
1QWA_A_2,G,2,-6.665999889373779,-13.680999755859377,-10.506999969482422
1QWA_A_3,A,3,-7.263000011444092,-9.156000137329102,-7.533999919891357
1QWA_A_4,U,4,-8.197999954223633,-5.322999954223633,-3.697999954223633
1QWA_A_5,G,5,-8.40999984741211,-1.6119999885559082,0.4550000131130218
1QWA_A_6,C,6,-4.813000202178955,2.125,2.7880001068115234
1QWA_A_7,C,7,-1.7719999551773071,5.75600004196167,4.864999771118164
1QWA_A_8,U,8,2.7660000324249268,8.220000267028809,4.890999794006348
1QWA_A_9,C,9,6.434999942779541,12.246999740600586,3.825999975204468
1QWA_A_10,C,10,11.815999984741213,15.805999755859377,2.5829999446868896
1QWA_A_11,C,11,6.525000095367432,18.29400062561035,-0.890999972820282
1QWA_A_12,G,12,10.5,14.376999855041504,-4.39300012588501
1QWA_A_13,A,13,7.0,11.00100040435791,-4.026000022888184
1QWA_A_14,G,14,5.183000087738037,6.519000053405762,-2.95199990272522
1QWA_A_15,U,15,9.223999977111816,3.67300009727478,2.614000082015991
1QWA_A_16,G,16,5.630000114440918,0.1889999955892563,0.7829999923706055
1QWA_A_17,C,17,1.838000059127808,-3.5,3.484999895095825
1QWA_A_18,A,18,-2.055000066757202,-7.829999923706055,4.216000080108643
1QWA_A_19,U,19,-5.176000118255615,-11.470000267028809,2.763999938964844
1QWA_A_20,C,20,-8.477999687194824,-14.460000038146973,-0.1089999973773956
1QWA_A_21,C,21,-9.657999992370604,-16.976999282836914,-4.89900016784668
