ID,resname,resid,x_1,y_1,z_1
1QWB_A_1,G,1,-7.915999889373779,7.189000129699707,6.872000217437744
1QWB_A_2,G,2,-4.499000072479248,3.2769999504089355,5.129000186920166
1QWB_A_3,A,3,-3.305000066757202,-1.9019999504089355,3.634000062942505
1QWB_A_4,C,4,-2.763999938964844,-5.73799991607666,0.1749999970197677
1QWB_A_5,A,5,-2.384999990463257,-8.343000411987305,-5.011000156402588
1QWB_A_6,C,6,-1.8630000352859497,-8.553000450134277,-11.09000015258789
1QWB_A_7,G,7,1.24399995803833,-6.335000038146973,-13.288999557495115
1QWB_A_8,A,8,-0.2430000007152557,-5.2729997634887695,-19.22599983215332
1QWB_A_9,A,9,-0.7580000162124634,-2.4679999351501465,-24.65699958801269
1QWB_A_10,A,10,2.5160000324249268,-0.5950000286102295,-27.79199981689453
1QWB_A_11,U,11,5.574999809265137,0.2329999953508377,-31.00300025939941
1QWB_A_12,C,12,9.97599983215332,3.000999927520752,-31.06999969482422
1QWB_A_13,C,13,16.093000411987305,2.937999963760376,-30.48600006103516
1QWB_A_14,C,14,16.155000686645508,9.765999794006348,-27.777999877929688
1QWB_A_15,G,15,13.357000350952148,6.063000202178955,-25.448999404907227
1QWB_A_16,A,16,6.5879998207092285,3.9809999465942383,-23.40900039672852
1QWB_A_17,A,17,8.166000366210938,-0.2179999947547912,-18.12700080871582
1QWB_A_18,G,18,8.300999641418457,-0.7099999785423279,-12.878000259399414
1QWB_A_19,U,19,4.662000179290772,2.999000072479248,-16.131000518798828
1QWB_A_20,A,20,-0.0450000017881393,3.062000036239624,-14.911999702453612
1QWB_A_21,G,21,-4.934999942779541,0.6919999718666077,-15.45300006866455
1QWB_A_22,U,22,-7.557000160217285,-1.8450000286102293,-12.027999877929688
1QWB_A_23,G,23,-10.364999771118164,-5.10699987411499,-7.626999855041504
1QWB_A_24,U,24,-10.777999877929688,-5.98199987411499,-2.2739999294281006
1QWB_A_25,C,25,-10.666999816894531,-5.22599983215332,2.9679999351501465
1QWB_A_26,C,26,-8.979000091552734,-3.380000114440918,7.631999969482422
