ID,resname,resid,x_1,y_1,z_1
1R2P_A_1,G,1,11.781000137329102,-32.49100112915039,7.645999908447266
1R2P_A_2,A,2,7.855000019073486,-30.413000106811523,4.142000198364258
1R2P_A_3,G,3,3.5160000324249268,-27.59199905395508,2.3010001182556152
1R2P_A_4,C,4,0.4629999995231628,-23.621999740600582,2.877000093460083
1R2P_A_5,C,5,-1.2890000343322754,-18.554000854492188,3.697000026702881
1R2P_A_6,G,6,-1.1979999542236328,-13.394000053405762,4.539000034332275
1R2P_A_7,U,7,0.4090000092983246,-8.892000198364258,3.799999952316284
1R2P_A_8,A,8,3.2730000019073486,-4.499000072479248,2.4130001068115234
1R2P_A_9,U,9,3.549999952316284,0.5109999775886536,-0.1180000007152557
1R2P_A_10,G,10,2.7850000858306885,5.980000019073486,-2.265000104904175
1R2P_A_11,C,11,2.4210000038146973,11.428000450134276,-4.589000225067139
1R2P_A_12,G,12,0.6420000195503235,16.136999130249023,-5.245999813079834
1R2P_A_13,A,13,-2.970000028610229,20.63400077819824,-4.672999858856201
1R2P_A_14,U,14,-4.6579999923706055,24.17399978637696,-1.847000002861023
1R2P_A_15,G,15,-2.825999975204468,27.27499961853028,2.0
1R2P_A_16,A,16,2.3510000705718994,29.63400077819824,5.992000102996826
1R2P_A_17,A,17,1.7990000247955322,25.38500022888184,7.724999904632568
1R2P_A_18,A,18,-0.6990000009536743,21.79400062561035,9.934000015258787
1R2P_A_19,G,19,-6.050000190734863,21.14900016784668,8.42199993133545
1R2P_A_20,U,20,-8.1899995803833,19.518999099731445,4.287000179290772
1R2P_A_21,C,21,-8.760000228881836,17.690000534057617,-0.9919999837875366
1R2P_A_22,G,22,-7.909999847412109,13.701000213623049,-4.514999866485596
1R2P_A_23,C,23,-6.254000186920166,8.543999671936035,-6.203999996185303
1R2P_A_24,A,24,-5.284999847412109,3.6570000648498535,-6.954999923706055
1R2P_A_25,C,25,-2.720000028610229,-0.2129999995231628,-5.414999961853027
1R2P_A_26,G,26,-0.5120000243186951,-5.021999835968018,-6.741000175476074
1R2P_A_27,U,27,4.78000020980835,-4.085999965667725,-8.532999992370605
1R2P_A_28,A,28,5.822000026702881,-6.354000091552734,-4.047999858856201
1R2P_A_29,C,29,7.38100004196167,-9.277999877929688,0.7730000019073486
1R2P_A_30,G,30,6.7170000076293945,-12.281999588012695,4.803999900817871
1R2P_A_31,G,31,4.652999877929688,-15.522000312805176,8.461999893188477
1R2P_A_32,U,32,2.933000087738037,-19.802000045776367,9.44200038909912
1R2P_A_33,U,33,1.2829999923706057,-24.88800048828125,9.602999687194824
1R2P_A_34,C,34,1.4889999628067017,-30.312000274658203,9.027999877929688
