ID,resname,resid,x_1,y_1,z_1
1R4H_A_1,G,1,-8.425000190734863,-1.950000047683716,13.786999702453612
1R4H_A_2,G,2,-8.277000427246094,0.7749999761581421,9.300000190734863
1R4H_A_3,G,3,-5.669000148773193,2.372999906539917,5.3420000076293945
1R4H_A_4,C,4,-1.9220000505447388,3.974999904632568,2.365000009536743
1R4H_A_5,A,5,2.321000099182129,0.9800000190734864,2.190999984741211
1R4H_A_6,A,6,5.105999946594238,3.5280001163482666,5.368000030517578
1R4H_A_7,G,7,4.757999897003174,5.739999771118164,8.975000381469727
1R4H_A_8,C,8,1.2170000076293943,7.874000072479248,11.434000015258787
1R4H_A_9,C,9,-3.881999969482422,8.843999862670898,13.88599967956543
1R4H_A_10,C,10,-8.904999732971191,6.886000156402588,17.29199981689453
