ID,resname,resid,x_1,y_1,z_1
1R7W_A_1,G,1,9.753999710083008,16.50200080871582,-18.1259994506836
1R7W_A_2,G,2,12.217000007629396,19.31800079345703,-13.770999908447266
1R7W_A_3,A,3,14.184000015258787,24.224000930786133,-12.460000038146973
1R7W_A_4,G,4,14.694000244140623,30.089000701904297,-12.173999786376951
1R7W_A_5,G,5,13.015999794006348,35.15399932861328,-13.506999969482422
1R7W_A_6,A,6,9.79599952697754,39.297000885009766,-16.007999420166016
1R7W_A_7,C,7,5.065999984741211,41.53300094604492,-17.91200065612793
1R7W_A_8,A,8,-0.0839999988675117,41.417999267578125,-18.256999969482425
1R7W_A_9,U,9,-5.434999942779541,39.71900177001953,-18.18899917602539
1R7W_A_10,C,10,-7.682000160217285,36.07699966430664,-17.28499984741211
1R7W_A_11,C,11,-6.306000232696533,36.25,-10.18000030517578
1R7W_A_12,C,12,-11.380999565124512,39.96900177001953,-11.468000411987305
1R7W_A_13,U,13,-18.450000762939453,41.56399917602539,-12.51099967956543
1R7W_A_14,C,14,-12.885000228881836,39.45100021362305,-17.590999603271484
1R7W_A_15,A,15,-13.486000061035156,35.402000427246094,-20.827999114990234
1R7W_A_16,C,16,-14.94499969482422,29.98200035095215,-22.270999908447266
1R7W_A_17,G,17,-17.774999618530273,25.336000442504883,-21.96299934387207
1R7W_A_18,G,18,-21.72699928283692,21.90999984741211,-19.600000381469727
1R7W_A_19,G,19,-26.766000747680664,21.983999252319336,-17.365999221801758
1R7W_A_20,U,20,-34.672000885009766,21.61800003051757,-16.79199981689453
1R7W_A_21,G,21,-32.28200149536133,25.04199981689453,-13.19499969482422
1R7W_A_22,A,22,-29.84000015258789,26.36800003051757,-8.74899959564209
1R7W_A_23,C,23,-25.065000534057617,26.474000930786133,-10.142000198364258
1R7W_A_24,C,24,-20.739999771118164,23.68199920654297,-11.678000450134276
1R7W_A_25,G,25,-15.541999816894531,23.308000564575195,-14.557000160217283
1R7W_A_26,U,26,-11.149999618530272,25.94300079345703,-16.760000228881836
1R7W_A_27,G,27,-7.953000068664551,30.301000595092773,-17.094999313354492
1R7W_A_28,G,28,-2.6619999408721924,34.26100158691406,-20.76499938964844
1R7W_A_29,U,29,2.477999925613404,35.73600006103516,-23.10700035095215
1R7W_A_30,C,30,7.892000198364258,36.14899826049805,-23.17799949645996
1R7W_A_31,C,31,13.027000427246094,35.02000045776367,-21.465999603271484
1R7W_A_32,U,32,17.25200080871582,31.98600006103516,-19.229999542236328
1R7W_A_33,C,33,19.23200035095215,27.006999969482425,-17.04400062561035
1R7W_A_34,C,34,19.499000549316406,20.795000076293945,-17.486000061035156
