ID,resname,resid,x_1,y_1,z_1
1R7Z_A_1,G,1,-0.3059999942779541,-11.633999824523926,2.3980000019073486
1R7Z_A_2,G,2,3.2109999656677246,-12.123000144958496,6.452000141143799
1R7Z_A_3,A,3,8.519000053405762,-11.416000366210938,9.713000297546388
1R7Z_A_4,G,4,12.781000137329102,-7.875,9.98799991607666
1R7Z_A_5,G,5,14.98799991607666,-2.75,8.140999794006348
1R7Z_A_6,A,6,14.659000396728516,1.899999976158142,5.302000045776367
1R7Z_A_7,C,7,12.189000129699709,5.179999828338623,2.3320000171661377
1R7Z_A_8,A,8,7.666999816894531,7.86899995803833,0.6489999890327454
1R7Z_A_9,U,9,2.325999975204468,9.628000259399414,2.2100000381469727
1R7Z_A_10,U,10,-1.621000051498413,14.847000122070312,5.019999980926514
1R7Z_A_11,C,11,-7.056000232696533,14.30500030517578,2.0829999446868896
1R7Z_A_12,C,12,-11.508000373840332,11.90999984741211,7.3520002365112305
1R7Z_A_13,U,13,-13.420000076293944,8.218000411987305,3.8519999980926514
1R7Z_A_14,C,14,-9.336000442504885,10.05799961090088,0.8730000257492065
1R7Z_A_15,A,15,-8.196000099182129,4.90399980545044,-0.3529999852180481
1R7Z_A_16,C,16,-7.275000095367432,-0.421999990940094,-1.093000054359436
1R7Z_A_17,G,17,-7.611999988555908,-5.90399980545044,-0.5809999704360962
1R7Z_A_18,G,18,-10.541000366210938,-10.538000106811523,-0.4769999980926513
1R7Z_A_19,G,19,-15.435999870300291,-13.138999938964844,-3.049999952316284
1R7Z_A_20,U,20,-19.99799919128418,-17.00200080871582,-6.73199987411499
1R7Z_A_21,G,21,-22.266000747680664,-12.93000030517578,-3.164999961853028
1R7Z_A_22,A,22,-24.08699989318848,-10.83899974822998,0.640999972820282
1R7Z_A_23,C,23,-20.565000534057617,-8.661999702453613,3.0339999198913574
1R7Z_A_24,C,24,-16.100000381469727,-8.109999656677246,5.730999946594238
1R7Z_A_25,G,25,-11.220999717712402,-6.5229997634887695,6.559999942779541
1R7Z_A_26,U,26,-7.546999931335449,-2.861999988555908,5.730000019073486
1R7Z_A_27,G,27,-3.63100004196167,1.1929999589920044,4.227000236511231
1R7Z_A_28,G,28,2.0220000743865967,3.641999959945679,-0.4149999916553497
1R7Z_A_29,U,29,6.526999950408936,1.503999948501587,-2.7709999084472656
1R7Z_A_30,C,30,11.039999961853027,-0.4449999928474426,-1.7940000295639038
1R7Z_A_31,C,31,15.5,-3.390000104904175,0.8939999938011169
1R7Z_A_32,U,32,15.883999824523926,-9.192999839782717,3.1059999465942383
1R7Z_A_33,C,33,13.529999732971191,-13.461999893188477,3.7090001106262207
1R7Z_A_34,C,34,9.173999786376951,-16.489999771118164,3.9779999256134033
