ID,resname,resid,x_1,y_1,z_1
1RFR_A_1,G,1,-7.513000011444092,-22.87299919128418,5.901999950408936
1RFR_A_2,G,2,-3.052000045776367,-19.99799919128418,6.440999984741211
1RFR_A_3,C,3,-1.0470000505447388,-15.572999954223633,4.935999870300293
1RFR_A_4,A,4,1.5779999494552612,-11.946000099182127,1.9830000400543213
1RFR_A_5,C,5,1.924999952316284,-8.859000205993652,-1.9859999418258667
1RFR_A_6,U,6,-1.0509999990463257,-6.401000022888184,-5.353000164031982
1RFR_A_7,C,7,-3.986999988555908,-2.515000104904175,-7.517000198364258
1RFR_A_8,U,8,-8.855999946594238,0.7639999985694885,-8.015000343322754
1RFR_A_9,G,9,-11.61400032043457,4.203000068664551,-5.683000087738037
1RFR_A_10,G,10,-12.571000099182127,6.902999877929688,-1.3609999418258667
1RFR_A_11,U,11,-11.0649995803833,9.3149995803833,3.200000047683716
1RFR_A_12,A,12,-8.932000160217285,12.194000244140623,6.429999828338623
1RFR_A_13,U,13,-4.3460001945495605,14.4350004196167,7.59600019454956
1RFR_A_14,C,14,-0.488999992609024,17.607999801635742,5.699999809265137
1RFR_A_15,A,15,4.165999889373779,22.13599967956543,4.234000205993652
1RFR_A_16,C,16,-2.38700008392334,21.54400062561035,0.3779999911785126
1RFR_A_17,G,17,3.6649999618530273,20.099000930786133,-2.539999961853028
1RFR_A_18,G,18,2.130000114440918,15.314000129699709,-0.6610000133514404
1RFR_A_19,U,19,1.402999997138977,11.277999877929688,2.315000057220459
1RFR_A_20,A,20,-0.6140000224113464,7.592000007629394,5.206999778747559
1RFR_A_21,C,21,-4.906000137329102,5.166999816894531,5.888999938964844
1RFR_A_22,C,22,-9.190999984741213,2.684999942779541,4.611000061035156
1RFR_A_23,U,23,-11.392999649047852,0.0970000028610229,0.7379999756813049
1RFR_A_24,U,24,-11.628000259399414,-2.377000093460083,-3.8540000915527344
1RFR_A_25,U,25,-9.276000022888184,-5.372000217437744,-7.51800012588501
1RFR_A_26,G,26,-5.960999965667725,-9.04300022125244,-9.04599952697754
1RFR_A_27,U,27,-1.7899999618530271,-12.494999885559082,-8.295999526977539
1RFR_A_28,G,28,1.3960000276565552,-15.388999938964844,-5.809999942779541
1RFR_A_29,U,29,3.069999933242798,-18.45800018310547,-1.756999969482422
1RFR_A_30,C,30,2.500999927520752,-22.18899917602539,2.1549999713897705
