ID,resname,resid,x_1,y_1,z_1
1RHT_A_1,G,1,9.36400032043457,-5.64300012588501,8.156000137329102
1RHT_A_2,G,2,5.104000091552734,-8.668999671936035,7.940000057220459
1RHT_A_3,G,3,1.7280000448226929,-9.677000045776367,5.785999774932861
1RHT_A_4,A,4,-2.289999961853028,-7.309000015258789,3.74399995803833
1RHT_A_5,C,5,-6.76800012588501,-5.326000213623047,2.5859999656677246
1RHT_A_6,U,6,-9.645999908447266,-3.2679998874664307,-1.491000056266785
1RHT_A_7,G,7,-6.810999870300293,-0.7609999775886536,-5.058000087738037
1RHT_A_8,A,8,-8.300000190734863,3.608000040054321,-8.657999992370605
1RHT_A_9,C,9,-5.131999969482422,6.531000137329102,-11.24899959564209
1RHT_A_10,G,10,-0.5389999747276306,8.942999839782715,-12.032999992370604
1RHT_A_11,A,11,4.4730000495910645,9.657999992370604,-13.71500015258789
1RHT_A_12,U,12,7.374000072479248,6.02400016784668,-14.503999710083008
1RHT_A_13,C,13,10.109000205993652,5.173999786376953,-11.923999786376951
1RHT_A_14,A,14,9.779000282287598,3.8959999084472656,-7.289999961853027
1RHT_A_15,C,15,6.998000144958496,6.826000213623047,-6.853000164031982
1RHT_A_16,G,16,2.941999912261963,8.47599983215332,-4.451000213623047
1RHT_A_17,C,17,-2.23799991607666,8.798999786376953,-3.463000059127808
1RHT_A_18,A,18,-6.73199987411499,6.784999847412109,-1.6150000095367432
1RHT_A_19,G,19,-8.564000129699707,4.464000225067139,2.365000009536743
1RHT_A_20,U,20,-7.288000106811523,0.4659999907016754,5.315999984741211
1RHT_A_21,C,21,-4.0320000648498535,-1.6920000314712524,8.494000434875488
1RHT_A_22,U,22,-1.8339999914169312,-4.441999912261963,12.517000198364258
1RHT_A_23,A,23,2.309999942779541,-6.798999786376953,13.281999588012695
1RHT_A_24,U,24,7.480000019073486,-5.0970001220703125,13.199999809265137
