ID,resname,resid,x_1,y_1,z_1
1RNG_A_1,G,1,-1.6469999551773071,-6.409999847412109,-6.132999897003174
1RNG_A_2,G,2,-6.367000102996826,-5.548999786376953,-2.634999990463257
1RNG_A_3,C,3,-8.375,-3.825000047683716,2.91599988937378
1RNG_A_4,G,4,-8.10200023651123,0.4749999940395355,5.162000179290772
1RNG_A_5,C,5,-5.548999786376953,4.368000030517578,6.385000228881836
1RNG_A_6,U,6,-1.0420000553131104,5.007999897003174,7.978000164031982
1RNG_A_7,U,7,0.6129999756813049,5.728000164031982,1.4270000457763672
1RNG_A_8,G,8,3.7780001163482666,2.871000051498413,3.559000015258789
1RNG_A_9,C,9,1.9229999780654907,-0.163000002503395,8.371000289916992
1RNG_A_10,G,10,0.0820000022649765,-4.210999965667725,8.73799991607666
1RNG_A_11,U,11,-3.26200008392334,-6.901000022888184,6.85099983215332
1RNG_A_12,C,12,-6.9079999923706055,-9.593000411987305,2.0239999294281006
