ID,resname,resid,x_1,y_1,z_1
1RNK_A_1,G,1,4.264999866485596,1.955000042915344,-10.866999626159668
1RNK_A_2,G,2,-0.6150000095367432,2.2309999465942383,-9.279000282287598
1RNK_A_3,C,3,-5.801000118255615,0.0160000007599592,-8.399999618530273
1RNK_A_4,G,4,-8.508999824523926,-3.91100001335144,-6.874000072479248
1RNK_A_5,C,5,-10.376999855041504,-8.09000015258789,-4.3460001945495605
1RNK_A_6,A,6,-15.161999702453612,-4.993000030517578,0.9340000152587892
1RNK_A_7,G,7,-17.687999725341797,-2.065999984741211,0.1889999955892563
1RNK_A_8,U,8,-22.23200035095215,-0.0970000028610229,7.623000144958496
1RNK_A_9,G,9,-18.481000900268555,-2.226999998092652,10.937999725341797
1RNK_A_10,G,10,-16.235000610351562,-6.064000129699707,13.248000144958496
1RNK_A_11,G,11,-14.427000045776367,-11.678999900817873,13.864999771118164
1RNK_A_12,C,12,-10.845999717712402,-15.425000190734863,10.121999740600586
1RNK_A_13,U,13,-6.977000236511231,-14.38700008392334,6.314000129699707
1RNK_A_14,A,14,-2.921999931335449,-14.633999824523926,2.7230000495910645
1RNK_A_15,G,15,-2.282999992370605,-14.40999984741211,-2.013000011444092
1RNK_A_16,C,16,-2.9800000190734863,-12.843999862670898,-6.459000110626221
1RNK_A_17,G,17,-5.116000175476074,-10.354999542236328,-10.562999725341797
1RNK_A_18,C,18,-5.839000225067139,-5.98799991607666,-13.463000297546388
1RNK_A_19,C,19,-5.071000099182129,-1.4140000343322754,-15.100000381469728
1RNK_A_20,A,20,-2.3989999294281006,2.572000026702881,-15.293999671936035
1RNK_A_21,C,21,2.058000087738037,4.933000087738037,-17.006000518798828
1RNK_A_22,U,22,-0.574999988079071,6.198999881744385,-23.01000022888184
1RNK_A_23,C,23,-6.727000236511231,3.2699999809265137,-23.722000122070312
1RNK_A_24,A,24,-11.220999717712402,-0.3440000116825104,-20.3439998626709
1RNK_A_25,A,25,-11.961000442504885,-4.195000171661377,-16.44499969482422
1RNK_A_26,A,26,-13.54599952697754,-8.008000373840332,-13.154999732971191
1RNK_A_27,A,27,-12.833000183105469,-11.39799976348877,-8.75100040435791
1RNK_A_28,G,28,-14.364999771118164,-13.642999649047852,-0.4930000007152557
1RNK_A_29,G,29,-17.694000244140625,-16.152999877929688,2.3510000705718994
1RNK_A_30,C,30,-19.51799964904785,-17.072999954223633,6.7210001945495605
1RNK_A_31,C,31,-20.440000534057617,-15.460000038146973,11.458999633789062
1RNK_A_32,C,32,-20.91699981689453,-11.45300006866455,15.46500015258789
1RNK_A_33,A,33,-22.506000518798828,-6.78000020980835,15.859999656677246
1RNK_A_34,U,34,-24.64699935913086,-2.5439999103546143,13.86400032043457
