ID,resname,resid,x_1,y_1,z_1
1ROQ_A_1,G,1,-10.751999855041504,-4.162000179290772,-4.6579999923706055
1ROQ_A_2,G,2,-5.986000061035156,-3.263999938964844,-7.676000118255615
1ROQ_A_3,U,3,-1.121999979019165,-0.8999999761581421,-7.597000122070312
1ROQ_A_4,A,4,3.2249999046325684,1.444000005722046,-5.260000228881836
1ROQ_A_5,U,5,6.131999969482422,1.5800000429153442,-1.0809999704360962
1ROQ_A_6,C,6,6.936999797821045,-0.9539999961853028,3.039999961853028
1ROQ_A_7,A,7,7.860000133514404,-3.002000093460083,9.178999900817873
1ROQ_A_8,C,8,3.7279999256134033,-7.644999980926514,5.559000015258789
1ROQ_A_9,G,9,1.159999966621399,-4.65500020980835,9.86400032043457
1ROQ_A_10,G,10,0.8270000219345093,-0.1700000017881393,7.934999942779541
1ROQ_A_11,U,11,0.75,4.885000228881836,4.550000190734863
1ROQ_A_12,A,12,-0.6309999823570251,6.914999961853027,-0.460999995470047
1ROQ_A_13,C,13,-3.2839999198913574,7.126999855041504,-5.567999839782715
1ROQ_A_14,C,14,-7.682000160217285,5.5320000648498535,-8.375
