ID,resname,resid,x_1,y_1,z_1
1S34_A_1,G,1,3.086999893188477,20.499000549316406,16.582000732421875
1S34_A_2,G,2,6.573999881744385,17.92099952697754,13.413000106811523
1S34_A_3,G,3,10.194000244140623,13.522000312805176,12.958000183105469
1S34_A_4,G,4,12.972000122070312,9.097000122070312,15.211999893188477
1S34_A_5,A,5,13.503999710083008,5.381999969482422,19.325000762939453
1S34_A_6,G,6,11.149999618530272,1.8849999904632568,23.145000457763672
1S34_A_7,U,7,9.20300006866455,0.1159999966621398,27.733999252319336
1S34_A_8,G,8,4.999000072479248,-0.1490000039339065,29.964000701904297
1S34_A_9,G,9,-0.6539999842643738,0.4099999964237213,30.136999130249023
1S34_A_10,U,10,-5.298999786376953,0.163000002503395,27.15800094604492
1S34_A_11,U,11,-6.0879998207092285,-3.1080000400543213,21.878999710083008
1S34_A_12,U,12,-10.760000228881836,-2.5,17.677000045776367
1S34_A_13,G,13,-10.595999717712402,1.218000054359436,13.87600040435791
1S34_A_14,U,14,-3.744999885559082,0.5889999866485596,11.871999740600586
1S34_A_15,A,15,-4.973999977111816,4.111999988555908,17.48699951171875
1S34_A_16,U,16,-4.374000072479248,6.28000020980835,22.3759994506836
1S34_A_17,C,17,-1.787999987602234,7.114999771118164,26.97100067138672
1S34_A_18,C,18,3.558000087738037,7.585999965667725,28.503999710083008
1S34_A_19,U,19,8.984999656677246,7.679999828338623,28.60099983215332
1S34_A_20,U,20,13.361000061035156,9.319000244140623,25.76300048828125
1S34_A_21,C,21,16.073999404907227,12.166999816894531,21.731000900268555
1S34_A_22,C,22,16.158000946044922,16.016000747680664,17.85099983215332
1S34_A_23,C,23,13.85099983215332,20.41900062561035,15.435999870300291
