ID,resname,resid,x_1,y_1,z_1
1SCL_A_1,G,1,13.760000228881836,-25.974000930786133,0.1019999980926513
1SCL_A_2,G,2,9.3100004196167,-29.63800048828125,2.6689999103546143
1SCL_A_3,G,3,5.52899980545044,-27.8129997253418,5.877999782562256
1SCL_A_4,U,4,2.677999973297119,-24.900999069213867,9.79300022125244
1SCL_A_5,G,5,1.8270000219345093,-20.13599967956543,11.79300022125244
1SCL_A_6,C,6,2.039999961853028,-14.907999992370604,11.770999908447266
1SCL_A_7,U,7,1.1069999933242798,-11.512999534606934,7.517000198364258
1SCL_A_8,C,8,2.990999937057495,-6.406000137329102,4.7829999923706055
1SCL_A_9,A,9,0.8960000276565552,-1.1929999589920044,7.607999801635742
1SCL_A_10,G,10,0.2280000001192093,2.6459999084472656,9.128000259399414
1SCL_A_11,U,11,4.328999996185303,2.7179999351501465,4.803999900817871
1SCL_A_12,A,12,5.164999961853027,4.791999816894531,-0.9139999747276306
1SCL_A_13,C,13,2.609999895095825,9.494999885559082,-2.308000087738037
1SCL_A_14,G,14,1.1740000247955322,13.82900047302246,0.2010000050067901
1SCL_A_15,A,15,1.5800000429153442,20.114999771118164,3.759999990463257
1SCL_A_16,G,16,-1.5750000476837158,16.92799949645996,5.896999835968018
1SCL_A_17,A,17,-6.051000118255615,14.76200008392334,5.223999977111816
1SCL_A_18,G,18,-5.553999900817871,10.414999961853027,4.309000015258789
1SCL_A_19,G,19,-3.1070001125335693,6.40500020980835,2.119999885559082
1SCL_A_20,A,20,-1.409999966621399,3.3350000381469727,-2.6549999713897705
1SCL_A_21,A,21,1.866000056266785,-0.7160000205039978,-4.333000183105469
1SCL_A_22,C,22,3.6549999713897705,-4.443999767303467,-2.484999895095825
1SCL_A_23,C,23,5.314000129699707,-7.656000137329102,1.1299999952316284
1SCL_A_24,G,24,7.931000232696533,-9.527999877929688,5.781000137329102
1SCL_A_25,C,25,8.734999656677246,-12.64799976348877,10.024999618530272
1SCL_A_26,A,26,9.107999801635742,-17.29599952697754,13.020999908447266
1SCL_A_27,C,27,8.897000312805176,-22.606000900268555,14.30799961090088
1SCL_A_28,C,28,9.67300033569336,-28.33799934387207,13.291999816894531
1SCL_A_29,C,29,12.640999794006348,-30.90699958801269,9.645000457763672
