ID,resname,resid,x_1,y_1,z_1
1SLO_A_1,U,1,12.29800033569336,-6.488999843597412,31.72900009155273
1SLO_A_2,U,2,10.35200023651123,-4.51200008392334,27.22900009155273
1SLO_A_3,A,3,6.980000019073486,-3.4230000972747803,23.847999572753903
1SLO_A_4,C,4,2.117000102996826,-2.9119999408721924,22.4379997253418
1SLO_A_5,C,5,-3.177999973297119,-1.930999994277954,23.47599983215332
1SLO_A_6,C,6,-6.537000179290772,1.508999943733215,25.566999435424805
1SLO_A_7,A,7,-6.400000095367432,5.926000118255615,27.30500030517578
1SLO_A_8,A,8,-3.775000095367432,9.70699977874756,28.882999420166016
1SLO_A_9,G,9,-0.4900000095367431,14.338000297546388,26.788000106811523
1SLO_A_10,U,10,4.201000213623047,13.937999725341797,28.670000076293945
1SLO_A_11,U,11,5.01800012588501,10.821999549865724,32.233001708984375
1SLO_A_12,U,12,1.4819999933242798,7.89300012588501,33.17300033569336
1SLO_A_13,G,13,-1.7640000581741333,3.858000040054321,34.41400146484375
1SLO_A_14,A,14,-8.017000198364258,3.390000104904175,34.78499984741211
1SLO_A_15,G,15,-6.572999954223633,-1.5199999809265137,33.23699951171875
1SLO_A_16,G,16,-5.056000232696533,-5.107999801635742,29.559999465942383
1SLO_A_17,U,17,-1.868000030517578,-8.067000389099121,25.63999938964844
1SLO_A_18,A,18,2.3540000915527344,-9.994999885559082,23.573999404907227
1SLO_A_19,A,19,7.068999767303467,-10.526000022888184,23.90399932861328
