ID,resname,resid,x_1,y_1,z_1
1SZY_A_1,G,1,10.909000396728516,9.713000297546388,-3.38100004196167
1SZY_A_2,G,2,10.722000122070312,4.679999828338623,-5.804999828338623
1SZY_A_3,C,3,9.571000099182127,-0.781000018119812,-5.59499979019165
1SZY_A_4,A,4,7.039000034332275,-5.190999984741211,-3.2060000896453857
1SZY_A_5,G,5,3.322000026702881,-7.282999992370605,0.289000004529953
1SZY_A_6,G,6,-1.2009999752044678,-6.920000076293945,3.463000059127808
1SZY_A_7,G,7,-5.735000133514404,-4.300000190734863,5.176000118255615
1SZY_A_8,C,8,-10.303999900817873,-0.9409999847412108,3.157999992370605
1SZY_A_9,U,9,-14.06999969482422,-1.5460000038146973,-1.2359999418258667
1SZY_A_10,C,10,-18.170000076293945,-5.046000003814697,-4.943999767303467
1SZY_A_11,A,11,-13.572999954223633,-2.4790000915527344,-7.574999809265137
1SZY_A_12,U,12,-11.446000099182127,2.1530001163482666,-7.732999801635742
1SZY_A_13,A,13,-7.625999927520752,6.559999942779541,-5.24399995803833
1SZY_A_14,A,14,-6.425000190734863,7.744999885559082,-1.087000012397766
1SZY_A_15,C,15,-4.668000221252441,6.27899980545044,3.776999950408936
1SZY_A_16,C,16,-2.0299999713897705,2.96399998664856,7.574999809265137
1SZY_A_17,C,17,1.9479999542236328,-0.7099999785423279,8.699999809265137
1SZY_A_18,U,18,6.513000011444092,-3.690999984741211,7.385000228881836
1SZY_A_19,G,19,11.102999687194824,-4.4629998207092285,4.374000072479248
1SZY_A_20,C,20,14.95699977874756,-2.614000082015991,0.8040000200271606
1SZY_A_21,C,21,17.636999130249023,1.5,-1.8459999561309808
