ID,resname,resid,x_1,y_1,z_1
1T28_A_1,G,1,6.764999866485596,-3.788000106811523,1.366000056266785
1T28_A_2,G,2,7.039999961853027,-1.180999994277954,4.322999954223633
1T28_A_3,U,3,6.781000137329102,3.5239999294281006,8.586999893188477
1T28_A_4,C,4,3.8450000286102295,5.921000003814697,11.833999633789062
1T28_A_5,A,5,-1.3539999723434448,6.86899995803833,14.114999771118164
1T28_A_6,U,6,-5.390999794006348,4.566999912261963,15.883000373840332
1T28_A_7,C,7,-8.720000267028809,0.9959999918937684,19.645999908447266
1T28_A_8,G,8,-7.882999897003174,-2.805999994277954,23.28700065612793
1T28_A_9,U,9,-5.589000225067139,-5.913000106811523,26.253999710083008
1T28_A_10,U,10,-0.7670000195503235,-5.535999774932861,27.482999801635746
1T28_A_11,G,11,5.591000080108643,-7.192999839782715,30.25300025939941
1T28_A_12,A,12,8.279000282287598,-5.714000225067139,34.47200012207031
1T28_A_13,G,13,10.38599967956543,-2.374000072479248,38.17100143432617
1T28_A_14,A,14,10.850000381469728,2.3510000705718994,41.58200073242188
1T28_A_15,A,15,6.553999900817871,5.548999786376953,46.25299835205078
1T28_A_16,A,16,1.2869999408721924,4.864999771118164,46.5260009765625
1T28_A_17,A,17,-3.344000101089477,4.295000076293945,44.56800079345703
1T28_A_18,C,18,-10.800999641418455,5.2820000648498535,45.16699981689453
1T28_A_19,G,19,-10.791000366210938,6.244999885559082,39.89400100708008
1T28_A_20,A,20,-7.579999923706055,6.678999900817871,35.90299987792969
1T28_A_21,A,21,-2.8399999141693115,7.326000213623047,33.358001708984375
1T28_A_22,A,22,0.8479999899864197,10.487000465393066,30.15399932861328
1T28_A_23,C,23,4.706999778747559,4.699999809265137,29.83300018310547
1T28_A_24,A,24,4.290999889373779,0.1449999958276748,26.38500022888184
1T28_A_25,G,25,6.5879998207092285,-5.71999979019165,23.086000442504883
1T28_A_26,A,26,3.4739999771118164,-6.629000186920166,19.36100006103516
1T28_A_27,C,27,-0.7170000076293945,-7.831999778747559,17.048999786376953
1T28_A_28,G,28,-4.442999839782715,-6.367000102996826,12.663000106811523
1T28_A_29,G,29,-8.394000053405762,-3.025000095367432,10.640000343322754
1T28_A_30,U,30,-7.76200008392334,2.002000093460083,8.192000389099121
1T28_A_31,G,31,-4.419000148773193,6.080999851226807,6.145999908447266
1T28_A_32,G,32,-0.718999981880188,8.201000213623047,2.134999990463257
1T28_A_33,C,33,2.976999998092652,7.510000228881836,-1.3389999866485596
1T28_A_34,C,34,4.431000232696533,3.924999952316284,-4.704999923706055
