ID,resname,resid,x_1,y_1,z_1
1T4L_A_1,G,1,-17.395999908447266,-24.131999969482425,-6.830999851226807
1T4L_A_2,G,2,-16.43000030517578,-18.371999740600582,-7.61899995803833
1T4L_A_3,G,3,-13.47599983215332,-14.029999732971191,-5.775000095367432
1T4L_A_4,A,4,-9.96399974822998,-10.645000457763672,-2.595999956130981
1T4L_A_5,U,5,-5.593999862670898,-9.588000297546388,0.7450000047683716
1T4L_A_6,A,6,-1.0369999408721924,-11.878999710083008,1.7580000162124634
1T4L_A_7,C,7,3.492000102996826,-15.144000053405762,1.0479999780654907
1T4L_A_8,C,8,7.353000164031982,-17.98900032043457,-2.0799999237060547
1T4L_A_9,A,9,8.645999908447266,-17.756000518798828,-7.116000175476074
1T4L_A_10,U,10,7.77400016784668,-15.824999809265137,-12.00100040435791
1T4L_A_11,G,11,5.465000152587891,-13.267999649047852,-15.717000007629396
1T4L_A_12,U,12,1.7100000381469729,-10.607999801635742,-18.340999603271484
1T4L_A_13,U,13,-0.4699999988079071,-6.206999778747559,-19.41399955749512
1T4L_A_14,C,14,-1.63100004196167,-1.2519999742507937,-19.7189998626709
1T4L_A_15,A,15,-0.006000000052154,0.9679999947547911,-23.27300071716309
1T4L_A_16,G,16,1.1360000371932983,2.240999937057495,-27.968000411987305
1T4L_A_17,A,17,4.824999809265137,9.04300022125244,-26.33799934387207
1T4L_A_18,A,18,6.639999866485596,7.39300012588501,-22.645000457763672
1T4L_A_19,G,19,6.896999835968018,5.275000095367432,-18.354999542236328
1T4L_A_20,A,20,4.525000095367432,2.8550000190734863,-14.53499984741211
1T4L_A_21,A,21,1.955999970436096,-1.1469999551773071,-12.52400016784668
1T4L_A_22,C,22,-0.9070000052452089,-5.431000232696533,-11.678999900817873
1T4L_A_23,G,23,-1.1369999647140503,-10.288000106811523,-11.866000175476074
1T4L_A_24,U,24,0.0430000014603138,-15.710000038146973,-12.678999900817873
1T4L_A_25,G,25,0.5870000123977661,-20.738000869750977,-10.288999557495115
1T4L_A_26,G,26,-0.1650000065565109,-22.86599922180176,-5.334000110626221
1T4L_A_27,U,27,-1.0149999856948853,-22.52899932861328,0.3330000042915344
1T4L_A_28,A,28,-4.184999942779541,-19.823999404907227,3.822000026702881
1T4L_A_29,U,29,-7.611999988555908,-16.315000534057617,6.355999946594238
1T4L_A_30,C,30,-12.055999755859377,-14.14799976348877,5.104000091552734
1T4L_A_31,U,31,-16.1299991607666,-14.390999794006348,2.36299991607666
1T4L_A_32,C,32,-19.74300003051757,-15.612000465393066,-1.2059999704360962
