ID,resname,resid,x_1,y_1,z_1
1TBK_A_1,G,1,-7.657000064849853,-15.996999740600586,-2.3239998817443848
1TBK_A_2,C,2,-3.622999906539917,-15.751999855041504,2.2330000400543213
1TBK_A_3,G,3,0.6309999823570251,-12.508999824523926,5.031000137329102
1TBK_A_4,A,4,3.4649999141693115,-7.948999881744385,4.688000202178955
1TBK_A_5,G,5,5.165999889373779,-3.428999900817871,2.711999893188477
1TBK_A_6,U,6,5.718999862670898,1.3609999418258667,0.5590000152587891
1TBK_A_7,U,7,4.568999767303467,7.001999855041504,0.3330000042915344
1TBK_A_8,G,8,5.057000160217285,14.090999603271484,1.2730000019073486
1TBK_A_9,A,9,0.5149999856948853,13.472000122070312,1.3170000314712524
1TBK_A_10,C,10,-3.6579999923706055,10.928999900817873,-1.0269999504089355
1TBK_A_11,U,11,-4.817999839782715,8.303000450134277,4.068999767303467
1TBK_A_12,A,12,-3.890000104904175,5.550000190734863,-1.434999942779541
1TBK_A_13,C,13,-2.01200008392334,1.1990000009536743,-3.634000062942505
1TBK_A_14,U,14,1.1740000247955322,-2.934999942779541,-4.102000236511231
1TBK_A_15,C,15,3.8529999256134033,-7.826000213623047,-4.124000072479248
1TBK_A_16,G,16,5.053999900817871,-13.809000015258787,-3.921000003814697
1TBK_A_17,C,17,1.914999961853028,-19.25300025939941,-5.448999881744385
