ID,resname,resid,x_1,y_1,z_1
1TJZ_A_1,G,1,4.421999931335449,10.303999900817873,-5.046000003814697
1TJZ_A_2,G,2,3.049000024795532,10.19200038909912,0.0340000018477439
1TJZ_A_3,U,3,-0.2529999911785126,8.923999786376953,5.204999923706055
1TJZ_A_4,G,4,-3.3940000534057617,5.0879998207092285,4.640999794006348
1TJZ_A_5,A,5,-8.61400032043457,-0.2529999911785126,5.513000011444092
1TJZ_A_6,C,6,-9.01200008392334,-4.066999912261963,2.184000015258789
1TJZ_A_7,G,7,-6.804999828338623,-8.664999961853027,-1.8940000534057613
1TJZ_A_8,C,8,-2.04099988937378,-9.85200023651123,-2.1679999828338623
1TJZ_A_9,C,9,3.619999885559082,-10.312000274658203,-4.277999877929688
1TJZ_A_10,G,10,8.050000190734863,-9.656000137329102,-1.2209999561309814
1TJZ_A_11,U,11,14.684000015258787,-14.527000427246094,2.7079999446868896
1TJZ_A_12,A,12,10.574999809265137,-9.461999893188477,3.799999952316284
1TJZ_A_13,A,13,11.78499984741211,-4.65500020980835,4.410999774932861
1TJZ_A_14,G,14,8.8100004196167,-2.065999984741211,0.4600000083446502
1TJZ_A_15,G,15,5.164999961853027,-1.8009999990463257,-2.3310000896453857
1TJZ_A_16,C,16,0.9300000071525574,-3.0290000438690186,-7.077000141143799
1TJZ_A_17,G,17,-4.727000236511231,-0.8410000205039978,-7.204999923706055
1TJZ_A_18,C,18,-9.460000038146973,1.6799999475479126,-5.192999839782715
1TJZ_A_19,A,19,-11.6899995803833,5.679999828338623,-0.959999978542328
1TJZ_A_20,G,20,-10.564000129699709,10.065999984741213,3.1549999713897705
1TJZ_A_21,C,21,-6.526999950408936,14.178000450134276,3.1610000133514404
1TJZ_A_22,C,22,-0.8519999980926514,17.20800018310547,1.4160000085830688
