ID,resname,resid,x_1,y_1,z_1
1TLR_A_1,G,1,-7.77400016784668,-10.053999900817873,1.1670000553131104
1TLR_A_2,G,2,-3.6559998989105225,-9.550999641418455,4.788000106811523
1TLR_A_3,C,3,1.2660000324249268,-7.249000072479248,6.3420000076293945
1TLR_A_4,C,4,5.0980000495910645,-3.1440000534057617,6.0960001945495605
1TLR_A_5,U,5,3.46399998664856,0.3289999961853027,4.330999851226807
1TLR_A_6,A,6,1.950999975204468,4.2220001220703125,1.9490000009536743
1TLR_A_7,A,7,0.0140000004321336,7.5229997634887695,-1.7239999771118164
1TLR_A_8,G,8,-3.786999940872192,8.479999542236328,-4.796999931335449
1TLR_A_9,A,9,-8.29800033569336,9.126999855041504,-7.188000202178955
1TLR_A_10,C,10,-13.392000198364258,9.267000198364258,-6.486000061035156
1TLR_A_11,U,11,-17.22100067138672,12.015000343322754,-3.1540000438690186
1TLR_A_12,U,12,-21.427000045776367,13.918999671936035,-0.0659999996423721
1TLR_A_13,C,13,-18.483999252319336,11.722000122070312,4.689000129699707
1TLR_A_14,G,14,-13.852999687194824,10.121000289916992,5.328000068664551
1TLR_A_15,G,15,-16.400999069213867,5.093999862670898,1.812999963760376
1TLR_A_16,U,16,-13.647000312805176,2.0190000534057617,-0.6970000267028809
1TLR_A_17,U,17,-9.300999641418455,0.996999979019165,-2.4030001163482666
1TLR_A_18,A,18,-2.809000015258789,-0.135000005364418,-3.1989998817443848
1TLR_A_19,U,19,1.3940000534057615,0.7940000295639038,-4.679999828338623
1TLR_A_20,G,20,5.263999938964844,-3.6679999828338623,-4.60699987411499
1TLR_A_21,G,21,6.02899980545044,-8.836999893188477,-3.066999912261963
1TLR_A_22,C,22,3.641000032424927,-13.809000015258787,-1.7309999465942385
1TLR_A_23,C,23,-0.9419999718666076,-17.445999145507812,-2.115999937057495
