ID,resname,resid,x_1,y_1,z_1
1ULL_A_1,G,1,8.543999671936035,-8.331000328063965,1.375
1ULL_A_2,G,2,10.675999641418455,-5.745999813079834,6.748000144958496
1ULL_A_3,C,3,9.836000442504885,-0.25,7.033999919891357
1ULL_A_4,U,4,7.763000011444092,3.828999996185303,4.676000118255615
1ULL_A_5,G,5,4.769000053405762,7.734000205993652,1.2799999713897705
1ULL_A_6,G,6,3.358999967575073,8.571000099182129,-3.4539999961853027
1ULL_A_7,A,7,0.0540000014007091,7.519999980926514,-7.175000190734863
1ULL_A_8,C,8,-3.892999887466431,4.607999801635742,-9.020999908447266
1ULL_A_9,U,9,-8.333000183105469,2.055999994277954,-9.30500030517578
1ULL_A_10,C,10,-13.048999786376951,0.9810000061988832,-6.676000118255615
1ULL_A_11,G,11,-16.63599967956543,1.7599999904632568,-2.618000030517578
1ULL_A_12,U,12,-19.23699951171875,4.539999961853027,1.3309999704360962
1ULL_A_13,A,13,-19.10300064086914,9.447999954223633,3.367000102996826
1ULL_A_14,C,14,-19.09499931335449,14.211999893188477,2.118000030517578
1ULL_A_15,U,15,-20.46299934387207,17.860000610351562,-1.133999943733215
1ULL_A_16,U,16,-21.45199966430664,23.04800033569336,-5.229000091552734
1ULL_A_17,C,17,-24.14999961853028,16.707000732421875,-7.015999794006348
1ULL_A_18,G,18,-19.53499984741211,17.702999114990234,-10.652999877929688
1ULL_A_19,G,19,-16.125999450683594,16.32699966430664,-7.642000198364258
1ULL_A_20,U,20,-13.902000427246094,15.312000274658203,-3.505000114440918
1ULL_A_21,A,21,-13.003999710083008,13.243000030517578,1.9520000219345093
1ULL_A_22,C,22,-12.16800022125244,8.802000045776367,3.963000059127808
1ULL_A_23,U,23,-7.892000198364258,3.4679999351501465,4.662000179290772
1ULL_A_24,G,24,-13.157999992370604,5.854000091552734,10.397000312805176
1ULL_A_25,G,25,-12.56700038909912,1.0720000267028809,3.8350000381469727
1ULL_A_26,A,26,-11.079999923706056,-1.7619999647140503,-1.0640000104904177
1ULL_A_27,G,27,-7.967000007629394,-4.080999851226807,-5.031000137329102
1ULL_A_28,A,28,-3.2219998836517334,-4.789999961853027,-2.41599988937378
1ULL_A_29,A,29,1.131999969482422,-7.35699987411499,2.572000026702881
1ULL_A_30,A,30,0.5609999895095825,-4.497000217437744,-4.951000213623047
1ULL_A_31,C,31,4.270999908447266,-1.1770000457763672,-5.699999809265137
1ULL_A_32,A,32,8.809000015258789,2.184999942779541,-5.074999809265137
1ULL_A_33,G,33,13.678000450134276,2.1080000400543213,-2.515000104904175
1ULL_A_34,C,34,17.202999114990234,-0.3370000123977661,0.7089999914169312
1ULL_A_35,C,35,17.562000274658203,-5.533999919891357,-3.211999893188477
