ID,resname,resid,x_1,y_1,z_1
1UUU_A_1,G,1,5.815000057220459,-8.517000198364258,0.2409999966621399
1UUU_A_2,G,2,3.219000101089477,-12.119000434875488,-4.534999847412109
1UUU_A_3,C,3,-1.281999945640564,-9.425999641418455,-5.920000076293945
1UUU_A_4,G,4,-4.686999797821045,-5.793000221252441,-5.085999965667725
1UUU_A_5,U,5,-7.0,-1.493000030517578,-2.486999988555908
1UUU_A_6,A,6,-7.004000186920166,3.134999990463257,0.06700000166893
1UUU_A_7,C,7,-4.916999816894531,7.2729997634887695,2.009999990463257
1UUU_A_8,G,8,-2.289999961853028,11.248000144958496,4.852000236511231
1UUU_A_9,U,9,1.3339999914169312,18.40399932861328,3.7109999656677246
1UUU_A_10,U,10,5.414000034332275,13.335000038146973,3.0369999408721924
1UUU_A_11,U,11,0.7680000066757202,10.722999572753906,-3.2980000972747803
1UUU_A_12,C,12,7.447000026702881,8.383999824523926,-2.9210000038146973
1UUU_A_13,G,13,5.359000205993652,6.683000087738037,0.7020000219345093
1UUU_A_14,U,14,2.3429999351501465,4.031000137329102,4.827000141143799
1UUU_A_15,A,15,-1.187000036239624,0.7979999780654907,6.005000114440918
1UUU_A_16,C,16,-4.781000137329102,-2.812999963760376,5.068999767303467
1UUU_A_17,G,17,-7.13100004196167,-6.997000217437744,2.6549999713897705
1UUU_A_18,C,18,-6.480000019073486,-12.119999885559082,0.0540000014007091
1UUU_A_19,C,19,-2.755000114440918,-16.37700080871582,-0.3729999959468841
