ID,resname,resid,x_1,y_1,z_1
1VOP_A_1,G,1,5.234000205993652,-13.428000450134276,3.882999897003174
1VOP_A_2,A,2,6.560999870300293,-10.795000076293944,-0.5070000290870667
1VOP_A_3,C,3,5.21999979019165,-7.583000183105469,-4.689000129699707
1VOP_A_4,U,4,2.681999921798706,-3.1530001163482666,-6.567999839782715
1VOP_A_5,G,5,1.6579999923706057,1.4789999723434448,-5.333000183105469
1VOP_A_6,G,6,-0.3519999980926513,7.367000102996826,-5.916999816894531
1VOP_A_7,G,7,-5.084000110626221,7.453999996185303,-5.35699987411499
1VOP_A_8,G,8,-8.342000007629395,-0.1120000034570694,-5.229000091552734
1VOP_A_9,C,9,-4.815000057220459,-1.465999960899353,0.5580000281333923
1VOP_A_10,G,10,-6.834000110626221,-4.189000129699707,-1.621999979019165
1VOP_A_11,G,11,-5.763999938964844,-7.421999931335449,-5.448999881744385
1VOP_A_12,U,12,-2.437999963760376,-11.262999534606934,-7.306000232696533
1VOP_A_13,C,13,1.055999994277954,-15.527999877929688,-6.4629998207092285
