ID,resname,resid,x_1,y_1,z_1
1WKS_A_1,G,1,-7.831999778747559,-10.338000297546388,1.5570000410079956
1WKS_A_2,G,2,-9.18299961090088,-6.697000026702881,-2.244999885559082
1WKS_A_3,C,3,-8.496999740600586,-1.684000015258789,-3.864000082015991
1WKS_A_4,U,4,-5.748000144958496,3.438999891281128,-3.757999897003174
1WKS_A_5,U,5,-1.587000012397766,6.734000205993652,-2.3429999351501465
1WKS_A_6,U,6,3.691999912261963,7.186999797821045,-0.7749999761581421
1WKS_A_7,G,7,7.886000156402588,4.078000068664551,-1.5980000495910645
1WKS_A_8,G,8,8.99899959564209,0.4399999976158142,-5.290999889373779
1WKS_A_9,A,9,10.854000091552734,-3.921000003814697,-1.722000002861023
1WKS_A_10,U,10,4.598999977111816,-10.824999809265137,-2.1470000743865967
1WKS_A_11,A,11,9.635000228881836,-4.102000236511231,2.622999906539917
1WKS_A_12,A,12,7.890999794006348,-0.2910000085830688,5.433000087738037
1WKS_A_13,A,13,4.423999786376953,3.911999940872192,6.059999942779541
1WKS_A_14,A,14,-0.363999992609024,6.0920000076293945,4.982999801635742
1WKS_A_15,G,15,-5.581999778747559,6.164999961853027,2.575000047683716
1WKS_A_16,C,16,-10.177000045776367,3.328000068664551,1.440999984741211
1WKS_A_17,C,17,-13.718000411987305,-1.1200000047683716,1.4329999685287476
