ID,resname,resid,x_1,y_1,z_1
1XHP_A_1,G,1,4.823999881744385,-22.61400032043457,-4.423999786376953
1XHP_A_2,A,2,1.6640000343322754,-18.8700008392334,-6.64900016784668
1XHP_A_3,G,3,-2.4579999446868896,-16.347000122070312,-7.895999908447266
1XHP_A_4,C,4,-6.020999908447266,-12.51099967956543,-6.261000156402588
1XHP_A_5,A,5,-8.192999839782715,-8.489999771118164,-2.963000059127808
1XHP_A_6,G,6,-7.848000049591064,-5.479000091552734,0.6539999842643738
1XHP_A_7,U,7,-6.0329999923706055,-2.930000066757202,4.960999965667725
1XHP_A_8,U,8,-2.157000064849853,-0.7059999704360962,7.681000232696533
1XHP_A_9,C,9,2.7060000896453857,1.4390000104904177,8.053999900817871
1XHP_A_10,C,10,6.354000091552734,4.172999858856201,5.889999866485596
1XHP_A_11,C,11,8.982999801635742,7.460999965667725,2.336999893188477
1XHP_A_12,C,12,9.19200038909912,11.406999588012695,-1.340999960899353
1XHP_A_13,U,13,7.0920000076293945,15.434000015258787,-3.690999984741211
1XHP_A_14,G,14,4.236999988555908,19.683000564575195,-2.690999984741211
1XHP_A_15,C,15,1.975000023841858,24.73500061035156,0.6380000114440918
1XHP_A_16,A,16,-1.633999943733215,22.3799991607666,2.9660000801086426
1XHP_A_17,U,17,-6.4679999351501465,21.08300018310547,4.415999889373779
1XHP_A_18,A,18,-5.285999774932861,19.388999938964844,-1.6649999618530271
1XHP_A_19,A,19,-3.369999885559082,16.194000244140625,-5.070000171661377
1XHP_A_20,G,20,-0.0230000000447034,12.666000366210938,-6.919000148773193
1XHP_A_21,G,21,3.4579999446868896,8.612000465393066,-6.9070000648498535
1XHP_A_22,A,22,6.0920000076293945,4.48799991607666,-5.074999809265137
1XHP_A_23,U,23,9.593000411987305,1.4110000133514404,-2.7920000553131104
1XHP_A_24,G,24,9.81999969482422,-1.8559999465942385,1.1089999675750732
1XHP_A_25,A,25,7.683000087738037,-4.044000148773193,4.623000144958496
1XHP_A_26,A,26,3.61299991607666,-6.316999912261963,7.547999858856201
1XHP_A_27,C,27,-0.9089999794960022,-8.017999649047852,8.494000434875488
1XHP_A_28,C,28,-5.771999835968018,-10.555999755859377,7.111000061035156
1XHP_A_29,G,29,-8.753000259399414,-13.5,4.072999954223633
1XHP_A_30,U,30,-9.213000297546388,-16.541000366210938,0.3260000050067901
1XHP_A_31,U,31,-8.590999603271484,-19.881999969482425,-4.052000045776367
1XHP_A_32,C,32,-5.776000022888184,-23.850000381469727,-6.383999824523926
