ID,resname,resid,x_1,y_1,z_1
1XSG_A_1,G,1,16.656999588012695,-10.770999908447266,-5.921000003814697
1XSG_A_2,G,2,12.621999740600586,-7.64300012588501,-4.551000118255615
1XSG_A_3,A,3,8.788000106811523,-4.119999885559082,-4.51800012588501
1XSG_A_4,A,4,4.499000072479248,-2.059999942779541,-6.192999839782715
1XSG_A_5,G,5,-0.2460000067949295,-2.763999938964844,-8.093999862670898
1XSG_A_6,A,6,-6.807000160217285,-2.914999961853028,-11.060999870300291
1XSG_A_7,C,7,-8.192999839782715,-4.734000205993652,-6.7210001945495605
1XSG_A_8,C,8,-10.45699977874756,-8.916999816894531,-2.885999917984009
1XSG_A_9,G,9,-10.253999710083008,-11.64900016784668,1.932000041007996
1XSG_A_10,G,10,-7.811999797821045,-12.36299991607666,6.400000095367432
1XSG_A_11,U,11,-4.218999862670898,-13.354999542236328,11.348999977111816
1XSG_A_12,C,12,-2.128000020980835,-10.361000061035156,15.70199966430664
1XSG_A_13,U,13,-3.927999973297119,-6.863999843597412,18.577999114990234
1XSG_A_14,U,14,-3.5280001163482666,-2.4230000972747803,23.92300033569336
1XSG_A_15,C,15,-7.778999805450439,-1.4220000505447388,18.371000289916992
1XSG_A_16,G,16,-4.228000164031982,2.1730000972747803,16.72100067138672
1XSG_A_17,G,17,-0.7160000205039978,-0.5720000267028809,13.09000015258789
1XSG_A_18,A,18,1.98199999332428,-4.4670000076293945,10.368000030517578
1XSG_A_19,C,19,1.2929999828338623,-7.972000122070312,7.364999771118164
1XSG_A_20,C,20,0.2469999939203262,-13.065999984741213,4.051000118255615
1XSG_A_21,G,21,-2.2049999237060547,-15.262999534606934,-0.5329999923706055
1XSG_A_22,G,22,-4.669000148773193,-14.800999641418455,-5.828999996185303
1XSG_A_23,C,23,-3.282999992370605,-12.527000427246094,-10.496999740600586
1XSG_A_24,U,24,0.1909999996423721,-8.628999710083008,-13.52400016784668
1XSG_A_25,U,25,4.264999866485596,-5.046999931335449,-14.355999946594238
1XSG_A_26,C,26,9.03600025177002,-3.055999994277954,-13.428000450134276
1XSG_A_27,C,27,15.02299976348877,-2.815999984741211,-12.168999671936035
