ID,resname,resid,x_1,y_1,z_1
1XSH_A_1,G,1,-5.486000061035156,-16.56800079345703,-2.9649999141693115
1XSH_A_2,G,2,-6.566999912261963,-11.555999755859377,-3.0450000762939453
1XSH_A_3,A,3,-5.2829999923706055,-6.914999961853027,-5.309999942779541
1XSH_A_4,A,4,-3.5369999408721924,-4.245999813079834,-9.138999938964844
1XSH_A_5,G,5,-1.8109999895095823,-3.21399998664856,-14.20199966430664
1XSH_A_6,C,6,-3.188999891281128,-2.388999938964844,-19.9060001373291
1XSH_A_7,U,7,-6.065000057220459,2.7320001125335693,-19.94499969482422
1XSH_A_8,C,8,-5.760000228881836,-2.3429999351501465,-25.61599922180176
1XSH_A_9,G,9,-11.329999923706056,-1.684000015258789,-28.902999877929688
1XSH_A_10,G,10,-16.347000122070312,0.0109999999403953,-27.410999298095703
1XSH_A_11,U,11,-21.356000900268555,1.9529999494552608,-24.187000274658203
1XSH_A_12,C,12,-23.393999099731445,6.697000026702881,-20.80599975585937
1XSH_A_13,U,13,-21.58099937438965,10.890000343322754,-21.268999099731445
1XSH_A_14,U,14,-21.51300048828125,17.179000854492188,-18.69700050354004
1XSH_A_15,C,15,-15.413000106811523,14.25,-21.19700050354004
1XSH_A_16,G,16,-14.484000205993652,13.789999961853027,-16.089000701904297
1XSH_A_17,G,17,-16.082000732421875,8.53600025177002,-14.0649995803833
1XSH_A_18,A,18,-17.562000274658203,3.632999897003174,-14.718000411987305
1XSH_A_19,C,19,-18.268999099731445,-0.1209999993443489,-17.334999084472656
1XSH_A_20,C,20,-17.88800048828125,-5.125999927520752,-21.11000061035156
1XSH_A_21,G,21,-13.751999855041504,-8.765000343322754,-23.058000564575195
1XSH_A_22,G,22,-8.911999702453613,-10.76200008392334,-22.60300064086914
1XSH_A_23,C,23,-4.277999877929688,-11.265000343322754,-20.68199920654297
1XSH_A_24,U,24,-0.5070000290870667,-10.416000366210938,-17.29199981689453
1XSH_A_25,U,25,2.3540000915527344,-8.600000381469727,-12.612000465393066
1XSH_A_26,C,26,3.194000005722046,-8.765999794006348,-6.801000118255615
1XSH_A_27,C,27,3.4040000438690186,-12.77299976348877,-1.6710000038146973
