ID,resname,resid,x_1,y_1,z_1
1XWP_A_1,G,1,-3.094000101089477,0.8820000290870667,-11.859000205993652
1XWP_A_2,G,2,1.1260000467300415,-0.2199999988079071,-9.215999603271484
1XWP_A_3,A,3,4.59499979019165,-0.0780000016093254,-4.965000152587891
1XWP_A_4,G,4,6.089000225067139,0.4199999868869781,0.5879999995231628
1XWP_A_5,A,5,3.1429998874664307,-1.7389999628067017,4.977000236511231
1XWP_A_6,U,6,0.1059999987483024,-6.4629998207092285,5.665999889373779
1XWP_A_7,C,7,-2.621999979019165,-12.479999542236328,5.190999984741211
1XWP_A_8,G,8,-5.13700008392334,-8.656000137329102,2.8320000171661377
1XWP_A_9,C,9,-6.40399980545044,-3.681999921798706,4.650000095367432
1XWP_A_10,A,10,-5.640999794006348,0.2049999982118606,8.069999694824219
1XWP_A_11,C,11,-1.256999969482422,2.7850000858306885,8.149999618530273
1XWP_A_12,U,12,1.8799999952316284,5.171999931335449,3.57699990272522
1XWP_A_13,C,13,3.503000020980835,6.84499979019165,-1.4270000457763672
1XWP_A_14,C,14,3.244999885559082,7.560999870300293,-6.5960001945495605
1XWP_A_15,A,15,0.1469999998807907,7.211999893188477,-11.008999824523926
