ID,resname,resid,x_1,y_1,z_1
1XWU_A_1,C,1,8.66100025177002,-8.970999717712402,4.138000011444092
1XWU_A_2,G,2,9.90999984741211,-5.533999919891357,-0.0630000010132789
1XWU_A_3,A,3,7.586999893188477,-1.4600000381469729,-3.2049999237060547
1XWU_A_4,A,4,3.989000082015991,2.2239999771118164,-4.763000011444092
1XWU_A_5,A,5,-0.7689999938011169,4.951000213623047,-4.583000183105469
1XWU_A_6,C,6,-5.15399980545044,6.859000205993652,-2.032000064849853
1XWU_A_7,A,7,-4.418000221252441,11.116000175476074,1.1369999647140503
1XWU_A_8,U,8,-5.914999961853027,10.454999923706056,7.784999847412109
1XWU_A_9,A,9,-7.119999885559082,6.749000072479248,7.114999771118164
1XWU_A_10,G,10,-6.993000030517578,1.184000015258789,6.76800012588501
1XWU_A_11,A,11,-6.776000022888184,-1.965000033378601,4.493000030517578
1XWU_A_12,U,12,-5.375999927520752,-1.3389999866485596,-0.6309999823570251
1XWU_A_13,U,13,-2.632999897003174,-2.4179999828338623,-5.38100004196167
1XWU_A_14,C,14,1.909999966621399,-4.52899980545044,-7.229000091552734
1XWU_A_15,G,15,5.9679999351501465,-7.710000038146973,-6.173999786376953
1XWU_A_16,A,16,7.747000217437744,-12.838000297546388,-3.3469998836517334
