ID,resname,resid,x_1,y_1,z_1
1YLG_A_1,G,1,-3.8239998817443848,-24.52300071716309,4.035999774932861
1YLG_A_2,G,2,0.1280000060796737,-21.17799949645996,6.078000068664551
1YLG_A_3,A,3,4.170000076293945,-17.336000442504883,5.442999839782715
1YLG_A_4,U,4,6.456999778747559,-13.142999649047852,2.937000036239624
1YLG_A_5,A,5,6.934999942779541,-9.062000274658203,-0.421999990940094
1YLG_A_6,U,6,4.787000179290772,-5.324999809265137,-3.497999906539917
1YLG_A_7,A,7,0.5849999785423279,-2.565000057220459,-4.748000144958496
1YLG_A_8,U,8,-4.03000020980835,-0.202000007033348,-3.9570000171661377
1YLG_A_9,G,9,-8.076000213623047,2.6080000400543213,-1.2680000066757202
1YLG_A_10,A,10,-8.626999855041504,6.5320000648498535,2.5269999504089355
1YLG_A_11,U,11,-6.982999801635742,10.800999641418455,5.193999767303467
1YLG_A_12,A,12,-3.743000030517578,15.085000038146973,6.706999778747559
1YLG_A_13,C,13,-0.5649999976158142,18.825000762939453,5.008999824523926
1YLG_A_14,A,14,0.44200000166893,20.607999801635746,1.1139999628067017
1YLG_A_15,A,15,2.5199999809265137,19.47599983215332,-3.375999927520752
1YLG_A_16,U,16,2.401000022888184,17.459999084472656,-8.121999740600586
1YLG_A_17,U,17,5.352000236511231,12.736000061035156,-12.689000129699709
1YLG_A_18,U,18,2.6059999465942383,10.618000030517578,-6.739999771118164
1YLG_A_19,G,19,5.78000020980835,14.263999938964844,-1.0779999494552612
1YLG_A_20,A,20,4.218999862670898,11.821999549865724,3.5429999828338623
1YLG_A_21,U,21,0.9049999713897704,9.111000061035156,6.787000179290772
1YLG_A_22,C,22,-3.5450000762939453,5.818999767303467,8.185999870300293
1YLG_A_23,A,23,-6.133999824523926,1.7630000114440918,6.989999771118164
1YLG_A_24,G,24,-5.455999851226807,-3.7730000019073486,4.921000003814697
1YLG_A_25,U,25,-7.349999904632568,-4.1479997634887695,-0.3199999928474426
1YLG_A_26,A,26,-5.377999782562256,-5.729000091552734,-5.171000003814697
1YLG_A_27,U,27,-1.253000020980835,-8.21399974822998,-7.038000106811523
1YLG_A_28,A,28,3.2160000801086426,-11.069000244140623,-6.86899995803833
1YLG_A_29,U,29,6.435999870300293,-14.41800022125244,-4.421000003814697
1YLG_A_30,C,30,7.636000156402588,-18.323999404907227,-0.7979999780654907
1YLG_A_31,C,31,6.505000114440918,-22.850000381469727,2.4089999198913574
