ID,resname,resid,x_1,y_1,z_1
1YNE_A_1,G,1,-2.5920000076293945,-22.93000030517578,9.11299991607666
1YNE_A_2,G,2,1.491000056266785,-19.375,8.491000175476074
1YNE_A_3,A,3,4.789999961853027,-15.92099952697754,5.438000202178955
1YNE_A_4,U,4,5.633999824523926,-12.696000099182127,1.2929999828338623
1YNE_A_5,A,5,4.400000095367432,-9.696999549865724,-2.9539999961853027
1YNE_A_6,U,6,1.090999960899353,-6.710999965667725,-5.8420000076293945
1YNE_A_7,A,7,-3.276000022888184,-3.575999975204468,-6.372000217437744
1YNE_A_8,U,8,-6.209000110626221,0.0460000000894069,-3.515000104904175
1YNE_A_9,G,9,-7.301000118255615,3.882999897003174,0.6079999804496765
1YNE_A_10,A,10,-5.4679999351501465,7.605000019073486,4.232999801635742
1YNE_A_11,U,11,-1.2549999952316284,10.767000198364258,5.946000099182129
1YNE_A_12,A,12,3.071000099182129,14.553000450134276,5.732999801635742
1YNE_A_13,U,13,5.327000141143799,18.263999938964844,2.303999900817871
1YNE_A_14,A,14,4.955999851226807,21.856000900268555,-1.812999963760376
1YNE_A_15,A,15,1.4980000257492063,23.03700065612793,-5.317999839782715
1YNE_A_16,U,16,-2.6630001068115234,21.075000762939453,-7.342999935150146
1YNE_A_17,U,17,-0.1220000013709068,16.92799949645996,-8.447999954223633
1YNE_A_18,U,18,3.6489999294281006,13.852999687194824,-7.113999843597412
1YNE_A_19,G,19,7.288000106811523,12.008999824523926,-3.7160000801086426
1YNE_A_20,A,20,7.956999778747559,9.29300022125244,1.49399995803833
1YNE_A_21,U,21,5.181000232696533,6.827000141143799,5.460999965667725
1YNE_A_22,C,22,1.0169999599456787,4.408999919891357,7.230999946594238
1YNE_A_23,A,23,-3.76200008392334,1.2519999742507937,6.9629998207092285
1YNE_A_24,G,24,-7.110000133514404,-2.657000064849853,4.658999919891357
1YNE_A_25,U,25,-10.491999626159668,-3.7269999980926514,1.0329999923706057
1YNE_A_26,A,26,-8.946999549865723,-6.90399980545044,-3.3299999237060547
1YNE_A_27,U,27,-5.380000114440918,-9.93299961090088,-5.914999961853027
1YNE_A_28,A,28,-0.8190000057220459,-12.982000350952148,-6.8429999351501465
1YNE_A_29,U,29,3.1589999198913574,-15.857999801635742,-5.002999782562256
1YNE_A_30,C,30,5.769999980926514,-18.71999931335449,-1.1790000200271606
1YNE_A_31,C,31,6.193999767303467,-22.176000595092773,3.2890000343322754
