ID,resname,resid,x_1,y_1,z_1
1YSV_A_1,G,1,-14.989999771118164,1.9989999532699585,11.515000343322754
1YSV_A_2,G,2,-12.836999893188477,-2.2960000038146973,9.279000282287598
1YSV_A_3,U,3,-11.862000465393066,-5.777999877929688,5.23199987411499
1YSV_A_4,A,4,-10.092000007629396,-6.254000186920166,0.1459999978542328
1YSV_A_5,A,5,-8.190999984741211,-4.677000045776367,-4.589000225067139
1YSV_A_6,C,6,-5.875,-0.7839999794960022,-7.646999835968018
1YSV_A_7,A,7,-2.4110000133514404,3.723000049591065,-7.710000038146973
1YSV_A_8,A,8,1.3860000371932983,6.765999794006348,-5.921000003814697
1YSV_A_9,U,9,5.178999900817871,8.064000129699707,-2.1429998874664307
1YSV_A_10,A,10,9.105999946594238,6.505000114440918,0.9390000104904176
1YSV_A_11,U,11,12.854999542236328,3.325000047683716,3.303999900817871
1YSV_A_12,G,12,15.777000427246094,-0.4760000109672546,2.0269999504089355
1YSV_A_13,C,13,19.75300025939941,-0.3819999992847442,-1.9609999656677248
1YSV_A_14,U,14,22.21500015258789,-7.427000045776367,-1.5479999780654907
1YSV_A_15,A,15,17.530000686645508,-6.9670000076293945,-2.812999963760376
1YSV_A_16,A,16,12.95699977874756,-8.579999923706055,-1.2630000114440918
1YSV_A_17,A,17,9.781000137329102,-6.946000099182129,2.0269999504089355
1YSV_A_18,U,18,7.553999900817871,-3.1410000324249268,4.742000102996826
1YSV_A_19,G,19,5.793000221252441,1.5670000314712524,6.152999877929688
1YSV_A_20,U,20,3.059999942779541,6.189000129699707,4.245999813079834
1YSV_A_21,U,21,-0.7229999899864197,8.14900016784668,1.0720000267028809
1YSV_A_22,G,22,-4.664999961853027,8.40999984741211,-2.680999994277954
1YSV_A_23,U,23,-8.593000411987305,5.809999942779541,-5.610000133514404
1YSV_A_24,U,24,-11.786999702453612,1.9279999732971191,-6.007999897003174
1YSV_A_25,A,25,-14.923999786376951,-2.3420000076293945,-4.26200008392334
1YSV_A_26,C,26,-17.167999267578125,-5.215000152587891,0.0070000002160668
1YSV_A_27,C,27,-19.325000762939453,-5.383999824523926,5.056000232696533
