ID,resname,resid,x_1,y_1,z_1
1Z30_A_1,G,1,6.855000019073486,-14.944000244140623,-4.114999771118164
1Z30_A_2,G,2,2.621999979019165,-12.70400047302246,-6.557000160217285
1Z30_A_3,C,3,-1.8739999532699585,-9.512999534606934,-6.767000198364258
1Z30_A_4,G,4,-4.989999771118164,-5.520999908447266,-4.993000030517578
1Z30_A_5,U,5,-6.388000011444092,-1.315999984741211,-1.976999998092652
1Z30_A_6,U,6,-5.625999927520752,2.5230000019073486,1.312000036239624
1Z30_A_7,C,7,-4.334000110626221,6.90500020980835,3.562000036239624
1Z30_A_8,G,8,-1.121000051498413,11.6850004196167,1.930999994277954
1Z30_A_9,U,9,2.6040000915527344,16.73200035095215,4.739999771118164
1Z30_A_10,U,10,1.2109999656677246,14.008999824523926,-2.46399998664856
1Z30_A_11,A,11,6.704999923706055,12.76200008392334,0.209999993443489
1Z30_A_12,G,12,5.76800012588501,8.432999610900879,2.117000102996826
1Z30_A_13,A,13,4.809000015258789,4.244999885559082,4.396999835968018
1Z30_A_14,A,14,1.003999948501587,0.828000009059906,5.896999835968018
1Z30_A_15,C,15,-2.8299999237060547,-2.7300000190734863,5.214000225067139
1Z30_A_16,G,16,-5.73799991607666,-6.572999954223633,2.821000099182129
1Z30_A_17,U,17,-5.488999843597412,-11.029000282287598,-0.1169999986886978
1Z30_A_18,C,18,-3.7709999084472656,-15.762999534606934,-2.7309999465942383
