ID,resname,resid,x_1,y_1,z_1
1Z31_A_1,G,1,-43.45100021362305,22.01099967956543,-49.14500045776367
1Z31_A_2,A,2,-47.742000579833984,25.107999801635746,-46.9640007019043
1Z31_A_3,G,3,-52.75,26.46699905395508,-45.75299835205078
1Z31_A_4,G,4,-58.5369987487793,27.549999237060547,-44.96200180053711
1Z31_A_5,U,5,-61.02899932861328,24.143999099731445,-43.61000061035156
1Z31_A_6,C,6,-62.31999969482422,20.27899932861328,-38.11600112915039
1Z31_A_7,G,7,-64.697998046875,18.917999267578125,-42.18399810791016
1Z31_A_8,G,8,-63.970001220703125,13.581000328063965,-40.26900100708008
1Z31_A_9,C,9,-60.8650016784668,9.269000053405762,-36.132999420166016
1Z31_A_10,C,10,-59.15999984741211,8.720000267028809,-31.729999542236328
1Z31_A_11,C,11,-60.17300033569336,12.9350004196167,-26.386999130249023
1Z31_A_12,G,12,-54.84799957275391,13.50100040435791,-24.753999710083008
1Z31_A_13,A,13,-55.42499923706055,17.101999282836914,-21.53199958801269
1Z31_A_14,C,14,-58.16999816894531,21.38800048828125,-19.31999969482422
1Z31_A_15,U,15,-63.45399856567383,21.575000762939453,-17.604000091552734
1Z31_A_16,U,16,-68.96900177001953,24.08300018310547,-15.071999549865724
1Z31_A_17,C,17,-68.61599731445312,17.37299919128418,-18.677000045776367
1Z31_A_18,G,18,-72.28900146484375,22.291000366210938,-22.77400016784668
1Z31_A_19,G,19,-67.2229995727539,23.44799995422364,-24.700000762939453
1Z31_A_20,U,20,-61.68000030517578,24.54700088500977,-25.27300071716309
1Z31_A_21,C,21,-56.415000915527344,23.53400039672852,-27.81100082397461
1Z31_A_22,A,22,-53.75,21.207000732421875,-30.45599937438965
1Z31_A_23,C,23,-50.9109992980957,17.593000411987305,-28.315000534057617
1Z31_A_24,U,24,-48.007999420166016,13.048999786376951,-32.54600143432617
1Z31_A_25,G,25,-50.30500030517578,11.32900047302246,-35.9010009765625
1Z31_A_26,C,26,-54.479000091552734,8.963000297546387,-39.0880012512207
1Z31_A_27,C,27,-58.69599914550781,10.458999633789062,-43.29199981689453
1Z31_A_28,A,28,-60.209999084472656,14.37600040435791,-46.54899978637695
1Z31_A_29,C,29,-62.422000885009766,18.812000274658203,-49.8759994506836
1Z31_A_30,C,30,-60.78900146484375,23.53700065612793,-52.2239990234375
1Z31_A_31,U,31,-55.72700119018555,26.475000381469727,-53.07899856567383
1Z31_A_32,C,32,-50.17499923706055,28.816999435424805,-53.93600082397461
