ID,resname,resid,x_1,y_1,z_1
1ZBH_E_1,C,1,,,
1ZBH_E_2,C,2,,,
1ZBH_E_3,G,3,4.53000020980835,-38.4739990234375,28.57900047302246
1ZBH_E_4,G,4,-1.656999945640564,-38.542999267578125,28.358999252319336
1ZBH_E_5,C,5,-4.902999877929688,-34.58000183105469,29.104999542236328
1ZBH_E_6,U,6,-7.85699987411499,-29.62800025939941,30.350000381469727
1ZBH_E_7,C,7,-8.675999641418457,-24.29899978637696,30.3759994506836
1ZBH_E_8,U,8,-6.552000045776367,-19.400999069213867,28.63500022888184
1ZBH_E_9,U,9,-6.310999870300293,-13.347999572753906,22.388999938964844
1ZBH_E_10,U,10,0.5239999890327454,-14.390999794006348,27.242000579833984
1ZBH_E_11,U,11,-2.3299999237060547,-19.097000122070312,21.61800003051757
1ZBH_E_12,C,12,5.770999908447266,-19.14800071716309,18.05699920654297
1ZBH_E_13,A,13,2.696000099182129,-18.386999130249023,24.45599937438965
1ZBH_E_14,G,14,0.5860000252723694,-19.01000022888184,29.613000869750977
1ZBH_E_15,A,15,-1.7910000085830688,-21.718000411987305,33.85900115966797
1ZBH_E_16,G,16,-3.249000072479248,-26.38800048828125,35.547000885009766
1ZBH_E_17,C,17,-4.861000061035156,-31.652999877929688,36.10300064086914
1ZBH_E_18,C,18,-4.223999977111816,-37.35599899291992,36.696998596191406
1ZBH_E_19,G,19,,,
1ZBH_E_20,G,20,,,
