ID,resname,resid,x_1,y_1,z_1
1ZDI_S_1,A,1,,,
1ZDI_S_2,C,2,,,
1ZDI_S_3,A,3,,,
1ZDI_S_4,U,4,-6.874000072479248,-94.1709976196289,32.71900177001953
1ZDI_S_5,G,5,-2.2079999446868896,-95.6959991455078,30.332000732421875
1ZDI_S_6,A,6,0.6869999766349792,-103.86699676513672,27.73600006103516
1ZDI_S_7,G,7,3.38700008392334,-95.2969970703125,30.277999877929688
1ZDI_S_8,G,8,9.154000282287598,-95.03399658203124,32.88600158691406
1ZDI_S_9,A,9,11.539999961853027,-95.6780014038086,37.1150016784668
1ZDI_S_10,U,10,17.025999069213867,-95.23600006103516,41.32600021362305
1ZDI_S_11,U,11,10.088000297546388,-98.03299713134766,43.1150016784668
1ZDI_S_12,A,12,4.599999904632568,-95.1439971923828,48.03499984741211
1ZDI_S_13,C,13,8.526000022888184,-91.5749969482422,42.49300003051758
1ZDI_S_14,C,14,8.104999542236328,-89.47699737548828,38.141998291015625
1ZDI_S_15,C,15,5.24399995803833,-88.73699951171875,32.9010009765625
1ZDI_S_16,A,16,0.9419999718666076,-88.22699737548828,29.440000534057617
1ZDI_S_17,U,17,,,
1ZDI_S_18,G,18,,,
1ZDI_S_19,U,19,,,
