ID,resname,resid,x_1,y_1,z_1
1ZDK_S_1,A,1,-6.162000179290772,-84.5479965209961,44.117000579833984
1ZDK_S_2,C,2,-9.621000289916992,-88.0989990234375,40.88999938964844
1ZDK_S_3,A,3,-9.217000007629396,-91.33100128173828,36.7599983215332
1ZDK_S_4,U,4,-6.664999961853027,-94.36100006103516,32.96099853515625
1ZDK_S_5,G,5,-2.496000051498413,-95.8939971923828,30.124000549316406
1ZDK_S_6,A,6,0.7229999899864197,-103.96499633789062,27.80599975585937
1ZDK_S_7,G,7,3.385999917984009,-95.36399841308594,29.915000915527344
1ZDK_S_8,G,8,8.982000350952148,-95.12999725341795,32.78799819946289
1ZDK_S_9,A,9,11.692999839782717,-95.7959976196289,37.59000015258789
1ZDK_S_10,U,10,16.658000946044922,-95.85700225830078,40.81399917602539
1ZDK_S_11,C,11,9.982999801635742,-97.9800033569336,43.00699996948242
1ZDK_S_12,A,12,4.535999774932861,-95.14299774169922,48.00299835205078
1ZDK_S_13,C,13,8.4399995803833,-91.52799987792967,42.54100036621094
1ZDK_S_14,C,14,8.175999641418457,-89.47799682617188,38.08100128173828
1ZDK_S_15,C,15,5.236000061035156,-88.80599975585938,32.81800079345703
1ZDK_S_16,A,16,0.8309999704360962,-88.22100067138672,29.275999069213867
1ZDK_S_17,U,17,-4.111000061035156,-87.83799743652344,28.27899932861328
1ZDK_S_18,G,18,-9.925000190734863,-87.83799743652344,29.36899948120117
1ZDK_S_19,U,19,-13.109999656677246,-84.70899963378906,35.42300033569336
