ID,resname,resid,x_1,y_1,z_1
1ZIF_A_1,G,1,3.973000049591065,-13.053000450134276,3.565000057220459
1ZIF_A_2,G,2,5.578000068664551,-8.486000061035156,0.7559999823570251
1ZIF_A_3,G,3,6.366000175476074,-3.059999942779541,-2.0859999656677246
1ZIF_A_4,C,4,4.372000217437744,1.430999994277954,-2.4609999656677246
1ZIF_A_5,G,5,0.5139999985694885,5.355999946594238,0.5529999732971191
1ZIF_A_6,A,6,2.7920000553131104,10.873000144958496,4.879000186920166
1ZIF_A_7,A,7,-0.984000027179718,8.562000274658203,6.433000087738037
1ZIF_A_8,A,8,-4.833000183105469,6.333000183105469,5.052999973297119
1ZIF_A_9,G,9,-5.211999893188477,3.749000072479248,0.9900000095367432
1ZIF_A_10,C,10,-3.677000045776367,0.414000004529953,-3.4230000972747803
1ZIF_A_11,C,11,-1.0420000553131104,-3.2060000896453857,-5.489999771118164
1ZIF_A_12,U,12,1.2949999570846558,-7.767000198364258,-5.008999824523926
