ID,resname,resid,x_1,y_1,z_1
1ZIG_A_1,G,1,-10.44499969482422,-1.9570000171661377,-6.855000019073486
1ZIG_A_2,G,2,-9.692999839782717,-0.4410000145435333,-1.986999988555908
1ZIG_A_3,G,3,-7.150000095367432,-0.1220000013709068,2.5510001182556152
1ZIG_A_4,C,4,-2.5910000801086426,0.1430000066757202,4.340000152587891
1ZIG_A_5,G,5,2.6070001125335693,0.9179999828338624,4.578999996185303
1ZIG_A_6,A,6,7.239999771118164,6.959000110626221,7.076000213623047
1ZIG_A_7,G,7,8.151000022888184,4.742000102996826,2.3959999084472656
1ZIG_A_8,A,8,9.690999984741213,1.7769999504089355,-1.493000030517578
1ZIG_A_9,G,9,5.925000190734863,-0.5860000252723694,-2.1429998874664307
1ZIG_A_10,C,10,2.650000095367432,-3.92300009727478,0.6019999980926514
1ZIG_A_11,C,11,-1.6579999923706057,-6.304999828338623,1.4509999752044678
1ZIG_A_12,U,12,-6.331999778747559,-7.53000020980835,0.8240000009536743
