ID,resname,resid,x_1,y_1,z_1
1ZIH_A_1,G,1,-10.967000007629396,-3.5309998989105225,-5.3420000076293945
1ZIH_A_2,G,2,-6.5229997634887695,-0.4510000050067901,-6.421999931335449
1ZIH_A_3,G,3,-1.1519999504089355,2.372999906539917,-6.090000152587891
1ZIH_A_4,C,4,3.13700008392334,2.819000005722046,-3.0239999294281006
1ZIH_A_5,G,5,6.302999973297119,0.1230000033974647,0.6290000081062317
1ZIH_A_6,C,6,9.689000129699709,-6.676000118255615,1.1419999599456787
1ZIH_A_7,A,7,5.940000057220459,-6.284999847412109,4.058000087738037
1ZIH_A_8,A,8,3.723999977111816,-4.046000003814697,8.116000175476074
1ZIH_A_9,G,9,1.2960000038146973,-0.5509999990463257,6.620999813079834
1ZIH_A_10,C,10,-0.0469999983906745,4.723999977111816,4.196000099182129
1ZIH_A_11,C,11,-2.9809999465942383,6.295000076293945,0.925000011920929
1ZIH_A_12,U,12,-6.742000102996826,5.392000198364258,-2.0230000019073486
