ID,resname,resid,x_1,y_1,z_1
28SP_A_1,G,1,5.602000236511231,-62.99100112915039,34.95800018310547
28SP_A_2,G,2,7.316999912261963,-63.23500061035156,30.16200065612793
28SP_A_3,C,3,7.15500020980835,-62.30500030517578,24.309999465942383
28SP_A_4,G,4,4.686999797821045,-59.55400085449219,20.42799949645996
28SP_A_5,U,5,0.7770000100135803,-56.775001525878906,19.35199928283692
28SP_A_6,C,6,-1.9859999418258667,-52.39699935913086,21.577999114990234
28SP_A_7,A,7,-7.367000102996826,-48.87699890136719,20.742000579833984
28SP_A_8,G,8,-8.315999984741211,-44.70199966430664,24.1299991607666
28SP_A_9,G,9,-5.848999977111816,-40.624000549316406,24.76300048828125
28SP_A_10,U,10,-1.60099995136261,-38.72499847412109,26.99799919128418
28SP_A_11,C,11,3.723000049591065,-37.64899826049805,26.83799934387207
28SP_A_12,C,12,8.093000411987305,-34.71099853515625,24.082000732421875
28SP_A_13,G,13,7.517000198364258,-30.70800018310547,21.02400016784668
28SP_A_14,G,14,5.828000068664551,-25.96299934387207,16.698999404907227
28SP_A_15,A,15,3.3540000915527344,-29.832000732421875,15.074999809265137
28SP_A_16,A,16,3.98799991607666,-32.75899887084961,12.92199993133545
28SP_A_17,G,17,6.296000003814697,-36.641998291015625,13.647000312805176
28SP_A_18,G,18,7.98799991607666,-39.604000091552734,17.20800018310547
28SP_A_19,A,19,7.603000164031982,-41.80099868774414,21.72900009155273
28SP_A_20,A,20,5.96999979019165,-44.56600189208984,25.4060001373291
28SP_A_21,G,21,1.6449999809265137,-46.84799957275391,26.03899955749512
28SP_A_22,C,22,-1.3279999494552612,-51.69200134277344,26.86899948120117
28SP_A_23,A,23,-6.613999843597412,-51.584999084472656,27.59199905395508
28SP_A_24,G,24,-8.20199966430664,-54.874000549316406,23.81100082397461
28SP_A_25,C,25,-5.793000221252441,-59.310001373291016,21.63800048828125
28SP_A_26,G,26,-2.6730000972747803,-63.65599822998047,20.32900047302246
28SP_A_27,C,27,0.9210000038146972,-66.44400024414062,22.59000015258789
28SP_A_28,C,28,3.624000072479248,-69.58899688720703,27.552000045776367
