ID,resname,resid,x_1,y_1,z_1
2AHT_A_1,G,1,6.432000160217285,-17.645000457763672,-1.3029999732971191
2AHT_A_2,G,2,4.328000068664551,-13.897000312805176,-4.607999801635742
2AHT_A_3,A,3,0.7900000214576721,-10.012999534606934,-6.140999794006348
2AHT_A_4,G,4,-3.7269999980926514,-7.031000137329102,-5.454999923706055
2AHT_A_5,C,5,-5.738999843597412,-3.785000085830689,-1.743000030517578
2AHT_A_6,G,6,-6.553999900817871,-0.4939999878406524,3.20199990272522
2AHT_A_7,G,7,-3.546999931335449,2.815000057220459,6.368000030517578
2AHT_A_8,G,8,1.3880000114440918,5.932000160217285,7.65500020980835
2AHT_A_9,G,9,5.500999927520752,9.418999671936035,6.175000190734863
2AHT_A_10,G,10,7.3379998207092285,11.777000427246094,2.0850000381469727
2AHT_A_11,U,11,5.860000133514404,14.22700023651123,-2.302999973297119
2AHT_A_12,G,12,1.5110000371932983,16.718000411987305,-2.5350000858306885
2AHT_A_13,U,13,-2.91599988937378,20.8129997253418,-4.35099983215332
2AHT_A_14,A,14,-5.77899980545044,16.913999557495117,-4.23199987411499
2AHT_A_15,A,15,-5.881999969482422,12.1850004196167,-6.35099983215332
2AHT_A_16,A,16,-2.010999917984009,9.350000381469728,-7.03000020980835
2AHT_A_17,C,17,2.503000020980835,7.285999774932861,-5.960000038146973
2AHT_A_18,C,18,7.23199987411499,5.236999988555908,-3.3420000076293945
2AHT_A_19,U,19,7.828999996185303,2.424000024795532,0.3149999976158142
2AHT_A_20,A,20,7.738999843597412,-0.6930000185966492,4.729000091552734
2AHT_A_21,U,21,4.546999931335449,-2.8929998874664307,9.142000198364258
2AHT_A_22,C,22,-0.2930000126361847,-5.761000156402588,10.156999588012695
2AHT_A_23,G,23,-4.076000213623047,-8.017000198364258,7.703000068664551
2AHT_A_24,C,24,-7.880000114440918,-10.347999572753906,3.812999963760376
2AHT_A_25,U,25,-8.079999923706055,-13.387999534606934,-0.7419999837875366
2AHT_A_26,C,26,-5.9720001220703125,-16.447999954223633,-4.489999771118164
2AHT_A_27,C,27,-2.381999969482422,-19.30699920654297,-7.326000213623047
