ID,resname,resid,x_1,y_1,z_1
2B2E_R_1,A,1,,,
2B2E_R_2,C,2,,,
2B2E_R_3,A,3,-61.85699844360352,46.630001068115234,71.7750015258789
2B2E_R_4,U,4,-57.83700180053711,50.66600036621094,72.4260025024414
2B2E_R_5,G,5,-55.40900039672852,55.44100189208984,70.11799621582031
2B2E_R_6,A,6,-54.82600021362305,64.34200286865234,73.50599670410156
2B2E_R_7,G,7,-54.84299850463867,58.84700012207031,65.18099975585938
2B2E_R_8,G,8,-57.21699905395508,61.30899810791016,60.625
2B2E_R_9,A,9,-61.54399871826172,62.85300064086914,57.45399856567383
2B2E_R_10,U,10,-64.7969970703125,64.77899932861328,52.290000915527344
2B2E_R_11,U,11,-68.28800201416016,61.81900024414063,59.483001708984375
2B2E_R_12,A,12,-72.51699829101562,55.446998596191406,60.66699981689453
2B2E_R_13,C,13,-66.00499725341797,55.78900146484375,57.18299865722656
2B2E_R_14,C,14,-60.39099884033203,55.31700134277344,56.57699966430664
2B2E_R_15,C,15,-55.36199951171875,54.45199966430664,59.31399917602539
2B2E_R_16,A,16,-52.297000885009766,52.16899871826172,63.12300109863281
2B2E_R_17,U,17,-51.90499877929688,48.887001037597656,67.09600067138672
2B2E_R_18,G,18,-52.02000045776367,44.6619987487793,70.34600067138672
2B2E_R_19,U,19,,,
2B2E_S_1,A,1,,,
2B2E_S_2,C,2,,,
2B2E_S_3,A,3,,,
2B2E_S_4,U,4,-79.22799682617188,53.39599990844727,33.27199935913086
2B2E_S_5,G,5,-81.79100036621094,49.49599838256836,30.81399917602539
2B2E_S_6,A,6,-90.177001953125,51.25,27.4950008392334
2B2E_S_7,G,7,-84.00900268554688,43.94200134277344,29.75300025939941
2B2E_S_8,G,8,-86.87999725341797,39.41600036621094,32.79800033569336
2B2E_S_9,A,9,-89.13400268554688,36.71599960327149,36.8489990234375
2B2E_S_10,U,10,-91.32599639892578,32.28900146484375,41.255001068115234
2B2E_S_11,U,11,-89.19100189208984,40.32899856567383,43.44900131225586
2B2E_S_12,A,12,-84.76000213623047,43.17100143432617,48.0260009765625
2B2E_S_13,C,13,-83.45700073242188,38.48099899291992,43.07600021362305
2B2E_S_14,C,14,-81.76699829101562,36.80799865722656,37.96900177001953
2B2E_S_15,C,15,-79.84200286865234,38.8390007019043,32.018001556396484
2B2E_S_16,A,16,-76.92400360107422,43.63800048828125,29.040000915527344
2B2E_S_17,U,17,-73.98999786376953,47.64500045776367,28.499000549316406
2B2E_S_18,G,18,,,
2B2E_S_19,U,19,,,
