ID,resname,resid,x_1,y_1,z_1
2B6G_B_1,G,1,74.49199676513672,8.746999740600586,6.73799991607666
2B6G_B_2,G,2,73.13999938964844,9.08199977874756,0.7080000042915344
2B6G_B_3,A,3,73.05500030517578,6.386000156402588,-3.752000093460083
2B6G_B_4,G,4,73.34600067138672,2.0980000495910645,-7.333000183105469
2B6G_B_5,G,5,73.74299621582031,-3.0220000743865967,-8.039999961853027
2B6G_B_6,C,6,73.125,-8.736000061035156,-6.894000053405762
2B6G_B_7,U,7,71.28199768066406,-13.46500015258789,-3.796999931335449
2B6G_B_8,C,8,66.66400146484375,-15.505000114440918,-1.8289999961853027
2B6G_B_9,U,9,66.93299865722656,-16.270999908447266,3.2039999961853027
2B6G_B_10,G,10,60.39899826049805,-13.630999565124512,1.430999994277954
2B6G_B_11,G,11,62.34700012207031,-8.192000389099121,4.75600004196167
2B6G_B_12,C,12,62.382999420166016,-2.41599988937378,7.848000049591064
2B6G_B_13,A,13,67.2040023803711,-9.373000144958496,5.197999954223633
2B6G_B_14,G,14,72.49500274658203,-10.16100025177002,3.674000024795532
2B6G_B_15,C,15,76.7020034790039,-8.961999893188477,0.3709999918937683
2B6G_B_16,U,16,79.00599670410156,-5.201000213623047,-2.16599988937378
2B6G_B_17,U,17,80.9800033569336,-0.6729999780654907,-5.276999950408936
2B6G_B_18,U,18,81.18299865722656,4.102000236511231,-4.184999942779541
2B6G_B_19,C,19,80.78099822998047,9.732999801635742,-1.9210000038146973
