ID,resname,resid,x_1,y_1,z_1
2BS0_R_1,A,1,,,
2BS0_R_2,U,2,,,
2BS0_R_3,G,3,,,
2BS0_R_4,C,4,,,
2BS0_R_5,A,5,,,
2BS0_R_6,U,6,34.492000579833984,-90.84100341796876,37.09299850463867
2BS0_R_7,G,7,31.013999938964844,-93.0999984741211,33.150001525878906
2BS0_R_8,U,8,30.489999771118164,-95.3239974975586,28.29800033569336
2BS0_R_9,C,9,32.54100036621094,-97.23699951171876,23.590999603271484
2BS0_R_10,U,10,33.18899917602539,-97.83699798583984,18.22100067138672
2BS0_R_11,A,11,39.16400146484375,-99.34700012207033,22.768999099731445
2BS0_R_12,A,12,46.36000061035156,-96.61299896240234,24.02899932861328
2BS0_R_13,G,13,42.30099868774414,-93.2959976196289,20.863000869750977
2BS0_R_14,A,14,37.77999877929688,-91.27899932861328,21.448999404907227
2BS0_R_15,C,15,33.143001556396484,-89.52300262451172,23.65800094604492
2BS0_R_16,U,16,30.239999771118164,-87.7030029296875,28.40699958801269
2BS0_R_17,G,17,30.457000732421875,-84.61000061035156,34.07400131225586
2BS0_R_18,C,18,,,
2BS0_R_19,A,19,,,
2BS0_R_20,U,20,,,
2BS0_S_1,A,1,,,
2BS0_S_2,U,2,,,
2BS0_S_3,G,3,,,
2BS0_S_4,C,4,,,
2BS0_S_5,A,5,,,
2BS0_S_6,U,6,,,
2BS0_S_7,G,7,55.887001037597656,-82.53299713134766,-5.361000061035156
2BS0_S_8,U,8,60.83000183105469,-81.04299926757812,-3.938999891281128
2BS0_S_9,C,9,64.7229995727539,-80.4729995727539,0.0689999982714653
2BS0_S_10,U,10,68.83100128173828,-78.53199768066406,3.059999942779541
2BS0_S_11,A,11,65.2760009765625,-84.39199829101562,5.287000179290772
2BS0_S_12,A,12,60.29600143432617,-87.63400268554688,11.258000373840332
2BS0_S_13,G,13,62.005001068115234,-81.0260009765625,9.82900047302246
2BS0_S_14,A,14,59.69100189208984,-78.93499755859375,6.605000019073486
2BS0_S_15,C,15,58.10499954223633,-75.875,2.430999994277954
2BS0_S_16,U,16,,,
2BS0_S_17,G,17,,,
2BS0_S_18,C,18,,,
2BS0_S_19,A,19,,,
2BS0_S_20,U,20,,,
