ID,resname,resid,x_1,y_1,z_1
2D19_A_1,G,1,20.027000427246094,3.16599988937378,-6.988999843597412
2D19_A_2,C,2,18.68899917602539,-1.99399995803833,-7.298999786376953
2D19_A_3,U,3,15.932000160217283,-5.458000183105469,-4.894999980926514
2D19_A_4,G,4,12.402000427246094,-7.63700008392334,-1.0130000114440918
2D19_A_5,A,5,6.48199987411499,-6.785999774932861,0.3740000128746032
2D19_A_6,A,6,1.600000023841858,-4.435999870300293,-2.684000015258789
2D19_A_7,G,7,-4.7129998207092285,-2.109999895095825,-6.605999946594238
2D19_A_8,U,8,-3.177000045776367,3.164999961853028,-7.697000026702881
2D19_A_9,G,9,-0.6190000176429749,8.303000450134277,-6.664999961853027
2D19_A_10,C,10,2.138999938964844,11.125,-3.2179999351501465
2D19_A_11,A,11,4.27899980545044,10.402999877929688,1.0670000314712524
2D19_A_12,C,12,6.25600004196167,7.855000019073486,5.616000175476074
2D19_A_13,A,13,9.468999862670898,3.7699999809265137,7.702000141143799
2D19_A_14,C,14,12.847000122070312,-0.6779999732971191,7.304999828338623
2D19_A_15,G,15,15.66800022125244,-5.410999774932861,5.627999782562256
2D19_A_16,G,16,18.93600082397461,-7.743000030517578,1.621999979019165
2D19_A_17,C,17,22.340999603271484,-6.330999851226807,-2.496000051498413
