ID,resname,resid,x_1,y_1,z_1
2ESE_B_1,G,1,1.9299999475479128,23.47900009155273,8.534000396728516
2ESE_B_2,G,2,3.1710000038146973,18.07999992370605,8.892000198364258
2ESE_B_3,A,3,2.8469998836517334,13.222000122070312,11.029999732971191
2ESE_B_4,G,4,0.8399999737739563,9.437999725341797,14.663000106811523
2ESE_B_5,A,5,-3.5439999103546143,6.994999885559082,17.363000869750977
2ESE_B_6,G,6,-9.152999877929688,6.124000072479248,17.759000778198242
2ESE_B_7,G,7,-14.59000015258789,6.901999950408936,15.715999603271484
2ESE_B_8,C,8,-17.4689998626709,7.294000148773193,11.505000114440918
2ESE_B_9,U,9,-18.270999908447266,6.954999923706055,6.14900016784668
2ESE_B_10,C,10,-17.826000213623047,5.236999988555908,0.6549999713897705
2ESE_B_11,U,11,-16.270999908447266,6.2820000648498535,-4.078000068664551
2ESE_B_12,G,12,-12.314000129699709,1.22599995136261,-1.1239999532699585
2ESE_B_13,G,13,-7.072000026702881,4.158999919891357,-0.8870000243186951
2ESE_B_14,C,14,-0.8690000176429749,5.177999973297119,2.9089999198913574
2ESE_B_15,A,15,-9.027000427246094,7.330999851226807,0.8209999799728394
2ESE_B_16,G,16,-12.416000366210938,11.197999954223633,2.874000072479248
2ESE_B_17,C,17,-14.58899974822998,13.168999671936035,7.006999969482422
2ESE_B_18,U,18,-14.359999656677246,13.484000205993652,12.218000411987305
2ESE_B_19,U,19,-12.366000175476074,13.319000244140623,17.32699966430664
2ESE_B_20,U,20,-7.784999847412109,13.276000022888184,19.676000595092773
2ESE_B_21,U,21,-2.2249999046325684,12.954999923706056,20.25900077819824
2ESE_B_22,C,22,2.8510000705718994,14.58199977874756,19.13999938964844
2ESE_B_23,C,23,5.918000221252441,18.410999298095703,16.923999786376953
