ID,resname,resid,x_1,y_1,z_1
2EUY_A_1,G,1,-4.787000179290772,-28.29899978637696,4.949999809265137
2EUY_A_2,G,2,-4.072999954223633,-24.700000762939453,9.744999885559082
2EUY_A_3,C,3,-2.23799991607666,-20.18099975585937,12.41800022125244
2EUY_A_4,C,4,0.2879999876022339,-15.8149995803833,11.781999588012695
2EUY_A_5,U,5,3.2049999237060547,-11.697999954223633,9.95400047302246
2EUY_A_6,U,6,3.502000093460083,-7.592000007629394,6.5929999351501465
2EUY_A_7,A,7,4.4710001945495605,-4.4070000648498535,2.7679998874664307
2EUY_A_8,G,8,5.3460001945495605,1.652999997138977,1.0570000410079956
2EUY_A_9,G,9,7.49399995803833,2.427000045776367,-3.513000011444092
2EUY_A_10,A,10,4.711999893188477,4.902999877929688,-7.456999778747559
2EUY_A_11,A,11,1.0420000553131104,5.852000236511231,-11.944000244140623
2EUY_A_12,A,12,-2.944000005722046,9.222000122070312,-10.880000114440918
2EUY_A_13,C,13,-6.477000236511231,12.906000137329102,-9.791999816894531
2EUY_A_14,A,14,-7.581999778747559,16.812000274658203,-6.051000118255615
2EUY_A_15,G,15,-6.692999839782715,20.847000122070312,-2.0920000076293945
2EUY_A_16,U,16,-2.940000057220459,23.840999603271484,-1.6059999465942385
2EUY_A_17,U,17,1.5529999732971191,27.88500022888184,0.574999988079071
2EUY_A_18,C,18,4.752999782562256,24.030000686645508,-4.926000118255615
2EUY_A_19,G,19,7.21999979019165,21.62800025939941,-0.248999997973442
2EUY_A_20,C,20,3.638999938964844,19.184999465942383,1.0199999809265137
2EUY_A_21,U,21,-1.25600004196167,16.356000900268555,2.657000064849853
2EUY_A_22,G,22,-4.426000118255615,13.119999885559082,1.131999969482422
2EUY_A_23,U,23,-7.796000003814697,9.718000411987305,-1.440999984741211
2EUY_A_24,G,24,-8.545000076293945,5.9670000076293945,-3.549000024795532
2EUY_A_25,C,25,-5.664000034332275,2.7739999294281006,-6.038000106811523
2EUY_A_26,C,26,-1.9170000553131104,-1.440000057220459,-7.815999984741211
2EUY_A_27,G,27,-5.493000030517578,-5.2230000495910645,-5.026000022888184
2EUY_A_28,A,28,-2.4049999713897705,-8.944999694824219,-4.758999824523926
2EUY_A_29,A,29,2.0799999237060547,-11.272000312805176,-3.437999963760376
2EUY_A_30,A,30,5.614999771118164,-13.678000450134276,0.4129999876022339
2EUY_A_31,G,31,8.378000259399414,-16.104999542236328,4.888999938964844
2EUY_A_32,G,32,8.298999786376953,-20.128999710083008,9.03600025177002
2EUY_A_33,U,33,6.508999824523926,-24.18600082397461,11.62399959564209
2EUY_A_34,C,34,3.359999895095825,-29.13800048828125,12.015999794006348
