ID,resname,resid,x_1,y_1,z_1
2EVY_A_1,G,1,-623.5139770507812,-441.0010070800781,76.45999908447266
2EVY_A_2,G,2,-625.6519775390625,-444.7669982910156,72.98899841308594
2EVY_A_3,U,3,-626.3090209960938,-447.0539855957031,67.97899627685547
2EVY_A_4,A,4,-625.0130004882812,-447.9869995117188,62.792999267578125
2EVY_A_5,U,5,-622.7160034179688,-448.18499755859375,57.91600036621094
2EVY_A_6,G,6,-618.5070190429688,-449.41400146484375,54.040000915527344
2EVY_A_7,C,7,-619.8939819335938,-444.5920104980469,50.67699813842773
2EVY_A_8,U,8,-610.0880126953125,-446.9570007324219,52.49399948120117
2EVY_A_9,A,9,-613.302001953125,-442.66900634765625,54.24700164794922
2EVY_A_10,G,10,-616.198974609375,-440.4620056152344,55.63999938964844
2EVY_A_11,U,11,-620.5499877929688,-439.468994140625,58.42100143432617
2EVY_A_12,A,12,-626.0570068359375,-439.72601318359375,60.0359992980957
2EVY_A_13,C,13,-630.1890258789062,-440.0409851074219,64.06099700927734
2EVY_A_14,C,14,-632.4949951171875,-439.16900634765625,69.55799865722656
