ID,resname,resid,x_1,y_1,z_1
2F4X_B_1,G,1,-22.804000854492188,-12.053999900817873,11.628000259399414
2F4X_B_2,G,2,-17.89299964904785,-10.055999755859377,16.756999969482422
2F4X_B_3,U,3,-12.791999816894531,-9.222000122070312,19.090999603271484
2F4X_B_4,U,4,-8.01200008392334,-10.961999893188477,18.4950008392334
2F4X_B_5,G,5,-2.802999973297119,-12.668999671936035,16.562999725341797
2F4X_B_6,C,6,0.4390000104904175,-12.60200023651123,12.194000244140623
2F4X_B_7,U,7,0.7950000166893005,-10.881999969482422,7.388999938964844
2F4X_B_8,G,8,-0.2720000147819519,-9.793999671936035,1.9889999628067017
2F4X_B_9,A,9,0.3889999985694885,-7.414000034332275,-3.3959999084472656
2F4X_B_10,A,10,2.775000095367432,-3.83899998664856,-6.843999862670898
2F4X_B_11,G,11,5.927999973297119,-1.5789999961853027,-0.6119999885559082
2F4X_B_12,C,12,6.9670000076293945,0.2610000073909759,4.22599983215332
2F4X_B_13,G,13,6.531000137329102,3.642999887466431,10.003000259399414
2F4X_B_14,C,14,1.7389999628067017,5.09499979019165,12.553999900817873
2F4X_B_15,G,15,-3.364000082015991,4.5920000076293945,12.321000099182127
2F4X_B_16,C,16,-7.802000045776367,3.2880001068115234,9.847999572753906
2F4X_B_17,A,17,-9.710000038146973,-0.257999986410141,6.244999885559082
2F4X_B_18,C,18,-9.430999755859377,-4.809999942779541,3.111000061035156
2F4X_B_19,G,19,-8.220000267028809,-10.31999969482422,2.8959999084472656
2F4X_B_20,G,20,-6.176000118255615,-15.083999633789062,4.540999889373779
2F4X_B_21,C,21,-5.442999839782715,-18.790000915527344,8.46399974822998
2F4X_B_22,A,22,-6.48199987411499,-19.444000244140625,13.494999885559082
2F4X_B_23,A,23,-8.668000221252441,-19.14999961853028,18.917999267578125
2F4X_B_24,C,24,-12.364999771118164,-17.69300079345703,21.225000381469727
