ID,resname,resid,x_1,y_1,z_1
2F87_A_1,G,1,10.076000213623049,4.619999885559082,5.551000118255615
2F87_A_2,G,2,7.821000099182129,4.525000095367432,1.1549999713897705
2F87_A_3,C,3,5.261000156402588,1.851999998092652,-3.401000022888184
2F87_A_4,U,4,0.4009999930858612,1.722000002861023,-5.429999828338623
2F87_A_5,G,5,-4.484000205993652,3.3299999237060547,-2.2950000762939453
2F87_A_6,A,6,-10.13599967956543,6.014999866485596,0.0160000007599592
2F87_A_7,A,7,-9.607999801635742,1.5540000200271606,2.5309998989105225
2F87_A_8,G,8,-7.960000038146973,-2.690000057220459,3.808000087738037
2F87_A_9,G,9,-4.48199987411499,-5.533999919891357,1.116000056266785
2F87_A_10,G,10,-0.5210000276565552,-6.630000114440918,-2.069999933242798
2F87_A_11,C,11,4.382999897003174,-4.538000106811523,-3.421999931335449
2F87_A_12,C,12,8.852999687194824,-4.056000232696533,-0.4379999935626983
