ID,resname,resid,x_1,y_1,z_1
2F88_A_1,G,1,21.64800071716309,-14.163999557495115,-3.052999973297119
2F88_A_2,A,2,17.856000900268555,-11.618000030517578,-6.234000205993652
2F88_A_3,G,3,12.583000183105469,-10.50100040435791,-9.157999992370604
2F88_A_4,C,4,7.355000019073486,-9.07900047302246,-9.736000061035156
2F88_A_5,C,5,4.197999954223633,-8.519000053405762,-6.675000190734863
2F88_A_6,G,6,-0.2739999890327453,-8.579000473022461,-2.32699990272522
2F88_A_7,U,7,-1.2400000095367432,-7.556000232696533,2.5309998989105225
2F88_A_8,G,8,-0.2029999941587448,-4.952000141143799,6.494999885559082
2F88_A_9,U,9,-0.0759999975562095,-0.3370000123977661,6.205999851226807
2F88_A_10,G,10,1.741000056266785,6.311999797821045,4.50600004196167
2F88_A_11,C,11,0.9570000171661376,12.083000183105469,4.172999858856201
2F88_A_12,G,12,-2.539999961853028,15.781000137329102,3.4019999504089355
2F88_A_13,A,13,-7.275000095367432,16.086999893188477,2.8510000705718994
2F88_A_14,U,14,-12.854999542236328,15.04599952697754,2.0439999103546143
2F88_A_15,G,15,-16.375999450683594,13.645999908447266,4.642000198364258
2F88_A_16,A,16,-21.26000022888184,12.656000137329102,9.649999618530272
2F88_A_17,A,17,-18.573999404907227,8.114999771118164,9.50100040435791
2F88_A_18,A,18,-16.016000747680664,4.914000034332275,7.21999979019165
2F88_A_19,G,19,-14.843000411987305,4.491000175476074,2.322000026702881
2F88_A_20,U,20,-12.239999771118164,7.333000183105469,-0.3919999897480011
2F88_A_21,C,21,-9.152999877929688,11.468999862670898,-3.57699990272522
2F88_A_22,G,22,-3.944000005722046,12.265000343322754,-5.276000022888184
2F88_A_23,C,23,1.569000005722046,10.567999839782717,-5.276000022888184
2F88_A_24,A,24,3.624000072479248,6.427999973297119,-5.795000076293945
2F88_A_25,A,25,7.652999877929687,4.269000053405762,-3.0920000076293945
2F88_A_26,G,26,9.130999565124512,2.0,-0.1169999986886978
2F88_A_27,C,27,9.744000434875488,-0.2910000085830688,6.276000022888184
2F88_A_28,A,28,7.791999816894531,-5.3460001945495605,7.484000205993652
2F88_A_29,C,29,5.446000099182129,-9.831000328063965,6.281000137329102
2F88_A_30,G,30,3.9690001010894775,-13.01099967956543,2.5209999084472656
2F88_A_31,G,31,2.921999931335449,-16.013999938964844,-2.868000030517578
2F88_A_32,U,32,6.103000164031982,-17.759000778198242,-5.874000072479248
2F88_A_33,U,33,10.04300022125244,-17.79800033569336,-9.27299976348877
2F88_A_34,C,34,15.057000160217283,-17.319000244140625,-10.597999572753906
