ID,resname,resid,x_1,y_1,z_1
2FY1_B_1,G,1,28.474000930786133,26.375,-1.4989999532699585
2FY1_B_2,G,2,25.62299919128418,30.683000564575195,0.3039999902248382
2FY1_B_3,A,3,21.77400016784668,34.97800064086914,-0.5070000290870667
2FY1_B_4,C,4,18.405000686645508,37.27099990844727,-3.990999937057495
2FY1_B_5,U,5,15.246000289916992,37.9109992980957,-7.857999801635742
2FY1_B_6,G,6,12.697999954223633,36.36600112915039,-13.045000076293944
2FY1_B_7,U,7,10.35200023651123,31.586000442504883,-15.32900047302246
2FY1_B_8,C,8,7.994999885559082,26.53700065612793,-16.111000061035156
2FY1_B_9,C,9,5.938000202178955,23.304000854492188,-13.05500030517578
2FY1_B_10,A,10,5.0879998207092285,22.725000381469727,-8.553999900817871
2FY1_B_11,C,11,3.130000114440918,15.470999717712402,-3.983999967575073
2FY1_B_12,A,12,11.230999946594238,11.946000099182127,-3.562000036239624
2FY1_B_13,A,13,14.4399995803833,15.142999649047852,-1.496000051498413
2FY1_B_14,G,14,13.029000282287598,19.83300018310547,-9.071000099182127
2FY1_B_15,A,15,15.161999702453612,22.429000854492188,-12.43299961090088
2FY1_B_16,C,16,16.104000091552734,26.636999130249023,-16.145999908447266
2FY1_B_17,A,17,17.709999084472656,32.33399963378906,-16.639999389648438
2FY1_B_18,G,18,20.26300048828125,36.74800109863281,-14.46399974822998
2FY1_B_19,U,19,22.753999710083008,39.19499969482422,-10.267999649047852
2FY1_B_20,C,20,25.97800064086914,39.44100189208984,-5.829999923706055
2FY1_B_21,C,21,29.64800071716309,36.89899826049805,-2.371000051498413
