ID,resname,resid,x_1,y_1,z_1
2G1W_A_1,G,1,-5.656000137329102,-6.749000072479248,-13.03499984741211
2G1W_A_2,G,2,-2.151000022888184,-2.8469998836517334,-13.914999961853027
2G1W_A_3,G,3,-0.1509999930858612,-1.4390000104904177,-10.489999771118164
2G1W_A_4,G,4,0.4160000085830688,1.690999984741211,-4.8460001945495605
2G1W_A_5,U,5,3.433000087738037,4.074999809265137,-1.3240000009536743
2G1W_A_6,G,6,7.415999889373779,7.263000011444092,2.9560000896453857
2G1W_A_7,G,7,9.928999900817873,1.8240000009536743,1.2760000228881836
2G1W_A_8,C,8,7.853000164031982,-2.6689999103546143,2.052000045776367
2G1W_A_9,U,9,9.520999908447266,-10.477999687194824,2.7809998989105225
2G1W_A_10,C,10,2.750999927520752,-6.245999813079834,2.1459999084472656
2G1W_A_11,C,11,-0.871999979019165,-4.801000118255615,-0.9290000200271606
2G1W_A_12,C,12,-5.257999897003174,-1.6779999732971191,-3.788000106811523
2G1W_A_13,C,13,-10.345999717712402,-1.4140000343322754,-5.64900016784668
2G1W_A_14,U,14,-10.838000297546388,6.123000144958496,-7.447999954223633
2G1W_A_15,A,15,-8.182000160217285,4.14300012588501,-3.882999897003174
2G1W_A_16,A,16,-5.665999889373779,2.822000026702881,0.912999987602234
2G1W_A_17,C,17,-8.062000274658203,0.6370000243186951,6.473999977111816
2G1W_A_18,A,18,-2.86299991607666,-4.120999813079834,5.447000026702881
2G1W_A_19,G,19,0.6169999837875366,-3.414999961853028,8.456000328063965
2G1W_A_20,C,20,5.49399995803833,-1.4980000257492063,10.62600040435791
2G1W_A_21,C,21,8.220999717712402,3.640000104904175,12.996999740600586
2G1W_A_22,G,22,9.222999572753906,9.645999908447266,11.413000106811523
