ID,resname,resid,x_1,y_1,z_1
2GIO_A_1,G,1,-7.688000202178955,-16.333999633789062,-5.673999786376953
2GIO_A_2,G,2,-7.980000019073486,-14.723999977111816,-0.2910000085830688
2GIO_A_3,C,3,-5.669000148773193,-13.130999565124512,4.210000038146973
2GIO_A_4,C,4,-1.621000051498413,-11.218999862670898,7.044000148773193
2GIO_A_5,A,5,3.04099988937378,-9.279999732971191,7.416999816894531
2GIO_A_6,U,6,6.580999851226807,-6.144000053405762,4.419000148773193
2GIO_A_7,C,7,9.506999969482422,-2.6630001068115234,0.9549999833106996
2GIO_A_8,U,8,10.496999740600586,1.1460000276565552,-2.5969998836517334
2GIO_A_9,U,9,8.711999893188477,4.585999965667725,-5.8979997634887695
2GIO_A_10,G,10,4.724999904632568,6.89900016784668,-8.581999778747559
2GIO_A_11,C,11,-0.7490000128746033,8.392000198364258,-8.743000030517578
2GIO_A_12,U,12,-5.563000202178955,10.685999870300291,-6.626999855041504
2GIO_A_13,C,13,-7.781000137329102,14.010000228881836,-2.6600000858306885
2GIO_A_14,U,14,-4.877999782562256,17.94499969482422,0.1420000046491623
2GIO_A_15,U,15,-6.934999942779541,20.929000854492188,5.260000228881836
2GIO_A_16,C,16,-0.1979999989271164,20.61599922180176,2.765000104904175
2GIO_A_17,G,17,-1.253000020980835,17.350000381469727,8.041000366210938
2GIO_A_18,G,18,-3.5999999046325684,13.102999687194824,7.0
2GIO_A_19,A,19,-6.00600004196167,9.244999885559082,4.135000228881836
2GIO_A_20,G,20,-6.943999767303467,6.460000038146973,-0.0729999989271164
2GIO_A_21,G,21,-5.210999965667725,3.25,-3.996999979019165
2GIO_A_22,A,22,-1.2389999628067017,0.996999979019165,-7.11899995803833
2GIO_A_23,U,23,3.7160000801086426,-1.3630000352859497,-6.796000003814697
2GIO_A_24,U,24,7.790999889373779,-4.656000137329102,-4.300000190734863
2GIO_A_25,U,25,9.062000274658203,-8.918999671936035,-0.9409999847412108
2GIO_A_26,G,26,7.85699987411499,-12.994999885559082,2.575000047683716
2GIO_A_27,G,27,4.526000022888184,-16.371000289916992,5.170000076293945
2GIO_A_28,C,28,-0.0799999982118606,-18.785999298095703,5.693999767303467
2GIO_A_29,C,29,-4.770999908447266,-20.410999298095703,3.720999956130981
