ID,resname,resid,x_1,y_1,z_1
2GIP_A_1,G,1,6.620999813079834,-18.51799964904785,4.125999927520752
2GIP_A_2,G,2,7.611000061035156,-15.369000434875488,-0.3659999966621399
2GIP_A_3,C,3,5.99399995803833,-12.326000213623049,-4.374000072479248
2GIP_A_4,C,4,2.4790000915527344,-9.520000457763672,-7.111000061035156
2GIP_A_5,A,5,-2.128999948501587,-7.249000072479248,-7.434999942779541
2GIP_A_6,U,6,-6.269999980926514,-5.067999839782715,-4.275000095367432
2GIP_A_7,C,7,-8.9350004196167,-1.89900004863739,-0.3389999866485595
2GIP_A_8,U,8,-9.375,1.9229999780654907,3.390000104904175
2GIP_A_9,U,9,-6.633999824523926,5.283999919891357,5.993000030517578
2GIP_A_10,C,10,-2.57699990272522,8.263999938964844,8.288000106811523
2GIP_A_11,U,11,1.9589999914169312,11.116000175476074,8.190999984741211
2GIP_A_12,C,12,5.537000179290772,14.109000205993652,5.412000179290772
2GIP_A_13,U,13,4.373000144958496,17.607999801635742,1.409999966621399
2GIP_A_14,U,14,7.88700008392334,21.468000411987305,-2.7780001163482666
2GIP_A_15,C,15,1.1119999885559082,19.66200065612793,-4.4070000648498535
2GIP_A_16,G,16,3.9570000171661377,16.423999786376953,-7.326000213623047
2GIP_A_17,G,17,6.083000183105469,12.571000099182127,-5.053999900817871
2GIP_A_18,A,18,7.181000232696533,9.17199993133545,-1.2280000448226929
2GIP_A_19,G,19,6.695000171661377,6.538000106811523,3.236999988555908
2GIP_A_20,G,20,3.7079999446868896,4.122000217437744,7.488999843597412
2GIP_A_21,A,21,-1.1440000534057615,1.6579999923706057,9.439000129699709
2GIP_A_22,U,22,-5.545000076293945,-1.5470000505447388,7.630000114440918
2GIP_A_23,U,23,-8.732000350952148,-5.067999839782715,4.287000179290772
2GIP_A_24,U,24,-9.25100040435791,-8.564000129699707,-0.0599999986588954
2GIP_A_25,G,25,-7.639999866485596,-11.654999732971191,-4.355000019073486
2GIP_A_26,G,26,-4.105000019073486,-14.303999900817873,-7.328999996185303
2GIP_A_27,C,27,0.4429999887943268,-16.905000686645508,-8.253000259399414
2GIP_A_28,C,28,4.739999771118164,-19.52899932861328,-6.302000045776367
