ID,resname,resid,x_1,y_1,z_1
2GRW_A_1,G,1,459.8280029296875,-266.1759948730469,328.82501220703125
2GRW_A_2,G,2,456.1749877929688,-270.8599853515625,327.0979919433594
2GRW_A_3,A,3,451.7359924316406,-273.0790100097656,323.8999938964844
2GRW_A_4,C,4,447.2019958496094,-274.6180114746094,321.2200012207031
2GRW_A_5,C,5,442.7319946289063,-275.47198486328125,317.2590026855469
2GRW_A_6,U,6,440.56298828125,-277.7349853515625,312.2300109863281
2GRW_A_7,C,7,441.75,-279.44000244140625,307.16900634765625
2GRW_A_8,U,8,443.3940124511719,-279.4119873046875,301.4590148925781
2GRW_A_9,C,9,446.76800537109375,-282.1839904785156,298.53399658203125
2GRW_A_10,G,10,448.8819885253906,-286.59698486328125,298.5719909667969
2GRW_A_11,A,11,452.2749938964844,-293.718994140625,295.7590026855469
2GRW_A_12,A,12,454.6000061035156,-293.6820068359375,300.3299865722656
2GRW_A_13,A,13,456.37298583984375,-290.1969909667969,303.18701171875
2GRW_A_14,G,14,455.3290100097656,-285.6430053710937,304.4320068359375
2GRW_A_15,A,15,454.8829956054688,-279.9200134277344,302.8940124511719
2GRW_A_16,G,16,451.60101318359375,-276.26300048828125,304.5830078125
2GRW_A_17,A,17,447.37701416015625,-271.822998046875,306.0769958496094
2GRW_A_18,U,18,444.6390075683594,-268.5390014648437,310.6830139160156
2GRW_A_19,G,19,444.5060119628906,-265.5190124511719,315.9429931640625
2GRW_A_20,U,20,445.114990234375,-265.989013671875,320.885009765625
2GRW_A_21,C,21,446.2929992675781,-267.1289978027344,326.5069885253906
2GRW_A_22,C,22,449.3479919433594,-267.06500244140625,331.7850036621094
