ID,resname,resid,x_1,y_1,z_1
2GV3_A_1,G,1,16.802000045776367,-14.322999954223633,-3.3550000190734863
2GV3_A_2,G,2,15.29800033569336,-10.038000106811523,-6.88100004196167
2GV3_A_3,C,3,12.086999893188477,-6.804999828338623,-8.664999961853027
2GV3_A_4,C,4,6.849999904632568,-4.198999881744385,-9.21500015258789
2GV3_A_5,A,5,2.483999967575073,-1.065999984741211,-7.098999977111816
2GV3_A_6,G,6,0.1150000020861625,1.4259999990463257,-2.930000066757202
2GV3_A_7,A,7,0.0689999982714653,4.666999816894531,2.299999952316284
2GV3_A_8,C,8,3.490000009536743,8.41100025177002,3.476999998092652
2GV3_A_9,U,9,7.657999992370605,11.342000007629396,2.628999948501587
2GV3_A_10,C,10,9.347000122070312,12.321000099182127,-1.600000023841858
2GV3_A_11,C,11,15.378000259399414,14.241999626159668,-2.8310000896453857
2GV3_A_12,C,12,9.907999992370604,10.866999626159668,-6.039000034332275
2GV3_A_13,G,13,12.04300022125244,3.660000085830689,-3.7790000438690186
2GV3_A_14,A,14,16.238000869750977,8.277999877929688,-0.7950000166893005
2GV3_A_15,A,15,14.519000053405762,5.304999828338623,3.4140000343322754
2GV3_A_16,U,16,9.963000297546388,2.509999990463257,6.066999912261963
2GV3_A_17,C,17,5.760000228881836,-1.6710000038146973,5.922999858856201
2GV3_A_18,U,18,2.938999891281128,-5.256999969482422,3.188999891281128
2GV3_A_19,G,19,1.315999984741211,-9.020000457763672,-0.9240000247955322
2GV3_A_20,G,20,2.499000072479248,-10.748000144958496,-5.376999855041504
2GV3_A_21,C,21,5.328000068664551,-13.270999908447266,-9.770000457763672
2GV3_A_22,C,22,9.651000022888184,-16.64900016784668,-11.0649995803833
