ID,resname,resid,x_1,y_1,z_1
2GV4_A_1,G,1,-290.6470031738281,-32.05899810791016,553.22998046875
2GV4_A_2,G,2,-296.8739929199219,-31.59000015258789,550.9149780273438
2GV4_A_3,A,3,-300.3590087890625,-26.677000045776367,550.4639892578125
2GV4_A_4,C,4,-299.2470092773437,-21.48500061035156,551.0020141601562
2GV4_A_5,C,5,-296.2269897460937,-16.142000198364258,551.5399780273438
2GV4_A_6,U,6,-292.2279968261719,-12.33899974822998,550.6510009765625
2GV4_A_7,C,7,-288.197998046875,-12.178000450134276,547.7789916992188
2GV4_A_8,U,8,-283.2250061035156,-13.28499984741211,544.0330200195312
2GV4_A_9,C,9,-282.3559875488281,-14.90999984741211,538.6729736328125
2GV4_A_10,G,10,-285.4320068359375,-15.333999633789062,534.8629760742188
2GV4_A_11,A,11,-288.90301513671875,-14.621000289916992,527.2449951171875
2GV4_A_12,A,12,-291.1820068359375,-19.270000457763672,529.8679809570312
2GV4_A_13,A,13,-289.6440124511719,-23.208999633789062,532.3369750976562
2GV4_A_14,G,14,-287.2510070800781,-24.38500022888184,536.6339721679688
2GV4_A_15,A,15,-283.87701416015625,-23.586000442504883,540.5
2GV4_A_16,G,16,-283.2929992675781,-21.239999771118164,545.510986328125
2GV4_A_17,U,17,-285.1099853515625,-19.357999801635746,550.5339965820312
2GV4_A_18,G,18,-286.8160095214844,-17.256999969482422,556.4879760742188
2GV4_A_19,G,19,-291.614013671875,-18.59499931335449,557.948974609375
2GV4_A_20,U,20,-297.5140075683594,-20.61000061035156,558.9959716796875
2GV4_A_21,C,21,-300.2669982910156,-25.8700008392334,559.4559936523438
2GV4_A_22,C,22,-300.11700439453125,-31.56999969482422,559.72900390625
