ID,resname,resid,x_1,y_1,z_1
2GVO_A_1,G,1,44.19300079345703,43.38100051879883,25.929000854492188
2GVO_A_2,A,2,46.665000915527344,45.54199981689453,30.674999237060547
2GVO_A_3,G,3,47.33100128173828,48.28900146484375,35.145999908447266
2GVO_A_4,G,4,44.80899810791016,50.40999984741211,40.12699890136719
2GVO_A_5,U,5,41.7760009765625,48.18899917602539,44.98899841308594
2GVO_A_6,C,6,36.7400016784668,48.3129997253418,47.72600173950195
2GVO_A_7,G,7,34.99800109863281,44.92699813842773,51.51399993896485
2GVO_A_8,G,8,32.28200149536133,40.74599838256836,55.72600173950195
2GVO_A_9,G,9,31.503999710083008,36.617000579833984,55.65599822998047
2GVO_A_10,A,10,32.452999114990234,32.40599822998047,53.08300018310547
2GVO_A_11,U,11,32.92900085449219,28.40800094604492,47.25400161743164
2GVO_A_12,G,12,32.90900039672852,32.86600112915039,44.59600067138672
2GVO_A_13,G,13,31.11599922180176,40.15999984741211,43.755001068115234
2GVO_A_14,A,14,32.16999816894531,45.13600158691406,41.79999923706055
2GVO_A_15,U,15,34.40900039672852,49.53799819946289,40.55500030517578
2GVO_A_16,C,16,38.417999267578125,53.04199981689453,38.20600128173828
2GVO_A_17,U,17,41.19400024414063,54.18299865722656,33.76599884033203
2GVO_A_18,C,18,44.36600112915039,53.51300048828125,29.631000518798828
