ID,resname,resid,x_1,y_1,z_1
2HEM_A_1,G,1,-1.3890000581741333,-9.904999732971191,12.020000457763672
2HEM_A_2,G,2,-6.599999904632568,-9.586999893188477,9.755000114440918
2HEM_A_3,G,3,-10.0,-6.432000160217285,7.580999851226807
2HEM_A_4,A,4,-11.961000442504885,-1.5959999561309814,4.735000133514404
2HEM_A_5,A,5,-10.864999771118164,2.9110000133514404,2.069000005722046
2HEM_A_6,G,6,-6.833000183105469,5.2729997634887695,0.1720000058412552
2HEM_A_7,G,7,-1.7599999904632568,6.076000213623047,-1.625
2HEM_A_8,C,8,3.6640000343322754,6.479000091552734,-3.3940000534057617
2HEM_A_9,G,9,8.430999755859375,5.681000232696533,-6.544000148773193
2HEM_A_10,C,10,12.300999641418455,4.01800012588501,-9.91100025177002
2HEM_A_11,U,11,11.63700008392334,4.182000160217285,-14.723999977111816
2HEM_A_12,U,12,13.199000358581545,2.3929998874664307,-20.85199928283692
2HEM_A_13,C,13,7.544000148773193,3.50600004196167,-18.059999465942383
2HEM_A_14,G,14,7.933000087738037,-2.5369999408721924,-18.38999938964844
2HEM_A_15,G,15,6.7820000648498535,-4.533999919891357,-14.119000434875488
2HEM_A_16,C,16,6.4070000648498535,-4.466000080108643,-7.827000141143799
2HEM_A_17,G,17,5.751999855041504,-3.733999967575073,-2.174000024795532
2HEM_A_18,U,18,3.696000099182129,-2.007999897003174,1.621999979019165
2HEM_A_19,C,19,1.534000039100647,1.5759999752044678,5.544000148773193
2HEM_A_20,G,20,-0.8209999799728394,5.681000232696533,9.741000175476074
2HEM_A_21,G,21,-4.3470001220703125,4.756999969482422,12.467000007629396
2HEM_A_22,C,22,-9.873000144958496,1.5219999551773071,14.638999938964844
2HEM_A_23,C,23,-10.944000244140623,-3.5829999446868896,17.141000747680664
2HEM_A_24,C,24,-8.347999572753906,-7.882999897003174,19.44799995422364
