ID,resname,resid,x_1,y_1,z_1
2HNS_A_1,G,1,8.246000289916992,-10.87399959564209,4.752999782562256
2HNS_A_2,G,2,8.045000076293945,-7.467999935150146,0.1800000071525573
2HNS_A_3,C,3,5.75600004196167,-5.934999942779541,-3.704999923706055
2HNS_A_4,G,4,1.0920000076293943,-4.705999851226807,-7.26200008392334
2HNS_A_5,U,5,-4.428999900817871,-3.431999921798706,-5.989999771118164
2HNS_A_6,G,6,-8.531999588012695,-0.2820000052452087,-3.115000009536743
2HNS_A_7,A,7,-9.086999893188477,3.2079999446868896,1.52400004863739
2HNS_A_8,U,8,-6.894000053405762,7.339000225067139,4.716000080108643
2HNS_A_9,C,9,-3.059999942779541,11.394000053405762,5.711999893188477
2HNS_A_10,A,10,-0.1860000044107437,14.335000038146973,3.73799991607666
2HNS_A_11,A,11,1.5920000076293943,16.84600067138672,-0.4860000014305115
2HNS_A_12,G,12,7.467999935150146,12.628999710083008,-1.3580000400543213
2HNS_A_13,U,13,3.691999912261963,9.423999786376951,-5.86299991607666
2HNS_A_14,G,14,5.739999771118164,6.964000225067139,1.0390000343322754
2HNS_A_15,A,15,3.4130001068115234,4.413000106811523,4.901999950408936
2HNS_A_16,U,16,-0.4900000095367431,0.9729999899864196,7.303999900817871
2HNS_A_17,C,17,-4.5970001220703125,-2.986999988555908,6.572999954223633
2HNS_A_18,G,18,-7.353000164031982,-7.217000007629394,3.2160000801086426
2HNS_A_19,C,19,-6.125999927520752,-10.274999618530272,-1.1749999523162842
2HNS_A_20,G,20,-2.7669999599456787,-12.394000053405762,-4.901999950408936
2HNS_A_21,C,21,2.5829999446868896,-14.145000457763672,-6.394999980926514
2HNS_A_22,C,22,7.159999847412109,-16.347999572753906,-4.434000015258789
