ID,resname,resid,x_1,y_1,z_1
2IXY_A_1,G,1,10.142000198364258,-14.0600004196167,1.13100004196167
2IXY_A_2,G,2,9.29599952697754,-11.927000045776367,-3.8340001106262207
2IXY_A_3,C,3,5.473999977111816,-10.052000045776367,-7.653999805450439
2IXY_A_4,C,4,-0.0450000017881393,-6.800000190734863,-8.395000457763672
2IXY_A_5,U,5,-3.3510000705718994,-3.131999969482422,-7.638000011444092
2IXY_A_6,C,6,-7.013999938964844,-0.2529999911785126,-5.992000102996826
2IXY_A_7,C,7,-11.196999549865724,1.0850000381469729,-2.836999893188477
2IXY_A_8,A,8,-11.673999786376951,3.816999912261963,2.053999900817871
2IXY_A_9,A,9,-10.998000144958496,7.158999919891357,6.000999927520752
2IXY_A_10,G,10,-7.440999984741211,9.982999801635742,8.654000282287598
2IXY_A_11,C,11,-4.704999923706055,14.47700023651123,9.821999549865724
2IXY_A_12,U,12,-5.495999813079834,17.524999618530273,5.4720001220703125
2IXY_A_13,G,13,-0.1550000011920929,18.65900039672852,5.177000045776367
2IXY_A_14,U,14,-1.4670000076293943,18.16200065612793,-1.194000005722046
2IXY_A_15,G,15,1.003000020980835,12.767000198364258,0.7789999842643738
2IXY_A_16,C,16,4.559000015258789,10.826000213623049,-2.38700008392334
2IXY_A_17,C,17,2.2929999828338623,9.029999732971191,3.088000059127808
2IXY_A_18,U,18,-0.6190000176429749,6.553999900817871,6.370999813079834
2IXY_A_19,U,19,-3.5190000534057617,3.2090001106262207,8.45199966430664
2IXY_A_20,G,20,-7.363999843597412,0.828000009059906,7.327000141143799
2IXY_A_21,G,21,-10.4399995803833,-1.7300000190734863,3.5179998874664307
2IXY_A_22,G,22,-9.894000053405762,-6.171999931335449,-0.5230000019073486
2IXY_A_23,U,23,-10.70699977874756,-11.765000343322754,-1.6200000047683716
2IXY_A_24,G,24,-6.389999866485596,-13.114999771118164,-2.9649999141693115
2IXY_A_25,G,25,-3.5350000858306885,-14.866999626159668,-7.9120001792907715
2IXY_A_26,C,26,1.3730000257492063,-15.642999649047852,-9.901000022888184
2IXY_A_27,C,27,6.499000072479248,-17.32699966430664,-8.47700023651123
