ID,resname,resid,x_1,y_1,z_1
2IXZ_A_1,G,1,3.994999885559082,-2.595000028610229,-4.11899995803833
2IXZ_A_2,C,2,2.1670000553131104,2.256999969482422,-3.450000047683716
2IXZ_A_3,U,3,-0.2169999927282333,5.236000061035156,0.3849999904632568
2IXZ_A_4,G,4,-3.611999988555908,8.100000381469727,-3.164999961853028
2IXZ_A_5,U,5,-9.350000381469728,7.176000118255615,-0.4309999942779541
2IXZ_A_6,G,6,-7.563000202178955,0.6200000047683716,0.1829999983310699
2IXZ_A_7,C,7,-8.09000015258789,-3.869999885559082,3.3480000495910645
2IXZ_A_8,C,8,-6.867000102996826,-3.3550000190734863,-2.763999938964844
