ID,resname,resid,x_1,y_1,z_1
2IZ8_R_1,A,1,,,
2IZ8_R_2,C,2,,,
2IZ8_R_3,A,3,-94.8769989013672,-42.98899841308594,3.9040000438690186
2IZ8_R_4,U,4,-97.572998046875,-38.28799819946289,4.607999801635742
2IZ8_R_5,G,5,-99.6729965209961,-33.479000091552734,2.121000051498413
2IZ8_R_6,A,6,-107.78500366210938,-29.628999710083008,1.659000039100647
2IZ8_R_7,G,7,-99.02999877929688,-29.91200065612793,-2.3910000324249268
2IZ8_R_8,G,8,-98.87000274658205,-28.812000274658203,-8.246000289916992
2IZ8_R_9,C,9,-99.61399841308594,-30.47699928283692,-13.70699977874756
2IZ8_R_10,U,10,-100.5250015258789,-30.02499961853028,-19.99099922180176
2IZ8_R_11,C,11,-102.1989974975586,-36.17100143432617,-15.670000076293944
2IZ8_R_12,A,12,-99.39299774169922,-43.547000885009766,-14.79699993133545
2IZ8_R_13,C,13,-95.97899627685548,-37.2869987487793,-13.892999649047852
2IZ8_R_14,C,14,-93.4800033569336,-33.39400100708008,-10.57699966430664
2IZ8_R_15,C,15,-92.66400146484376,-31.371000289916992,-5.544000148773193
2IZ8_R_16,A,16,-92.20999908447266,-31.06399917602539,-0.2440000027418136
2IZ8_R_17,U,17,-91.6050033569336,-33.37900161743164,4.053999900817871
2IZ8_R_18,G,18,-90.09100341796876,-37.935001373291016,6.771999835968018
2IZ8_R_19,U,19,,,
2IZ8_S_1,A,1,,,
2IZ8_S_2,C,2,,,
2IZ8_S_3,A,3,,,
2IZ8_S_4,U,4,-82.91400146484375,-39.83200073242188,-38.41600036621094
2IZ8_S_5,G,5,-80.50700378417969,-43.86199951171875,-41.54999923706055
2IZ8_S_6,A,6,-82.7509994506836,-48.49700164794922,-48.71699905395508
2IZ8_S_7,G,7,-77.2030029296875,-48.28499984741211,-41.0620002746582
2IZ8_S_8,G,8,-75.63200378417969,-54.15800094604492,-38.97299957275391
2IZ8_S_9,C,9,-77.13999938964844,-58.39500045776367,-36.117000579833984
2IZ8_S_10,U,10,-77.19999694824219,-64.61399841308594,-33.641998291015625
2IZ8_S_11,C,11,-82.9749984741211,-59.83000183105469,-33.14799880981445
2IZ8_S_12,A,12,-87.00499725341797,-55.84299850463867,-27.72100067138672
2IZ8_S_13,C,13,-79.677001953125,-55.64400100708008,-29.301000595092773
2IZ8_S_14,C,14,-75.65899658203125,-52.55199813842773,-31.53400039672852
2IZ8_S_15,C,15,-73.97000122070312,-48.52399826049805,-34.42100143432617
2IZ8_S_16,A,16,-73.51799774169922,-43.17699813842773,-37.305999755859375
2IZ8_S_17,U,17,,,
2IZ8_S_18,G,18,,,
2IZ8_S_19,U,19,,,
