ID,resname,resid,x_1,y_1,z_1
2IZM_S_1,A,1,,,
2IZM_S_2,C,2,,,
2IZM_S_3,A,3,,,
2IZM_S_4,U,4,-83.5009994506836,-39.53799819946289,-38.119998931884766
2IZM_S_5,G,5,-80.48300170898438,-43.97700119018555,-41.70299911499024
2IZM_S_6,C,6,-83.7040023803711,-47.51300048828125,-48.15700149536133
2IZM_S_7,G,7,-77.31099700927734,-48.297000885009766,-41.479000091552734
2IZM_S_8,G,8,-75.81900024414062,-54.05199813842773,-39.45700073242188
2IZM_S_9,A,9,-77.5260009765625,-58.29800033569336,-36.39500045776367
2IZM_S_10,U,10,-77.1510009765625,-64.26599884033203,-33.90800094604492
2IZM_S_11,C,11,-83.02200317382812,-59.792999267578125,-33.47999954223633
2IZM_S_12,A,12,-86.89700317382812,-55.766998291015625,-27.823999404907227
2IZM_S_13,C,13,-79.79299926757812,-55.43199920654297,-29.231000900268555
2IZM_S_14,C,14,-75.66000366210938,-52.87900161743164,-31.39999961853028
2IZM_S_15,C,15,-73.59600067138672,-48.50899887084961,-34.87699890136719
2IZM_S_16,A,16,-73.29199981689453,-43.18299865722656,-37.196998596191406
2IZM_S_17,U,17,,,
2IZM_S_18,G,18,,,
2IZM_S_19,U,19,,,
