ID,resname,resid,x_1,y_1,z_1
2IZN_S_1,A,1,,,
2IZN_S_2,C,2,,,
2IZN_S_3,A,3,,,
2IZN_S_4,U,4,,,
2IZN_S_5,C,5,-80.78700256347656,-44.08599853515625,-41.18399810791016
2IZN_S_6,G,6,-82.59600067138672,-48.58599853515625,-48.79999923706055
2IZN_S_7,C,7,-77.37999725341797,-48.70899963378906,-40.80799865722656
2IZN_S_8,G,8,-75.6969985961914,-54.374000549316406,-39.03099822998047
2IZN_S_9,A,9,-77.56300354003906,-58.07500076293945,-36.060001373291016
2IZN_S_10,U,10,-77.03600311279297,-63.98099899291992,-32.7239990234375
2IZN_S_11,U,11,-83.19999694824219,-59.71599960327149,-32.92399978637695
2IZN_S_12,A,12,-86.86699676513672,-55.70100021362305,-27.49099922180176
2IZN_S_13,C,13,-79.40699768066406,-55.70299911499024,-28.604999542236328
2IZN_S_14,G,14,-75.66799926757812,-52.5880012512207,-30.88599967956543
2IZN_S_15,G,15,-73.83399963378906,-48.32799911499024,-34.29800033569336
2IZN_S_16,A,16,,,
2IZN_S_17,U,17,,,
2IZN_S_18,G,18,,,
2IZN_S_19,U,19,,,
