ID,resname,resid,x_1,y_1,z_1
2JPP_C_1,G,1,11.704999923706056,19.075000762939453,2.6619999408721924
2JPP_C_2,G,2,10.621999740600586,21.66200065612793,-2.134999990463257
2JPP_C_3,G,3,11.79599952697754,24.364999771118164,-6.984000205993652
2JPP_C_4,C,4,15.482999801635742,25.06100082397461,-11.211000442504885
2JPP_C_5,U,5,19.874000549316406,23.36000061035156,-13.895999908447266
2JPP_C_6,U,6,24.35099983215332,20.49099922180176,-15.08199977874756
2JPP_C_7,C,7,28.025999069213867,16.047000885009766,-15.138999938964844
2JPP_C_8,A,8,27.277000427246094,10.440999984741213,-15.687000274658203
2JPP_C_9,C,9,28.16200065612793,2.752000093460083,-20.167999267578125
2JPP_C_10,G,10,27.22800064086914,4.534999847412109,-14.107999801635742
2JPP_C_11,G,11,26.3439998626709,-1.5609999895095823,-11.435999870300291
2JPP_C_12,A,12,27.28300094604492,3.259000062942505,-6.366000175476074
2JPP_C_13,U,13,20.77899932861328,3.82699990272522,-2.2730000019073486
2JPP_C_14,G,14,26.01799964904785,8.074000358581543,-8.237000465393066
2JPP_C_15,A,15,28.215999603271484,13.026000022888184,-8.437000274658203
2JPP_C_16,A,16,27.89699935913086,18.895999908447266,-9.138999938964844
2JPP_C_17,G,17,25.84499931335449,24.14299964904785,-9.11299991607666
2JPP_C_18,C,18,21.802000045776367,28.10099983215332,-7.744999885559082
2JPP_C_19,C,19,17.398000717163086,29.55699920654297,-4.447000026702881
2JPP_C_20,C,20,13.803999900817873,29.145999908447266,-0.1389999985694885
