ID,resname,resid,x_1,y_1,z_1
2JR4_A_1,C,1,46.56399917602539,14.68299961090088,-3.1710000038146973
2JR4_A_2,C,2,49.516998291015625,11.729999542236328,-6.995999813079834
2JR4_A_3,U,3,53.527000427246094,8.189000129699707,-8.366999626159668
2JR4_A_4,C,4,57.45800018310547,4.607999801635742,-7.089000225067139
2JR4_A_5,C,5,60.11299896240234,0.621999979019165,-4.080999851226807
2JR4_A_6,C,6,58.042999267578125,-2.880000114440918,-1.1959999799728394
2JR4_A_7,U,7,55.92100143432617,-9.26200008392334,-0.4659999907016754
2JR4_A_8,U,8,56.57400131225586,-17.461999893188477,1.3919999599456787
2JR4_A_9,A,9,52.1609992980957,-14.282999992370604,3.039999961853028
2JR4_A_10,C,10,47.59999847412109,-9.4350004196167,4.414999961853027
2JR4_A_11,A,11,49.50199890136719,-5.171999931335449,5.0980000495910645
2JR4_A_12,A,12,52.39799880981445,-1.531999945640564,7.368000030517578
2JR4_A_13,G,13,56.5260009765625,1.5190000534057615,6.291999816894531
2JR4_A_14,G,14,59.98600006103516,4.935999870300293,3.433000087738037
2JR4_A_15,A,15,61.27899932861328,8.465999603271484,-0.4199999868869781
2JR4_A_16,G,16,60.14300155639648,12.343000411987305,-4.3420000076293945
2JR4_A_17,G,17,56.91699981689453,16.38599967956543,-6.323999881744385
