ID,resname,resid,x_1,y_1,z_1
2JSE_A_1,G,1,10.82900047302246,13.133000373840332,-2.575999975204468
2JSE_A_2,G,2,4.651999950408936,15.161999702453612,-1.9589999914169312
2JSE_A_3,A,3,0.7599999904632568,12.373000144958496,-2.7950000762939453
2JSE_A_4,G,4,-2.740000009536743,8.305999755859375,-4.668000221252441
2JSE_A_5,U,5,-5.394999980926514,4.162000179290772,-3.3420000076293945
2JSE_A_6,G,6,-8.506999969482422,-0.912999987602234,-4.370999813079834
2JSE_A_7,G,7,-5.2220001220703125,-6.585999965667725,-4.609000205993652
2JSE_A_8,C,8,-3.5369999408721924,-10.178000450134276,0.0489999987185001
2JSE_A_9,C,9,-1.118000030517578,-12.041000366210938,5.15500020980835
2JSE_A_10,G,10,-2.61899995803833,-10.039999961853027,10.069000244140623
2JSE_A_11,A,11,-7.51200008392334,-7.578000068664551,15.234999656677246
2JSE_A_12,A,12,-4.671999931335449,-3.2039999961853027,15.163000106811523
2JSE_A_13,A,13,0.8730000257492065,-1.4950000047683716,14.652999877929688
2JSE_A_14,G,14,2.635999917984009,-3.609999895095825,10.42300033569336
2JSE_A_15,G,15,4.318999767303467,-6.644000053405762,5.979000091552734
2JSE_A_16,C,16,3.6040000915527344,-8.510000228881836,0.3849999904632568
2JSE_A_17,A,17,2.0859999656677246,-7.936999797821045,-5.568999767303467
2JSE_A_18,U,18,3.46399998664856,-4.611000061035156,-8.07800006866455
2JSE_A_19,C,19,1.1080000400543213,0.1710000038146972,-9.956000328063965
2JSE_A_20,U,20,-0.2610000073909759,5.631999969482422,-10.883000373840332
2JSE_A_21,C,21,0.3799999952316284,10.930999755859377,-10.37399959564209
2JSE_A_22,C,22,3.0789999961853027,15.140999794006348,-9.369999885559082
