ID,resname,resid,x_1,y_1,z_1
2JTP_A_1,G,1,-2.075000047683716,-23.45599937438965,-13.576000213623049
2JTP_A_2,G,2,-6.239999771118164,-19.62800025939941,-11.868000030517578
2JTP_A_3,A,3,-8.675999641418457,-16.073999404907227,-7.824999809265137
2JTP_A_4,U,4,-10.220000267028809,-13.402000427246094,-3.1589999198913574
2JTP_A_5,G,5,-8.406999588012695,-10.468000411987305,1.2020000219345093
2JTP_A_6,G,6,-5.0320000648498535,-7.570000171661377,4.89900016784668
2JTP_A_7,G,7,-0.5139999985694885,-5.114999771118164,4.3470001220703125
2JTP_A_8,G,8,3.2720000743865967,-2.3310000896453857,1.2690000534057615
2JTP_A_9,A,9,6.894000053405762,0.2039999961853027,-2.869999885559082
2JTP_A_10,A,10,5.839000225067139,3.0369999408721924,-6.795000076293945
2JTP_A_11,A,11,3.2809998989105225,6.2179999351501465,-10.819000244140623
2JTP_A_12,G,12,-0.9430000185966492,9.05799961090088,-9.8149995803833
2JTP_A_13,A,13,-5.15399980545044,11.878999710083008,-13.234000205993652
2JTP_A_14,A,14,-10.39799976348877,14.734000205993652,-13.07800006866455
2JTP_A_15,G,15,-8.899999618530273,15.543999671936035,-7.1479997634887695
2JTP_A_16,C,16,-11.482999801635742,16.37700080871582,-2.736999988555908
2JTP_A_17,C,17,-10.770999908447266,20.090999603271484,0.4749999940395355
2JTP_A_18,C,18,-8.862000465393066,15.857000350952148,4.388999938964844
2JTP_A_19,C,19,-5.53000020980835,20.82699966430664,3.7899999618530273
2JTP_A_20,G,20,-2.61899995803833,16.926000595092773,3.010999917984009
2JTP_A_21,C,21,-4.578000068664551,13.532999992370604,2.532999992370605
2JTP_A_22,A,22,-4.954999923706055,10.399999618530272,-1.2009999752044678
2JTP_A_23,A,23,-9.517999649047852,8.095999717712402,-5.72599983215332
2JTP_A_24,U,24,-6.919000148773193,4.39900016784668,-9.022000312805176
2JTP_A_25,U,25,-3.507999897003174,1.0019999742507937,-11.293999671936035
2JTP_A_26,U,26,0.8690000176429749,-2.509999990463257,-11.300999641418455
2JTP_A_27,C,27,4.006999969482422,-5.498000144958496,-8.663999557495117
2JTP_A_28,C,28,4.77400016784668,-8.343999862670898,-4.150000095367432
2JTP_A_29,C,29,4.197999954223633,-11.49899959564209,1.034999966621399
2JTP_A_30,C,30,0.959999978542328,-15.156000137329102,3.755000114440918
2JTP_A_31,A,31,-3.3959999084472656,-18.26799964904785,4.189000129699707
2JTP_A_32,U,32,-7.573999881744385,-20.367000579833984,2.0980000495910645
2JTP_A_33,C,33,-9.54800033569336,-22.50900077819824,-2.318000078201294
2JTP_A_34,C,34,-10.512999534606934,-25.63999938964844,-7.4629998207092285
