ID,resname,resid,x_1,y_1,z_1
2JWV_A_1,G,1,8.777000427246094,16.124000549316406,21.426000595092773
2JWV_A_2,A,2,7.580999851226807,14.965999603271484,26.72900009155273
2JWV_A_3,U,3,6.206999778747559,11.45699977874756,30.638999938964844
2JWV_A_4,A,4,5.327000141143799,6.513000011444092,32.65399932861328
2JWV_A_5,C,5,5.989999771118164,1.13100004196167,32.48699951171875
2JWV_A_6,U,6,8.524999618530273,-3.4030001163482666,30.71699905395508
2JWV_A_7,U,7,12.803000450134276,-5.7829999923706055,28.28899955749512
2JWV_A_8,G,8,17.743000030517578,-6.24399995803833,26.371000289916992
2JWV_A_9,A,9,23.007999420166016,-6.868000030517578,23.01700019836425
2JWV_A_10,A,10,27.777999877929688,-4.839000225067139,23.218000411987305
2JWV_A_11,A,11,32.1870002746582,-1.9359999895095823,24.68600082397461
2JWV_A_12,C,12,35.77000045776367,0.4639999866485595,28.5049991607666
2JWV_A_13,U,13,37.59999847412109,-0.2460000067949295,33.667999267578125
2JWV_A_14,G,14,37.43899917602539,-4.01200008392334,37.85900115966797
2JWV_A_15,U,15,38.33200073242188,-9.593000411987305,42.60699844360352
2JWV_A_16,A,16,33.90800094604492,-7.722000122070312,43.44200134277344
2JWV_A_17,A,17,31.71500015258789,-3.628999948501587,43.92100143432617
2JWV_A_18,G,18,31.21199989318848,0.7540000081062317,41.48699951171875
2JWV_A_19,G,19,30.70499992370605,4.500999927520752,37.03099822998047
2JWV_A_20,U,20,30.347000122070312,5.925000190734863,31.59600067138672
2JWV_A_21,U,21,28.52400016784668,5.058000087738037,26.57299995422364
2JWV_A_22,G,22,24.82099914550781,2.700000047683716,23.72699928283692
2JWV_A_23,G,23,19.926000595092773,-0.0890000015497207,22.6299991607666
2JWV_A_24,C,24,13.979999542236328,-2.263999938964844,21.89999961853028
2JWV_A_25,G,25,8.58899974822998,-2.260999917984009,22.68099975585937
2JWV_A_26,U,26,3.743000030517578,-0.550000011920929,24.665000915527344
2JWV_A_27,A,27,0.5090000033378601,3.2049999237060547,26.65699958801269
2JWV_A_28,U,28,-0.9110000133514404,8.404000282287598,27.45400047302246
2JWV_A_29,C,29,-0.7049999833106995,13.616000175476074,26.472999572753903
