ID,resname,resid,x_1,y_1,z_1
2JXV_A_1,G,1,11.378999710083008,-22.61800003051757,-17.858999252319336
2JXV_A_2,G,2,12.833999633789062,-19.354999542236328,-22.64800071716309
2JXV_A_3,A,3,9.812999725341797,-16.589000701904297,-26.02300071716309
2JXV_A_4,G,4,5.76800012588501,-14.133000373840332,-29.090999603271484
2JXV_A_5,G,5,1.1360000371932983,-11.993000030517578,-29.07999992370605
2JXV_A_6,U,6,-3.183000087738037,-9.79800033569336,-26.364999771118164
2JXV_A_7,A,7,-6.629000186920166,-7.408999919891357,-22.44599914550781
2JXV_A_8,G,8,-6.152999877929688,-4.619999885559082,-18.16699981689453
2JXV_A_9,U,9,-3.2160000801086426,-1.4110000133514404,-14.744000434875488
2JXV_A_10,A,10,0.8370000123977661,1.3489999771118164,-13.604000091552734
2JXV_A_11,G,11,5.866000175476074,5.125999927520752,-14.765999794006348
2JXV_A_12,G,12,9.08199977874756,10.263999938964844,-15.550000190734863
2JXV_A_13,U,13,9.63599967956543,15.369999885559082,-17.624000549316406
2JXV_A_14,C,14,7.791999816894531,19.96199989318848,-20.01099967956543
2JXV_A_15,G,15,3.2890000343322754,22.694000244140625,-20.36199951171875
2JXV_A_16,A,16,-1.9390000104904173,26.983999252319336,-17.347000122070312
2JXV_A_17,A,17,-5.004000186920166,23.391000747680664,-19.518999099731445
2JXV_A_18,A,18,-5.229000091552734,21.007999420166016,-24.049999237060547
2JXV_A_19,G,19,-1.0820000171661377,19.222999572753903,-25.881999969482425
2JXV_A_20,A,20,3.9040000438690186,17.02199935913086,-26.304000854492188
2JXV_A_21,C,21,8.930999755859375,14.298999786376951,-25.424999237060547
2JXV_A_22,C,22,10.24899959564209,9.95199966430664,-23.107999801635746
2JXV_A_23,A,23,9.640000343322754,5.066999912261963,-20.506999969482425
2JXV_A_24,U,24,6.809999942779541,0.31700000166893,-21.315000534057617
2JXV_A_25,U,25,7.114999771118164,-0.7269999980926514,-16.141000747680664
2JXV_A_26,C,26,3.026000022888184,-4.360000133514404,-12.730999946594238
2JXV_A_27,U,27,-0.9679999947547911,-8.236000061035156,-13.586999893188477
2JXV_A_28,G,28,-4.901000022888184,-11.472999572753906,-16.106000900268555
2JXV_A_29,C,29,-5.388000011444092,-14.437999725341797,-20.82999992370605
2JXV_A_30,C,30,-3.7890000343322754,-16.87700080871582,-25.20400047302246
2JXV_A_31,U,31,-0.1969999969005584,-19.090999603271484,-28.474000930786133
2JXV_A_32,C,32,4.749000072479248,-21.577999114990234,-29.30900001525879
2JXV_A_33,C,33,9.361000061035156,-24.80599975585937,-28.06800079345703
