ID,resname,resid,x_1,y_1,z_1
2JYM_A_1,G,1,-8.277000427246094,-12.008000373840332,-6.456999778747559
2JYM_A_2,G,2,-7.559000015258789,-10.887999534606934,-1.4980000257492063
2JYM_A_3,C,3,-4.716000080108643,-9.32699966430664,2.8289999961853027
2JYM_A_4,U,4,-0.6050000190734863,-6.453000068664551,5.363999843597412
2JYM_A_5,C,5,2.7230000495910645,-1.972000002861023,5.540999889373779
2JYM_A_6,G,6,6.086999893188477,1.8580000400543213,10.008999824523926
2JYM_A_7,C,7,7.514999866485596,2.061000108718872,3.559999942779541
2JYM_A_8,A,8,7.341000080108643,6.4070000648498535,-1.2079999446868896
2JYM_A_9,G,9,4.98199987411499,11.020999908447266,-3.2149999141693115
2JYM_A_10,C,10,1.1790000200271606,15.208999633789062,-2.0309998989105225
2JYM_A_11,A,11,-2.282999992370605,14.284000396728516,-5.2179999351501465
2JYM_A_12,G,12,-7.907999992370605,13.25,-3.072999954223633
2JYM_A_13,G,13,-7.546999931335449,11.572999954223633,3.36899995803833
2JYM_A_14,U,14,-11.14799976348877,5.620999813079834,5.0
2JYM_A_15,C,15,-5.302000045776367,10.223999977111816,0.1309999972581863
2JYM_A_16,U,16,-2.9100000858306885,7.640999794006348,-3.825999975204468
2JYM_A_17,G,17,1.7769999504089355,5.260000228881836,-4.729000091552734
2JYM_A_18,G,18,5.255000114440918,1.184999942779541,-4.183000087738037
2JYM_A_19,A,19,6.602000236511231,-3.430999994277954,-1.9570000171661377
2JYM_A_20,G,20,5.61899995803833,-7.853000164031982,0.6660000085830688
2JYM_A_21,U,21,2.7090001106262207,-12.56999969482422,1.1729999780654907
2JYM_A_22,C,22,-0.7210000157356262,-16.444000244140625,-0.4070000052452087
