ID,resname,resid,x_1,y_1,z_1
2K5Z_A_1,G,1,-2.256999969482422,19.68600082397461,2.013999938964844
2K5Z_A_2,G,2,1.493000030517578,15.814000129699709,4.232999801635742
2K5Z_A_3,U,3,2.756999969482422,10.680999755859377,6.590000152587891
2K5Z_A_4,C,4,1.24399995803833,6.375,8.532999992370605
2K5Z_A_5,U,5,-2.2809998989105225,2.874000072479248,8.098999977111816
2K5Z_A_6,A,6,-5.807000160217285,-1.8890000581741333,6.776000022888184
2K5Z_A_7,C,7,-6.704999923706055,-3.857000112533569,2.427000045776367
2K5Z_A_8,A,8,-7.02400016784668,-4.527999877929688,-2.996999979019165
2K5Z_A_9,U,9,-3.815000057220459,-4.366000175476074,-8.109000205993652
2K5Z_A_10,U,10,-0.8119999766349792,-4.901999950408936,-13.107000350952148
2K5Z_A_11,G,11,3.595999956130981,-5.985000133514404,-13.038000106811523
2K5Z_A_12,C,12,8.194999694824219,-7.407000064849853,-10.496999740600586
2K5Z_A_13,U,13,11.848999977111816,-10.92300033569336,-6.951000213623047
2K5Z_A_14,G,14,12.92300033569336,-16.52199935913086,-6.460999965667725
2K5Z_A_15,U,15,17.743000030517578,-15.767000198364258,0.6489999890327454
2K5Z_A_16,U,16,11.812000274658203,-12.925999641418455,0.8529999852180481
2K5Z_A_17,G,17,11.244000434875488,-8.64900016784668,-0.8240000009536743
2K5Z_A_18,U,18,9.78600025177002,-4.415999889373779,-4.314000129699707
2K5Z_A_19,C,19,8.055000305175781,-0.2689999938011169,-7.798999786376953
2K5Z_A_20,G,20,3.944000005722046,3.066999912261963,-9.63599967956543
2K5Z_A_21,U,21,-1.77400004863739,2.776000022888184,-9.03499984741211
2K5Z_A_22,G,22,-6.935999870300293,2.6489999294281006,-6.406000137329102
2K5Z_A_23,U,23,-9.987000465393066,1.9170000553131104,-1.9170000553131104
2K5Z_A_24,G,24,-11.840999603271484,3.440000057220459,3.2160000801086426
2K5Z_A_25,U,25,-11.315999984741213,9.256999969482422,4.873000144958496
2K5Z_A_26,G,26,-9.315999984741213,5.769000053405762,11.593999862670898
2K5Z_A_27,A,27,-4.59499979019165,8.65999984741211,14.159000396728516
2K5Z_A_28,C,28,-1.3040000200271606,12.996999740600586,14.170000076293944
2K5Z_A_29,C,29,0.6050000190734863,17.895999908447266,12.399999618530272
