ID,resname,resid,x_1,y_1,z_1
2K66_A_1,G,1,7.065999984741211,-11.166999816894531,4.438000202178955
2K66_A_2,G,2,6.078000068664551,-9.491999626159668,-1.2209999561309814
2K66_A_3,A,3,2.299000024795532,-7.473999977111816,-4.942999839782715
2K66_A_4,G,4,-2.250999927520752,-5.901999950408936,-4.955999851226807
2K66_A_5,U,5,-7.136000156402588,-2.595999956130981,-3.6760001182556152
2K66_A_6,A,6,-9.211000442504885,2.0429999828338623,-0.9319999814033508
2K66_A_7,U,7,-7.434999942779541,6.291999816894531,2.509999990463257
2K66_A_8,G,8,-3.5239999294281006,8.736000061035156,3.618000030517578
2K66_A_9,U,9,1.8339999914169312,10.960000038146973,2.5420000553131104
2K66_A_10,G,10,4.47599983215332,12.51099967956543,-2.002000093460083
2K66_A_11,A,11,6.892000198364258,14.42099952697754,-7.809999942779541
2K66_A_12,A,12,6.86899995803833,10.114999771118164,-7.624000072479248
2K66_A_13,A,13,8.16100025177002,5.2170000076293945,-6.267000198364258
2K66_A_14,G,14,8.380999565124512,3.8989999294281006,-1.937000036239624
2K66_A_15,C,15,5.438000202178955,3.4660000801086426,2.440999984741211
2K66_A_16,A,16,1.6239999532699585,3.2260000705718994,6.775000095367432
2K66_A_17,U,17,-3.874000072479248,2.0510001182556152,7.760000228881836
2K66_A_18,A,18,-7.368000030517578,-1.6859999895095823,6.318999767303467
2K66_A_19,C,19,-8.592000007629395,-5.928999900817871,3.566999912261963
2K66_A_20,U,20,-6.659999847412109,-9.937000274658203,0.8759999871253967
2K66_A_21,C,21,-3.615999937057495,-13.607000350952148,-1.36899995803833
2K66_A_22,C,22,-0.1089999973773956,-16.256000518798828,-1.3070000410079956
