ID,resname,resid,x_1,y_1,z_1
2KD8_A_1,G,1,26.90900039672852,29.23900032043457,13.657999992370604
2KD8_A_2,G,2,22.4950008392334,30.0049991607666,16.663000106811523
2KD8_A_3,A,3,19.308000564575195,30.51099967956543,21.632999420166016
2KD8_A_4,U,4,18.31100082397461,32.400001525878906,27.13999938964844
2KD8_A_5,G,5,20.29700088500977,34.84600067138672,31.45599937438965
2KD8_A_6,G,6,24.652000427246094,37.2760009765625,34.137001037597656
2KD8_A_7,U,7,28.64299964904785,40.88100051879883,32.737998962402344
2KD8_A_8,U,8,32.597999572753906,44.71099853515625,30.34000015258789
2KD8_A_9,G,9,33.790000915527344,48.78200149536133,26.8439998626709
2KD8_A_10,G,10,28.920000076293945,51.3120002746582,25.37800025939941
2KD8_A_11,G,11,27.691999435424805,53.78900146484375,19.69599914550781
2KD8_A_12,G,12,21.37299919128418,52.505001068115234,18.36800003051757
2KD8_A_13,U,13,25.47699928283692,49.37799835205078,16.94499969482422
2KD8_A_14,U,14,29.14800071716309,45.59099960327149,17.95800018310547
2KD8_A_15,A,15,32.60100173950195,42.560001373291016,20.131999969482425
2KD8_A_16,G,16,34.87900161743164,40.17100143432617,24.280000686645508
2KD8_A_17,C,17,34.02799987792969,37.60100173950195,29.15900039672852
2KD8_A_18,C,18,30.91399955749512,33.74599838256836,32.36000061035156
2KD8_A_19,A,19,27.232999801635746,29.57299995422364,33.00400161743164
2KD8_A_20,U,20,23.99099922180176,26.527000427246094,29.944000244140625
2KD8_A_21,C,21,21.42799949645996,24.458999633789062,25.677000045776367
2KD8_A_22,C,22,21.11199951171875,23.099000930786133,20.124000549316406
