ID,resname,resid,x_1,y_1,z_1
2KMJ_A_1,G,1,-9.538999557495115,-21.025999069213867,-4.951000213623047
2KMJ_A_2,G,2,-10.60200023651123,-19.61599922180176,0.9980000257492064
2KMJ_A_3,C,3,-7.906000137329102,-16.863000869750977,5.327000141143799
2KMJ_A_4,C,4,-3.828999996185303,-13.861000061035156,7.706999778747559
2KMJ_A_5,A,5,1.6380000114440918,-10.729000091552734,8.576000213623047
2KMJ_A_6,G,6,4.959000110626221,-7.230000019073486,6.011000156402588
2KMJ_A_7,A,7,6.90500020980835,-3.3559999465942383,1.8530000448226929
2KMJ_A_8,U,8,5.901999950408936,4.389999866485596,1.4019999504089355
2KMJ_A_9,U,9,14.329999923706056,1.5399999618530271,0.4900000095367431
2KMJ_A_10,G,10,4.966000080108643,0.7009999752044678,-2.490999937057495
2KMJ_A_11,A,11,1.6710000038146973,3.66100001335144,-6.098999977111816
2KMJ_A_12,G,12,-2.351999998092652,6.736999988555908,-8.001999855041504
2KMJ_A_13,C,13,-6.02899980545044,11.64799976348877,-8.46399974822998
2KMJ_A_14,U,14,-7.531000137329102,17.02400016784668,-6.686999797821045
2KMJ_A_15,U,15,-8.074999809265137,23.25200080871582,-7.557000160217285
2KMJ_A_16,C,16,-4.252999782562256,19.895999908447266,-2.180000066757202
2KMJ_A_17,G,17,-8.244000434875488,18.917999267578125,3.371999979019165
2KMJ_A_18,G,18,-8.75,14.732999801635742,1.24399995803833
2KMJ_A_19,C,19,-9.925000190734863,9.666999816894531,-0.2720000147819519
2KMJ_A_20,U,20,-8.904999732971191,4.938000202178955,-2.844000101089477
2KMJ_A_21,C,21,-5.609000205993652,1.4290000200271606,-5.001999855041504
2KMJ_A_22,U,22,-0.9139999747276306,-1.9170000553131104,-5.679999828338623
2KMJ_A_23,C,23,3.2079999446868896,-6.0980000495910645,-4.744999885559082
2KMJ_A_24,U,24,5.821000099182129,-10.229000091552734,-1.8769999742507928
2KMJ_A_25,G,25,5.642000198364258,-13.781999588012695,2.502000093460083
2KMJ_A_26,G,26,2.825999975204468,-17.92300033569336,4.9710001945495605
2KMJ_A_27,U,27,-1.4229999780654907,-21.624000549316406,5.732999801635742
2KMJ_A_28,C,28,-6.188000202178955,-24.90999984741211,4.02899980545044
