ID,resname,resid,x_1,y_1,z_1
2KOC_A_1,G,1,-13.40999984741211,-4.15399980545044,4.4710001945495605
2KOC_A_2,G,2,-10.6899995803833,-5.080999851226807,-0.2930000126361847
2KOC_A_3,C,3,-6.392000198364258,-4.123000144958496,-4.085999965667725
2KOC_A_4,A,4,-1.1449999809265137,-2.421999931335449,-5.960000038146973
2KOC_A_5,C,5,3.246000051498413,-0.7170000076293945,-5.468999862670898
2KOC_A_6,U,6,8.074000358581543,-0.4950000047683716,-2.134999990463257
2KOC_A_7,U,7,14.380000114440918,1.7269999980926514,-0.4569999873638153
2KOC_A_8,C,8,10.916999816894531,-4.210000038146973,2.74399995803833
2KOC_A_9,G,9,10.956000328063965,0.6840000152587891,6.781000137329102
2KOC_A_10,G,10,6.406000137329102,2.119999885559082,4.269000053405762
2KOC_A_11,U,11,2.51200008392334,4.27899980545044,1.1369999647140503
2KOC_A_12,G,12,-2.0299999713897705,5.623000144958496,-2.121000051498413
2KOC_A_13,C,13,-7.342000007629394,4.868000030517578,-2.9730000495910645
2KOC_A_14,C,14,-12.54300022125244,2.878999948501587,-3.3980000019073486
