ID,resname,resid,x_1,y_1,z_1
2KPC_A_1,U,1,11.005999565124512,22.461000442504883,22.208999633789062
2KPC_A_2,G,2,14.137999534606934,25.614999771118164,17.45199966430664
2KPC_A_3,A,3,18.74799919128418,27.42799949645996,15.807000160217283
2KPC_A_4,G,4,23.214000701904297,29.11800003051757,15.727999687194824
2KPC_A_5,C,5,28.41200065612793,31.69099998474121,16.71500015258789
2KPC_A_6,A,6,33.26599884033203,30.222999572753903,18.100000381469727
2KPC_A_7,C,7,37.14300155639648,27.902999877929688,20.97800064086914
2KPC_A_8,A,8,38.47100067138672,23.35099983215332,21.97100067138672
2KPC_A_9,G,9,42.74399948120117,18.836000442504883,20.733999252319336
2KPC_A_10,U,10,40.57799911499024,14.909000396728516,22.5629997253418
2KPC_A_11,U,11,36.641998291015625,19.78700065612793,23.65399932861328
2KPC_A_12,U,12,33.96799850463867,24.1879997253418,25.39200019836425
2KPC_A_13,G,13,31.170000076293945,28.89299964904785,26.51099967956543
2KPC_A_14,C,14,26.69099998474121,31.88999938964844,24.836000442504883
2KPC_A_15,U,15,21.847000122070312,33.84600067138672,23.106000900268555
2KPC_A_16,C,16,16.913000106811523,33.487998962402344,21.871999740600582
2KPC_A_17,A,17,11.916000366210938,31.16699981689453,20.742000579833984
