ID,resname,resid,x_1,y_1,z_1
2KPD_A_1,U,1,11.416999816894531,26.96199989318848,20.732999801635746
2KPD_A_2,G,2,15.430999755859377,25.136999130249023,23.86400032043457
2KPD_A_3,A,3,19.503999710083008,22.027000427246094,25.590999603271484
2KPD_A_4,G,4,23.3759994506836,19.222000122070312,26.16399955749512
2KPD_A_5,C,5,28.17799949645996,17.075000762939453,24.506000518798828
2KPD_A_6,U,6,32.47200012207031,15.55500030517578,22.12800025939941
2KPD_A_7,C,7,38.32799911499024,17.253000259399414,22.62700080871582
2KPD_A_8,A,8,45.12300109863281,18.09499931335449,23.847000122070312
2KPD_A_9,G,9,42.65800094604492,22.68099975585937,22.145999908447266
2KPD_A_10,U,10,43.06999969482422,29.350000381469727,21.89200019836425
2KPD_A_11,U,11,38.12699890136719,22.29800033569336,18.62299919128418
2KPD_A_12,U,12,34.6349983215332,20.29899978637696,15.72599983215332
2KPD_A_13,G,13,30.70599937438965,16.757999420166016,14.876999855041504
2KPD_A_14,C,14,26.433000564575195,15.86299991607666,16.840999603271484
2KPD_A_15,U,15,22.413000106811523,13.864999771118164,19.867000579833984
2KPD_A_16,C,16,17.815000534057617,14.855999946594238,23.19599914550781
2KPD_A_17,A,17,13.45300006866455,17.562000274658203,24.5310001373291
