ID,resname,resid,x_1,y_1,z_1
2KPV_A_1,G,1,8.767000198364258,-31.05699920654297,-5.815999984741211
2KPV_A_2,G,2,7.315000057220459,-26.847999572753903,-8.364999771118164
2KPV_A_3,A,3,3.476999998092652,-23.916000366210938,-10.493000030517578
2KPV_A_4,G,4,-1.2790000438690186,-21.677000045776367,-11.871999740600586
2KPV_A_5,G,5,-6.03000020980835,-19.5049991607666,-9.984999656677246
2KPV_A_6,U,6,-8.347000122070312,-17.011999130249023,-5.9710001945495605
2KPV_A_7,A,7,-8.706999778747559,-14.920000076293944,-1.3049999475479126
2KPV_A_8,G,8,-6.864999771118164,-13.366999626159668,3.3550000190734863
2KPV_A_9,U,9,-3.0450000762939453,-10.184000015258787,5.677000045776367
2KPV_A_10,A,10,0.5569999814033508,-6.215000152587891,5.26800012588501
2KPV_A_11,G,11,3.818000078201294,-2.253000020980835,3.3420000076293945
2KPV_A_12,G,12,5.75,1.4589999914169312,0.4799999892711639
2KPV_A_13,U,13,5.302000045776367,5.4670000076293945,-3.5269999504089355
2KPV_A_14,C,14,2.4059998989105225,10.265000343322754,-5.205999851226807
2KPV_A_15,G,15,-0.6830000281333923,14.378999710083008,-3.651000022888184
2KPV_A_16,A,16,-3.046999931335449,19.621000289916992,0.3429999947547912
2KPV_A_17,A,17,-6.051000118255615,15.97700023651123,1.6540000438690186
2KPV_A_18,A,18,-9.800999641418455,13.44499969482422,-0.996999979019165
2KPV_A_19,G,19,-8.260000228881836,9.678999900817873,-3.924000024795532
2KPV_A_20,A,20,-4.864999771118164,6.728000164031982,-6.428999900817871
2KPV_A_21,C,21,-0.5210000276565552,3.805999994277954,-7.763999938964844
2KPV_A_22,C,22,2.703000068664551,-0.8769999742507935,-7.309999942779541
2KPV_A_23,G,23,7.929999828338623,-3.1050000190734863,-6.24399995803833
2KPV_A_24,U,24,5.339000225067139,-7.564000129699707,-1.9019999504089355
2KPV_A_25,U,25,9.07800006866455,-7.748000144958496,2.4030001163482666
2KPV_A_26,C,26,3.5980000495910645,-12.758999824523926,5.151999950408936
2KPV_A_27,U,27,0.2080000042915344,-17.02400016784668,4.190999984741211
2KPV_A_28,A,28,-3.5160000324249268,-20.52499961853028,2.828000068664551
2KPV_A_29,C,29,-7.10699987411499,-22.83799934387207,-0.3009999990463257
2KPV_A_30,A,30,-11.854999542236328,-23.55500030517578,-3.36299991607666
2KPV_A_31,C,31,-9.91100025177002,-25.847000122070312,-7.021999835968018
2KPV_A_32,U,32,-6.51800012588501,-26.959999084472656,-10.76099967956543
2KPV_A_33,C,33,-1.972000002861023,-27.52899932861328,-13.616999626159668
2KPV_A_34,C,34,3.986000061035156,-29.59199905395508,-15.467000007629396
