ID,resname,resid,x_1,y_1,z_1
2KRP_A_1,C,1,-12.6850004196167,0.4959999918937683,-2.138999938964844
2KRP_A_2,U,2,-10.156999588012695,1.7519999742507937,3.319999933242798
2KRP_A_3,C,3,-5.991000175476074,1.3179999589920044,6.192999839782715
2KRP_A_4,G,4,-1.1380000114440918,-0.2750000059604645,7.585000038146973
2KRP_A_5,G,5,3.132999897003174,-2.3359999656677246,5.9070000648498535
2KRP_A_6,C,6,7.269000053405762,-1.5429999828338623,2.7730000019073486
2KRP_A_7,U,7,9.409000396728516,2.002000093460083,0.0179999992251396
2KRP_A_8,A,8,13.491000175476074,2.744999885559082,-4.855000019073486
2KRP_A_9,C,9,8.194999694824219,8.440999984741211,-4.310999870300293
2KRP_A_10,G,10,5.745999813079834,5.013000011444092,-8.791000366210938
2KRP_A_11,A,11,0.1459999978542328,5.283999919891357,-5.781000137329102
2KRP_A_12,A,12,3.631999969482422,1.3229999542236328,-7.782000064849853
2KRP_A_13,C,13,3.01200008392334,-3.8350000381469727,-4.859000205993652
2KRP_A_14,C,14,0.9760000109672546,-6.427000045776367,-0.9259999990463256
2KRP_A_15,G,15,-2.388999938964844,-8.189000129699707,2.9200000762939453
2KRP_A_16,A,16,-7.046999931335449,-8.310999870300293,5.566999912261963
2KRP_A_17,G,17,-11.680999755859377,-6.789000034332275,5.538000106811523
