ID,resname,resid,x_1,y_1,z_1
2KVN_A_1,G,1,12.859000205993652,0.7179999947547913,20.334999084472656
2KVN_A_2,G,2,8.548999786376953,-1.3040000200271606,21.33300018310547
2KVN_A_3,U,3,2.8980000019073486,-2.687999963760376,23.23500061035156
2KVN_A_4,G,4,-2.1559998989105225,-2.164999961853028,22.891000747680664
2KVN_A_5,A,5,-6.644999980926514,0.0170000009238719,21.01499938964844
2KVN_A_6,U,6,-9.324000358581545,1.906999945640564,17.309999465942383
2KVN_A_7,U,7,-9.357999801635742,3.566999912261963,12.767999649047852
2KVN_A_8,G,8,-9.71500015258789,2.941999912261963,5.735000133514404
2KVN_A_9,A,9,-5.158999919891357,3.309000015258789,6.840000152587891
2KVN_A_10,G,10,0.2440000027418136,4.020999908447266,9.027000427246094
2KVN_A_11,U,11,-3.3429999351501465,7.695000171661377,11.850000381469728
2KVN_A_12,U,12,-3.658999919891357,9.093000411987305,16.788000106811523
2KVN_A_13,C,13,-3.7829999923706055,8.565999984741211,22.46699905395508
2KVN_A_14,A,14,-0.6420000195503235,6.908999919891357,26.801000595092773
2KVN_A_15,C,15,3.742000102996826,4.745999813079834,29.04800033569336
2KVN_A_16,C,16,8.843000411987305,2.2790000438690186,30.378999710083008
2KVN_A_17,A,17,13.949999809265137,1.343000054359436,30.155000686645508
