ID,resname,resid,x_1,y_1,z_1
2L3C_B_1,G,1,-17.79599952697754,9.425000190734863,26.069000244140625
2L3C_B_2,G,2,-18.679000854492188,9.541000366210938,20.746000289916992
2L3C_B_3,U,3,-16.7189998626709,10.13700008392334,15.586000442504885
2L3C_B_4,A,4,-12.355999946594238,9.664999961853027,12.487000465393066
2L3C_B_5,G,5,-7.605000019073486,8.732999801635742,10.60200023651123
2L3C_B_6,U,6,-2.509000062942505,6.181000232696533,11.020000457763672
2L3C_B_7,A,7,0.2619999945163727,1.6039999723434448,12.354000091552734
2L3C_B_8,U,8,1.0989999771118164,-3.628999948501587,13.364999771118164
2L3C_B_9,A,9,-0.8709999918937683,-8.689000129699707,13.425000190734863
2L3C_B_10,A,10,-4.385000228881836,-12.791999816894531,11.996999740600586
2L3C_B_11,C,11,-8.17300033569336,-15.14799976348877,8.529000282287598
2L3C_B_12,A,12,-10.760000228881836,-15.324999809265137,3.911999940872192
2L3C_B_13,A,13,-11.802000045776367,-13.90999984741211,-0.9990000128746032
2L3C_B_14,U,14,-10.3149995803833,-11.687000274658203,-5.738999843597412
2L3C_B_15,A,15,-6.735000133514404,-10.842000007629396,-9.437999725341797
2L3C_B_16,U,16,-1.8480000495910645,-12.444000244140623,-10.583999633789062
2L3C_B_17,C,17,3.5480000972747803,-13.82800006866455,-14.812999725341797
2L3C_B_18,C,18,2.8959999084472656,-17.91699981689453,-8.081000328063965
2L3C_B_19,G,19,6.927000045776367,-13.892000198364258,-7.111999988555908
2L3C_B_20,U,20,3.253999948501587,-10.151000022888184,-5.826000213623047
2L3C_B_21,G,21,-0.8650000095367432,-7.255000114440918,-5.548999786376953
2L3C_B_22,U,22,-5.936999797821045,-5.452000141143799,-4.537000179290772
2L3C_B_23,U,23,-10.295000076293944,-6.124000072479248,-1.6449999809265137
2L3C_B_24,G,24,-13.284000396728516,-7.883999824523926,2.595000028610229
2L3C_B_25,U,25,-13.79800033569336,-9.4399995803833,8.006999969482422
2L3C_B_26,U,26,-11.538000106811523,-9.40999984741211,12.972999572753906
2L3C_B_27,A,27,-8.145999908447266,-8.020000457763672,17.231000900268555
2L3C_B_28,U,28,-4.73799991607666,-4.211999893188477,19.756000518798828
2L3C_B_29,A,29,-2.6010000705718994,0.930999994277954,20.76300048828125
2L3C_B_30,G,30,-0.4939999878406524,6.477000236511231,21.03899955749512
2L3C_B_31,U,31,-2.9019999504089355,10.545000076293944,18.48699951171875
2L3C_B_32,A,32,-6.497000217437744,13.890999794006348,15.942999839782717
2L3C_B_33,C,33,-11.812000274658203,16.01799964904785,15.654000282287598
2L3C_B_34,C,34,-16.31100082397461,17.020000457763672,18.660999298095703
