ID,resname,resid,x_1,y_1,z_1
2L3E_A_1,G,1,-8.545999526977539,-16.97100067138672,-11.8100004196167
2L3E_A_2,G,2,-5.166999816894531,-18.73600006103516,-7.26800012588501
2L3E_A_3,C,3,-0.449999988079071,-19.617000579833984,-4.90399980545044
2L3E_A_4,U,4,5.041999816894531,-19.565000534057617,-4.142000198364258
2L3E_A_5,U,5,8.461999893188477,-16.72800064086914,-5.8480000495910645
2L3E_A_6,U,6,10.135000228881836,-12.72599983215332,-8.279000282287598
2L3E_A_7,U,7,10.133000373840332,-9.496000289916992,-12.036999702453612
2L3E_A_8,G,8,10.276000022888184,-5.0970001220703125,-11.86400032043457
2L3E_A_9,C,9,11.83899974822998,-1.2380000352859497,-11.527999877929688
2L3E_A_10,U,10,9.458000183105469,2.8359999656677246,-8.444999694824219
2L3E_A_11,C,11,11.491999626159668,7.761000156402588,-8.16100025177002
2L3E_A_12,C,12,12.11299991607666,10.008999824523926,-14.385000228881836
2L3E_A_13,C,13,7.581999778747559,8.458000183105469,-15.82900047302246
2L3E_A_14,C,14,1.6959999799728394,6.9629998207092285,-17.018999099731445
2L3E_A_15,G,15,-2.559999942779541,8.28499984741211,-15.269000053405762
2L3E_A_16,U,16,-6.72599983215332,10.855999946594238,-12.340999603271484
2L3E_A_17,G,17,-8.015999794006348,14.866999626159668,-8.595000267028809
2L3E_A_18,C,18,-7.848000049591064,19.70800018310547,-6.369999885559082
2L3E_A_19,U,19,-4.664000034332275,23.347000122070312,-8.432999610900879
2L3E_A_20,U,20,-1.8170000314712524,29.073999404907227,-6.554999828338623
2L3E_A_21,C,21,0.006000000052154,26.143999099731445,-13.185999870300291
2L3E_A_22,G,22,4.068999767303467,26.29199981689453,-9.472000122070312
2L3E_A_23,G,23,2.434000015258789,22.28499984741211,-7.290999889373779
2L3E_A_24,C,24,0.781000018119812,19.05299949645996,-4.421999931335449
2L3E_A_25,A,25,-2.220000028610229,14.717000007629396,-3.539999961853028
2L3E_A_26,C,26,-3.3959999084472656,9.95400047302246,-4.742000102996826
2L3E_A_27,G,27,-3.256999969482422,5.01800012588501,-7.839000225067139
2L3E_A_28,G,28,-0.4970000088214874,1.5740000009536743,-10.93299961090088
2L3E_A_29,A,29,3.795000076293945,-2.7939999103546143,-13.628000259399414
2L3E_A_30,A,30,4.986999988555908,-7.598999977111816,-14.786999702453612
2L3E_A_31,A,31,6.925000190734863,-13.017000198364258,-15.017000198364258
2L3E_A_32,A,32,8.498000144958496,-18.7810001373291,-14.130000114440918
2L3E_A_33,G,33,5.683000087738037,-23.777000427246094,-12.6899995803833
2L3E_A_34,C,34,1.4889999628067017,-26.125,-10.802000045776367
2L3E_A_35,C,35,-4.25,-26.85199928283692,-9.265000343322754
