ID,resname,resid,x_1,y_1,z_1
2L5Z_A_1,G,1,-24.597999572753903,20.323999404907227,22.39299964904785
2L5Z_A_2,A,2,-21.27899932861328,14.909000396728516,21.63599967956543
2L5Z_A_3,G,3,-18.625,11.126999855041504,24.016000747680664
2L5Z_A_4,C,4,-16.65999984741211,7.99399995803833,28.270000457763672
2L5Z_A_5,U,5,-15.937999725341797,6.538000106811523,33.27799987792969
2L5Z_A_6,G,6,-17.916000366210938,5.21999979019165,38.5629997253418
2L5Z_A_7,C,7,-18.893999099731445,4.293000221252441,44.96699905395508
2L5Z_A_8,A,8,-23.179000854492188,0.6980000138282776,44.19900131225586
2L5Z_A_9,G,9,-23.666000366210938,1.5410000085830688,39.61399841308594
2L5Z_A_10,C,10,-28.941999435424805,2.315999984741211,40.76900100708008
2L5Z_A_11,A,11,-35.29899978637695,2.500999927520752,40.1879997253418
2L5Z_A_12,C,12,-39.17100143432617,0.2739999890327453,37.14400100708008
2L5Z_A_13,G,13,-39.51900100708008,-3.338000059127808,33.27899932861328
2L5Z_A_14,A,14,-42.02299880981445,-8.972000122070312,28.43000030517578
2L5Z_A_15,A,15,-40.3650016784668,-5.0329999923706055,26.04700088500977
2L5Z_A_16,A,16,-39.5369987487793,-0.5860000252723694,25.17399978637696
2L5Z_A_17,G,17,-37.01300048828125,2.799999952316284,26.92399978637696
2L5Z_A_18,U,18,-35.97700119018555,7.019999980926514,30.26700019836425
2L5Z_A_19,G,19,-33.862998962402344,9.623000144958496,34.529998779296875
2L5Z_A_20,A,20,-30.60199928283692,11.746000289916992,38.31100082397461
2L5Z_A_21,C,21,-25.016000747680664,13.263999938964844,38.30699920654297
2L5Z_A_22,G,22,-19.60700035095215,14.20300006866455,39.97700119018555
2L5Z_A_23,G,23,-15.123000144958496,14.260000228881836,37.02000045776367
2L5Z_A_24,C,24,-12.538999557495115,15.057000160217283,31.832000732421875
2L5Z_A_25,U,25,-11.845999717712402,16.19300079345703,26.39999961853028
2L5Z_A_26,C,26,-14.300000190734863,19.54800033569336,22.489999771118164
