ID,resname,resid,x_1,y_1,z_1
2L6I_A_1,G,1,9.175000190734863,-2.4660000801086426,8.565999984741211
2L6I_A_2,A,2,7.683000087738037,2.424000024795532,6.376999855041504
2L6I_A_3,U,3,4.76800012588501,5.843999862670898,3.0160000324249268
2L6I_A_4,C,4,0.5759999752044678,7.027999877929688,-0.2840000092983246
2L6I_A_5,U,5,-4.390999794006348,6.0,-2.5339999198913574
2L6I_A_6,C,6,-9.409000396728516,3.703000068664551,-2.871000051498413
2L6I_A_7,U,7,-13.907999992370604,0.5809999704360962,-2.3420000076293945
2L6I_A_8,U,8,-11.616000175476074,0.0299999993294477,2.9760000705718994
2L6I_A_9,G,9,-10.5,-5.388999938964844,2.569000005722046
2L6I_A_10,U,10,-8.906999588012695,-11.102999687194824,1.8819999694824217
2L6I_A_11,A,11,-7.138000011444092,-4.28000020980835,-1.756999969482422
2L6I_A_12,G,12,-3.4570000171661377,-1.7050000429153442,-4.926000118255615
2L6I_A_13,A,13,1.27400004863739,0.8569999933242798,-5.718999862670898
2L6I_A_14,U,14,6.073999881744385,2.259999990463257,-4.0960001945495605
2L6I_A_15,C,15,11.097000122070312,1.4989999532699585,-1.2289999723434448
2L6I_A_16,A,16,15.317999839782717,-1.8919999599456787,0.3840000033378601
