ID,resname,resid,x_1,y_1,z_1
2LAC_A_1,G,1,7.434000015258789,-5.4070000648498535,0.8370000123977661
2LAC_A_2,G,2,8.625,-2.828000068664551,5.585999965667725
2LAC_A_3,G,3,6.0929999351501465,-0.9679999947547911,9.08199977874756
2LAC_A_4,G,4,2.674000024795532,1.850000023841858,11.45300006866455
2LAC_A_5,A,5,-2.157000064849853,1.6380000114440918,12.810999870300291
2LAC_A_6,C,6,-6.078999996185303,-1.7910000085830688,14.177000045776367
2LAC_A_7,U,7,-4.849999904632568,-5.770999908447266,17.32900047302246
2LAC_A_8,G,8,-4.662000179290772,-5.352000236511231,23.166000366210938
2LAC_A_9,U,9,-0.335999995470047,-6.836999893188477,21.67799949645996
2LAC_A_10,A,10,1.975000023841858,-12.508999824523926,17.759000778198242
2LAC_A_11,A,11,-0.096000000834465,-12.168999671936035,13.628000259399414
2LAC_A_12,A,12,-3.690999984741211,-10.743000030517578,9.03499984741211
2LAC_A_13,U,13,-5.611999988555908,-6.730000019073486,6.453999996185303
2LAC_A_14,C,14,-5.703000068664551,-1.1299999952316284,4.352000236511231
2LAC_A_15,C,15,-2.719000101089477,2.96399998664856,3.483999967575073
2LAC_A_16,C,16,2.8949999809265137,5.494999885559082,2.625
2LAC_A_17,C,17,5.38700008392334,4.26200008392334,-1.870000004768372
