ID,resname,resid,x_1,y_1,z_1
2LBJ_A_1,G,1,16.391000747680664,23.20400047302246,19.36000061035156
2LBJ_A_2,G,2,12.086999893188477,19.58799934387207,18.520999908447266
2LBJ_A_3,G,3,8.119999885559082,15.842000007629396,16.56399917602539
2LBJ_A_4,C,4,7.031000137329102,11.923999786376951,12.913000106811523
2LBJ_A_5,C,5,7.692999839782715,7.546000003814697,9.378999710083008
2LBJ_A_6,U,6,10.45199966430664,2.851999998092652,6.183000087738037
2LBJ_A_7,U,7,13.206000328063965,-0.8140000104904175,4.809999942779541
2LBJ_A_8,G,8,15.572999954223633,-4.00600004196167,6.330999851226807
2LBJ_A_9,C,9,16.836000442504883,-6.61899995803833,10.482000350952148
2LBJ_A_10,C,10,19.038000106811523,-4.139999866485596,15.39900016784668
2LBJ_A_11,A,11,20.481000900268555,-0.6309999823570251,11.66100025177002
2LBJ_A_12,A,12,20.333999633789062,4.354000091552734,9.015000343322754
2LBJ_A_13,G,13,17.83099937438965,8.5649995803833,6.854000091552734
2LBJ_A_14,G,14,14.684000015258787,13.244000434875488,5.381999969482422
2LBJ_A_15,U,15,10.98900032043457,17.867000579833984,4.466000080108643
2LBJ_A_16,C,16,9.315999984741213,21.457000732421875,8.11299991607666
2LBJ_A_17,C,17,8.552000045776367,25.374000549316406,12.33899974822998
