ID,resname,resid,x_1,y_1,z_1
2LBK_A_1,G,1,14.76200008392334,12.135000228881836,3.753000020980835
2LBK_A_2,G,2,13.031000137329102,7.98199987411499,7.373000144958496
2LBK_A_3,G,3,10.26200008392334,3.927999973297119,8.38700008392334
2LBK_A_4,A,4,7.02400016784668,-0.5580000281333923,8.427000045776367
2LBK_A_5,C,5,4.702000141143799,-4.868000030517578,6.328000068664551
2LBK_A_6,C,6,3.3289999961853027,-9.512999534606934,3.0309998989105225
2LBK_A_7,U,7,5.5,-14.473999977111816,2.111999988555908
2LBK_A_8,U,8,9.204999923706056,-17.98900032043457,3.7260000705718994
2LBK_A_9,C,9,13.973999977111816,-22.756999969482425,2.443000078201294
2LBK_A_10,C,10,18.386999130249023,-18.24300003051757,1.2039999961853027
2LBK_A_11,C,11,15.85099983215332,-14.451000213623049,-1.1030000448226929
2LBK_A_12,G,12,12.324999809265137,-11.46399974822998,-2.808000087738037
2LBK_A_13,G,13,9.074000358581545,-7.223000049591064,-2.930000066757202
2LBK_A_14,U,14,4.789999961853027,-3.0369999408721924,-2.427999973297119
2LBK_A_15,C,15,3.9609999656677246,1.3450000286102295,0.2049999982118606
2LBK_A_16,U,16,3.5969998836517334,6.197999954223633,3.0169999599456787
2LBK_A_17,C,17,4.129000186920166,11.355999946594238,5.992000102996826
