ID,resname,resid,x_1,y_1,z_1
2LBL_A_1,G,1,0.6349999904632568,8.958999633789062,10.116000175476074
2LBL_A_2,G,2,-1.3830000162124634,4.452000141143799,7.282000064849853
2LBL_A_3,G,3,-1.562999963760376,0.0649999976158142,3.973000049591065
2LBL_A_4,A,4,-0.3630000054836273,-4.650000095367432,1.3320000171661377
2LBL_A_5,C,5,2.302999973297119,-9.496999740600586,-0.6269999742507935
2LBL_A_6,C,6,5.189000129699707,-13.428000450134276,0.4909999966621399
2LBL_A_7,U,7,7.407000064849853,-17.75,3.431999921798706
2LBL_A_8,U,8,6.458000183105469,-22.131000518798828,6.651999950408936
2LBL_A_9,C,9,6.77400016784668,-26.24799919128418,11.81700038909912
2LBL_A_10,C,10,7.73799991607666,-21.242000579833984,12.890000343322754
2LBL_A_11,A,11,10.19499969482422,-16.64299964904785,12.677000045776367
2LBL_A_12,A,12,11.178000450134276,-12.791999816894531,9.92099952697754
2LBL_A_13,G,13,11.725000381469728,-9.154000282287598,5.567999839782715
2LBL_A_14,U,14,10.616999626159668,-5.151000022888184,1.6929999589920044
2LBL_A_15,C,15,8.371000289916992,-0.3840000033378601,-0.800000011920929
2LBL_A_16,U,16,5.873000144958496,4.735000133514404,-0.7059999704360962
2LBL_A_17,C,17,2.1540000438690186,9.045000076293944,-0.4280000030994415
