ID,resname,resid,x_1,y_1,z_1
2LBS_A_1,G,1,-14.916000366210938,-28.69799995422364,0.7329999804496765
2LBS_A_2,G,2,-11.428000450134276,-24.606000900268555,2.700000047683716
2LBS_A_3,G,3,-7.065999984741211,-21.28899955749512,1.743000030517578
2LBS_A_4,A,4,-3.3489999771118164,-18.10300064086914,-0.7419999837875366
2LBS_A_5,U,5,0.3079999983310699,-15.96500015258789,-4.414999961853027
2LBS_A_6,A,6,0.1260000020265579,-14.26099967956543,-9.463000297546388
2LBS_A_7,C,7,-1.919999957084656,-12.576000213623049,-14.597000122070312
2LBS_A_8,C,8,-5.965000152587891,-9.776000022888184,-16.756999969482422
2LBS_A_9,A,9,-10.857999801635742,-7.311999797821045,-16.79199981689453
2LBS_A_10,U,10,-13.678000450134276,-4.067999839782715,-13.87399959564209
2LBS_A_11,G,11,-16.229999542236328,-2.0269999504089355,-9.93000030517578
2LBS_A_12,U,12,-16.961000442504883,-0.859000027179718,-5.006999969482422
2LBS_A_13,U,13,-15.140000343322754,0.8579999804496765,-0.7400000095367432
2LBS_A_14,C,14,-12.217000007629396,2.4600000381469727,2.890000104904175
2LBS_A_15,A,15,-12.812999725341797,7.51200008392334,6.477000236511231
2LBS_A_16,A,16,-10.777999877929688,11.515999794006348,5.665999889373779
2LBS_A_17,G,17,-9.277000427246094,13.513999938964844,8.529000282287598
2LBS_A_18,U,18,-7.955999851226807,14.196000099182127,2.943000078201294
2LBS_A_19,G,19,-6.133999824523926,10.232000350952148,-0.4749999940395355
2LBS_A_20,A,20,-5.71999979019165,5.761000156402588,-2.157000064849853
2LBS_A_21,A,21,-6.177999973297119,0.5070000290870667,-1.694000005722046
2LBS_A_22,C,22,-9.006999969482422,-3.506999969482422,-1.9110000133514404
2LBS_A_23,G,23,-13.020000457763672,-6.25,-3.437000036239624
2LBS_A_24,U,24,-14.821000099182127,-9.373000144958496,-7.138000011444092
2LBS_A_25,G,25,-15.20699977874756,-12.734000205993652,-11.505999565124512
2LBS_A_26,G,26,-12.178999900817873,-16.360000610351562,-13.763999938964844
2LBS_A_27,U,27,-7.453999996185303,-19.077999114990234,-15.473999977111816
2LBS_A_28,A,28,-3.247999906539917,-21.66699981689453,-13.017999649047852
2LBS_A_29,U,29,0.4939999878406524,-23.691999435424805,-9.39900016784668
2LBS_A_30,C,30,0.8659999966621399,-24.927000045776367,-4.892000198364258
2LBS_A_31,U,31,-1.3639999628067017,-25.93000030517578,-0.0640000030398368
2LBS_A_32,C,32,-4.435999870300293,-28.61000061035156,3.7179999351501465
