ID,resname,resid,x_1,y_1,z_1
2LDL_A_1,G,1,91.09600067138672,-37.25899887084961,152.84100341796875
2LDL_A_2,G,2,93.9010009765625,-33.49399948120117,150.7779998779297
2LDL_A_3,A,3,94.03500366210938,-28.981000900268555,148.86199951171875
2LDL_A_4,U,4,92.16000366210938,-23.81599998474121,148.54600524902344
2LDL_A_5,C,5,89.83300018310547,-19.849000930786133,150.8040008544922
2LDL_A_6,C,6,87.25700378417969,-18.059999465942383,154.48800659179688
2LDL_A_7,A,7,84.49400329589844,-18.177000045776367,158.91099548339844
2LDL_A_8,U,8,84.52400207519531,-19.49399948120117,163.89700317382812
2LDL_A_9,U,9,87.24800109863281,-20.552000045776367,167.98599243164062
2LDL_A_10,C,10,92.20700073242188,-20.51499938964844,170.61599731445312
2LDL_A_11,G,11,96.6230010986328,-18.4379997253418,171.3990020751953
2LDL_A_12,A,12,100.48400115966795,-15.473999977111816,170.06700134277344
2LDL_A_13,U,13,103.01399993896484,-11.553999900817873,167.71499633789062
2LDL_A_14,U,14,109.03600311279295,-12.133000373840332,162.52000427246094
2LDL_A_15,A,15,104.56600189208984,-13.866000175476074,162.18499755859375
2LDL_A_16,G,16,101.08300018310548,-17.14299964904785,160.03199768066406
2LDL_A_17,U,17,97.36000061035156,-17.099000930786133,156.44700622558594
2LDL_A_18,G,18,99.35800170898438,-20.92099952697754,162.7100067138672
2LDL_A_19,A,19,96.22200012207033,-25.003999710083008,165.0070037841797
2LDL_A_20,A,20,91.46399688720705,-27.020000457763672,165.11199951171875
2LDL_A_21,C,21,87.0530014038086,-27.45599937438965,163.2760009765625
2LDL_A_22,G,22,83.4209976196289,-26.049999237060547,160.18600463867188
2LDL_A_23,G,23,81.43399810791016,-24.700000762939453,155.37100219726562
2LDL_A_24,A,24,81.8239974975586,-24.576000213623047,150.23599243164062
2LDL_A_25,U,25,84.24199676513672,-25.915000915527344,146.0240020751953
2LDL_A_26,C,26,87.7979965209961,-29.214000701904297,143.50799560546875
2LDL_A_27,C,27,89.60399627685547,-34.012001037597656,142.89100646972656
