ID,resname,resid,x_1,y_1,z_1
2LDT_A_1,G,1,-32.474998474121094,-22.86100006103516,-6.574999809265137
2LDT_A_2,G,2,-27.81399917602539,-25.07699966430664,-5.146999835968018
2LDT_A_3,G,3,-22.722000122070312,-26.23600006103516,-5.763999938964844
2LDT_A_4,G,4,-17.594999313354492,-26.319000244140625,-7.836999893188477
2LDT_A_5,A,5,-13.753000259399414,-24.14299964904785,-10.824000358581545
2LDT_A_6,G,6,-11.541000366210938,-20.138999938964844,-13.215999603271484
2LDT_A_7,U,7,-10.293999671936035,-14.616999626159668,-13.513999938964844
2LDT_A_8,A,8,-10.82699966430664,-10.30799961090088,-11.41800022125244
2LDT_A_9,C,9,-14.479999542236328,-4.670000076293945,-11.904999732971191
2LDT_A_10,G,10,-12.19499969482422,-1.6649999618530271,-7.78000020980835
2LDT_A_11,G,11,-9.47700023651123,1.4700000286102295,-3.640000104904175
2LDT_A_12,C,12,-4.828000068664551,3.428999900817871,-1.5989999771118164
2LDT_A_13,C,13,0.5830000042915344,4.888000011444092,-1.631999969482422
2LDT_A_14,G,14,5.127999782562256,6.0,-4.876999855041504
2LDT_A_15,C,15,9.177000045776367,9.366999626159668,-8.3100004196167
2LDT_A_16,A,16,8.001999855041504,5.97599983215332,-10.723999977111816
2LDT_A_17,A,17,8.909000396728516,1.9079999923706048,-10.267999649047852
2LDT_A_18,G,18,6.03000020980835,-1.3849999904632568,-7.880000114440918
2LDT_A_19,G,19,3.630000114440918,-2.7799999713897705,-3.756999969482422
2LDT_A_20,U,20,-0.5400000214576721,-3.428999900817871,-0.8709999918937683
2LDT_A_21,U,21,-6.045000076293945,-5.38700008392334,0.06700000166893
2LDT_A_22,A,22,-10.357999801635742,-7.830999851226807,-1.059999942779541
2LDT_A_23,A,23,-16.37700080871582,-7.945000171661377,-1.4980000257492063
2LDT_A_24,A,24,-19.12800025939941,-7.473999977111816,-5.783999919891357
2LDT_A_25,A,25,-18.94300079345703,-9.213000297546388,-11.151000022888184
2LDT_A_26,C,26,-18.76300048828125,-12.291000366210938,-15.343000411987305
2LDT_A_27,U,27,-18.11400032043457,-16.773000717163086,-17.54599952697754
2LDT_A_28,C,28,-17.722999572753906,-22.416000366210938,-17.913000106811523
2LDT_A_29,C,29,-19.340999603271484,-27.082000732421875,-16.058000564575195
2LDT_A_30,C,30,-22.77499961853028,-30.444000244140625,-13.152999877929688
2LDT_A_31,C,31,-28.05900001525879,-31.50300025939941,-11.020999908447266
