ID,resname,resid,x_1,y_1,z_1
2LI4_A_1,G,1,7.565999984741211,-30.187000274658203,7.890999794006348
2LI4_A_2,G,2,5.5329999923706055,-27.96699905395508,2.6989998817443848
2LI4_A_3,A,3,2.2869999408721924,-24.266000747680664,-0.6140000224113464
2LI4_A_4,C,4,0.0750000029802322,-20.01799964904785,-1.924000024795532
2LI4_A_5,C,5,-4.4679999351501465,-16.320999145507812,-2.0439999103546143
2LI4_A_6,G,6,-6.151999950408936,-11.93000030517578,-1.090999960899353
2LI4_A_7,A,7,-5.788000106811523,-7.965000152587891,1.319000005722046
2LI4_A_8,U,8,-3.812999963760376,-3.6579999923706055,4.208000183105469
2LI4_A_9,A,9,-0.7179999947547913,0.6710000038146973,5.300000190734863
2LI4_A_10,A,10,1.9470000267028809,4.989999771118164,5.098999977111816
2LI4_A_11,G,11,5.169000148773193,8.980999946594238,2.7660000324249268
2LI4_A_12,G,12,7.210999965667725,13.86400032043457,-0.2070000022649765
2LI4_A_13,U,13,5.714000225067139,18.184999465942383,-2.940999984741211
2LI4_A_14,A,14,3.684999942779541,21.50900077819824,-6.423999786376953
2LI4_A_15,G,15,2.5820000171661377,26.155000686645508,-6.215000152587891
2LI4_A_16,A,16,-1.437999963760376,32.18299865722656,-6.23199987411499
2LI4_A_17,A,17,-5.573999881744385,29.482999801635746,-5.111999988555908
2LI4_A_18,A,18,-8.005000114440918,25.38999938964844,-4.664999961853027
2LI4_A_19,U,19,-6.281000137329102,21.19599914550781,-5.3429999351501465
2LI4_A_20,G,20,-3.686000108718872,17.913999557495117,-8.008000373840332
2LI4_A_21,C,21,0.3519999980926513,15.104999542236328,-8.163000106811523
2LI4_A_22,C,22,4.651999950408936,11.083999633789062,-7.375999927520752
2LI4_A_23,U,23,6.355999946594238,7.140999794006348,-4.054999828338623
2LI4_A_24,U,24,6.4670000076293945,3.440000057220459,-1.6720000505447388
2LI4_A_25,A,25,5.995999813079834,-0.3959999978542328,2.5390000343322754
2LI4_A_26,U,26,3.38700008392334,-3.888999938964844,5.611999988555908
2LI4_A_27,C,27,-0.1129999980330467,-7.723000049591064,6.61299991607666
2LI4_A_28,G,28,-4.327000141143799,-11.711000442504885,7.921999931335449
2LI4_A_29,G,29,-5.427999973297119,-16.027000427246094,6.408999919891357
2LI4_A_30,U,30,-6.060999870300293,-21.53199958801269,4.815999984741211
2LI4_A_31,C,31,-5.072999954223633,-26.941999435424805,3.134999990463257
2LI4_A_32,C,32,-2.5350000858306885,-32.29100036621094,4.111999988555908
