ID,resname,resid,x_1,y_1,z_1
2LJJ_A_1,G,1,-0.4350000023841858,-23.68099975585937,-4.775000095367432
2LJJ_A_2,G,2,-4.526000022888184,-21.416000366210938,-2.453000068664551
2LJJ_A_3,C,3,-7.520999908447266,-18.61199951171875,0.6119999885559082
2LJJ_A_4,C,4,-7.690999984741211,-13.281000137329102,2.369999885559082
2LJJ_A_5,U,5,-6.563000202178955,-6.955999851226807,1.4639999866485596
2LJJ_A_6,C,6,-7.744999885559082,-2.880000114440918,-1.1729999780654907
2LJJ_A_7,A,7,-5.298999786376953,-2.700999975204468,3.51200008392334
2LJJ_A_8,G,8,-0.878000020980835,-2.463000059127808,4.360000133514404
2LJJ_A_9,C,9,3.990999937057495,-1.725000023841858,2.907999992370605
2LJJ_A_10,A,10,7.408999919891357,1.5210000276565552,-0.1519999951124191
2LJJ_A_11,C,11,8.104999542236328,7.058000087738037,-1.83899998664856
2LJJ_A_12,U,12,8.892999649047852,11.336000442504885,-0.9419999718666076
2LJJ_A_13,A,13,6.84499979019165,15.710000038146973,-1.7910000085830688
2LJJ_A_14,C,14,2.736999988555908,18.15399932861328,-2.16599988937378
2LJJ_A_15,C,15,0.5820000171661377,24.944000244140625,-2.711999893188477
2LJJ_A_16,C,16,-1.565999984741211,16.75200080871582,-0.3310000002384186
2LJJ_A_17,C,17,-0.4600000083446502,20.89299964904785,5.26200008392334
2LJJ_A_18,A,18,-1.9529999494552608,15.45699977874756,3.559999942779541
2LJJ_A_19,G,19,-0.8429999947547913,12.54800033569336,-0.1739999949932098
2LJJ_A_20,U,20,1.305999994277954,9.170000076293944,-3.9690001010894775
2LJJ_A_21,G,21,2.525000095367432,4.638999938964844,-5.590000152587891
2LJJ_A_22,U,22,3.2929999828338623,-0.375,-5.354000091552734
2LJJ_A_23,A,23,2.3970000743865967,-5.284999847412109,-4.519999980926514
2LJJ_A_24,G,24,0.7329999804496765,-7.903999805450439,-1.0880000591278076
2LJJ_A_25,G,25,-1.746999979019165,-10.732000350952148,4.5879998207092285
2LJJ_A_26,U,26,-1.8869999647140503,-15.5649995803833,5.739999771118164
2LJJ_A_27,C,27,-2.634999990463257,-21.614999771118164,5.364999771118164
