ID,resname,resid,x_1,y_1,z_1
2LK3_A_1,G,1,2.510999917984009,2.885999917984009,-26.11199951171875
2LK3_A_2,G,2,4.829999923706055,5.8379998207092285,-21.77499961853028
2LK3_A_3,C,3,3.714999914169312,9.13599967956543,-17.510000228881836
2LK3_A_4,U,4,0.6869999766349792,11.678999900817873,-13.633999824523926
2LK3_A_5,U,5,2.6050000190734863,17.854999542236328,-11.208999633789062
2LK3_A_6,A,6,-1.2890000343322754,21.347999572753903,-10.904000282287598
2LK3_A_7,G,7,-6.605000019073486,19.94700050354004,-9.480999946594238
2LK3_A_8,A,8,-11.019000053405762,16.78700065612793,-8.32699966430664
2LK3_A_9,U,9,-13.63599967956543,11.982999801635742,-7.296000003814697
2LK3_A_10,C,10,-13.385000228881836,6.708000183105469,-5.829999923706055
2LK3_A_11,A,11,-10.876999855041504,2.621999979019165,-2.884999990463257
2LK3_A_12,G,12,-7.447000026702881,3.4790000915527344,1.7710000276565552
2LK3_A_13,A,13,-3.805000066757202,5.041999816894531,7.482999801635742
2LK3_A_14,A,14,-0.1509999930858612,5.7179999351501465,3.786999940872192
2LK3_A_15,A,15,1.6269999742507937,4.289000034332275,-0.4000000059604645
2LK3_A_16,U,16,-0.1870000064373016,2.588000059127808,-4.394000053405762
2LK3_A_17,G,17,-3.9800000190734863,1.9989999532699585,-8.093000411987305
2LK3_A_18,A,18,-8.01200008392334,3.634999990463257,-11.107999801635742
2LK3_A_19,U,19,-10.958999633789062,7.505000114440918,-13.399999618530272
2LK3_A_20,C,20,-11.659000396728516,12.631999969482422,-15.45400047302246
2LK3_A_21,A,21,-8.538999557495117,15.673999786376951,-17.46500015258789
2LK3_A_22,G,22,-3.63100004196167,16.63800048828125,-19.2549991607666
2LK3_A_23,C,23,1.3079999685287476,15.800999641418455,-22.042999267578125
2LK3_A_24,C,24,4.440000057220459,13.53600025177002,-26.36599922180176
