ID,resname,resid,x_1,y_1,z_1
2LP9_A_1,G,1,-8.878000259399414,-6.255000114440918,9.88599967956543
2LP9_A_2,A,2,-3.571000099182129,-5.1479997634887695,10.307000160217283
2LP9_A_3,G,3,1.5010000467300415,-3.720999956130981,8.291999816894531
2LP9_A_4,G,4,4.559999942779541,-1.4450000524520874,4.377999782562256
2LP9_A_5,A,5,4.763999938964844,1.5880000591278076,-0.1420000046491623
2LP9_A_6,C,6,2.5239999294281006,5.706999778747559,-2.822000026702881
2LP9_A_7,A,7,2.686000108718872,10.314000129699709,0.5509999990463257
2LP9_A_8,U,8,-2.316999912261963,12.593000411987305,1.809999942779541
2LP9_A_9,A,9,-5.355999946594238,9.447999954223633,-0.3610000014305115
2LP9_A_10,G,10,-8.163000106811523,5.742000102996826,-2.32699990272522
2LP9_A_11,A,11,-5.175000190734863,8.175999641418457,-6.982999801635742
2LP9_A_12,U,12,-4.449999809265137,3.0789999961853027,-5.627999782562256
2LP9_A_13,C,13,-0.481000006198883,-0.7049999833106995,-5.163000106811523
2LP9_A_14,U,14,1.7769999504089355,-4.715000152587891,-2.4800000190734863
2LP9_A_15,U,15,2.1760001182556152,-8.184000015258789,1.559000015258789
2LP9_A_16,C,16,0.1729999929666519,-10.782999992370604,5.688000202178955
