ID,resname,resid,x_1,y_1,z_1
2LPA_A_1,G,1,-0.2469999939203262,-9.727999687194824,10.097999572753906
2LPA_A_2,A,2,3.786999940872192,-8.076000213623047,6.888000011444092
2LPA_A_3,G,3,5.99399995803833,-5.565000057220459,2.2880001068115234
2LPA_A_4,G,4,5.85699987411499,-2.174999952316284,-2.0810000896453857
2LPA_A_5,A,5,3.4679999351501465,1.746999979019165,-5.175000190734863
2LPA_A_6,C,6,0.5410000085830688,6.322000026702881,-4.857999801635742
2LPA_A_7,A,7,2.430999994277954,9.92099952697754,-1.2170000076293943
2LPA_A_8,U,8,-0.3379999995231628,11.284000396728516,4.01200008392334
2LPA_A_9,A,9,-4.563000202178955,9.730999946594238,2.8949999809265137
2LPA_A_10,G,10,-7.51800012588501,5.565000057220459,2.336999893188477
2LPA_A_11,U,11,-7.111000061035156,3.884000062942505,-2.878000020980835
2LPA_A_12,C,12,-4.138999938964844,0.2249999940395355,-5.584000110626221
2LPA_A_13,U,13,-0.9919999837875366,-4.085000038146973,-5.616000175476074
2LPA_A_14,U,14,2.006999969482422,-8.440999984741211,-3.759999990463257
2LPA_A_15,C,15,2.73799991607666,-12.31999969482422,-0.0850000008940696
