ID,resname,resid,x_1,y_1,z_1
2LQZ_A_1,G,1,-51.39500045776367,-3.384000062942505,-53.77000045776367
2LQZ_A_2,G,2,-47.24100112915039,-5.426000118255615,-52.26800155639648
2LQZ_A_3,A,3,-43.4370002746582,-8.842000007629395,-49.18199920654297
2LQZ_A_4,C,4,-42.47999954223633,-13.744999885559082,-49.23199844360352
2LQZ_A_5,U,5,-42.05199813842773,-18.88400077819824,-50.0260009765625
2LQZ_A_6,U,6,-41.06100082397461,-22.74300003051757,-52.902000427246094
2LQZ_A_7,C,7,-40.40900039672852,-29.600000381469727,-47.98500061035156
2LQZ_A_8,C,8,-45.86399841308594,-21.483999252319336,-47.35100173950195
2LQZ_A_9,A,9,-46.46099853515625,-26.145000457763672,-49.84400177001953
2LQZ_A_10,U,10,-49.3650016784668,-29.457000732421875,-51.89699935913086
2LQZ_A_11,U,11,-51.45000076293945,-33.055999755859375,-55.70700073242188
2LQZ_A_12,G,12,-49.266998291015625,-36.71699905395508,-59.46900177001953
2LQZ_A_13,C,13,-45.45600128173828,-39.630001068115234,-60.33399963378906
2LQZ_A_14,U,14,-41.99700164794922,-41.74100112915039,-57.68999862670898
2LQZ_A_15,U,15,-35.5369987487793,-43.70000076293945,-57.01599884033203
2LQZ_A_16,C,16,-39.37300109863281,-41.3129997253418,-51.79399871826172
2LQZ_A_17,G,17,-35.50199890136719,-36.992000579833984,-54.8849983215332
2LQZ_A_18,G,18,-37.41899871826172,-33.57400131225586,-57.152000427246094
2LQZ_A_19,C,19,-40.2130012512207,-31.73699951171875,-60.45100021362305
2LQZ_A_20,A,20,-44.8759994506836,-29.520999908447266,-63.071998596191406
2LQZ_A_21,A,21,-47.6510009765625,-26.315000534057617,-60.310001373291016
2LQZ_A_22,A,22,-52.59999847412109,-26.80500030517578,-55.66600036621094
2LQZ_A_23,A,23,-50.93000030517578,-21.07900047302246,-54.25400161743164
2LQZ_A_24,G,24,-52.03300094604492,-18.72699928283692,-50.00299835205078
2LQZ_A_25,U,25,-50.77000045776367,-16.125999450683594,-45.51499938964844
2LQZ_A_26,C,26,-49.99599838256836,-11.055999755859377,-43.882999420166016
2LQZ_A_27,C,27,-51.05699920654297,-5.926000118255615,-43.75199890136719
