ID,resname,resid,x_1,y_1,z_1
2LUN_A_1,G,1,11.812999725341797,7.875999927520752,8.4350004196167
2LUN_A_2,G,2,6.389999866485596,9.982999801635742,7.392000198364258
2LUN_A_3,G,3,0.0489999987185001,9.406999588012695,5.313000202178955
2LUN_A_4,C,4,-3.595999956130981,5.336999893188477,4.382999897003174
2LUN_A_5,A,5,-8.302000045776367,1.152999997138977,1.7280000448226929
2LUN_A_6,G,6,-8.348999977111816,-3.996000051498413,4.671999931335449
2LUN_A_7,U,7,-8.291000366210938,-6.678999900817871,9.645999908447266
2LUN_A_8,G,8,-9.406999588012695,-7.152999877929688,15.425000190734863
2LUN_A_9,A,9,-6.85699987411499,-4.715000152587891,20.257999420166016
2LUN_A_10,U,10,-8.362000465393066,-2.384999990463257,24.5049991607666
2LUN_A_11,G,11,-9.696999549865724,1.4270000457763672,27.448999404907227
2LUN_A_12,C,12,-11.458000183105469,6.961999893188477,30.424999237060547
2LUN_A_13,U,13,-16.000999450683594,8.246000289916992,31.011999130249023
2LUN_A_14,U,14,-20.44499969482422,12.196000099182127,30.83300018310547
2LUN_A_15,C,15,-21.63599967956543,6.171000003814697,30.26300048828125
2LUN_A_16,G,16,-22.600000381469727,8.697999954223633,25.55699920654297
2LUN_A_17,G,17,-18.554000854492188,9.666000366210938,22.756999969482425
2LUN_A_18,C,18,-14.314000129699709,8.647000312805176,21.24399948120117
2LUN_A_19,A,19,-8.052000045776367,7.228000164031982,21.29700088500977
2LUN_A_20,U,20,-4.485000133514404,4.557000160217285,19.589000701904297
2LUN_A_21,A,21,-1.7300000190734863,-1.00600004196167,19.72100067138672
2LUN_A_22,U,22,-0.9190000295639038,-5.102000236511231,14.631999969482422
2LUN_A_23,C,23,0.8029999732971191,-6.918000221252441,9.17300033569336
2LUN_A_24,A,24,1.878000020980835,-6.491000175476074,2.384999990463257
2LUN_A_25,G,25,2.447000026702881,-1.7799999713897705,-0.4239999949932098
2LUN_A_26,C,26,3.526000022888184,3.427000045776367,-3.08899998664856
2LUN_A_27,C,27,6.729000091552734,7.999000072479248,-3.118000030517578
2LUN_A_28,C,28,11.465999603271484,11.529999732971191,-1.6269999742507937
