ID,resname,resid,x_1,y_1,z_1
2LV0_A_1,G,1,13.970000267028809,16.01799964904785,36.7859992980957
2LV0_A_2,G,2,11.1899995803833,12.946000099182127,41.12099838256836
2LV0_A_3,G,3,6.544000148773193,10.201000213623049,42.67499923706055
2LV0_A_4,C,4,1.6970000267028809,7.835999965667725,41.99399948120117
2LV0_A_5,U,5,-2.9170000553131104,5.784999847412109,38.85699844360352
2LV0_A_6,A,6,-5.234000205993652,3.6459999084472656,34.48500061035156
2LV0_A_7,A,7,-5.4710001945495605,1.5019999742507937,29.511999130249023
2LV0_A_8,U,8,-3.671999931335449,-1.774999976158142,25.464000701904297
2LV0_A_9,G,9,-1.3650000095367432,-6.39300012588501,24.11100006103516
2LV0_A_10,U,10,1.1510000228881836,-10.78600025177002,24.836000442504883
2LV0_A_11,U,11,2.4570000171661377,-15.595999717712402,27.07200050354004
2LV0_A_12,G,12,1.562999963760376,-19.59000015258789,29.013999938964844
2LV0_A_13,A,13,6.77400016784668,-19.53199958801269,32.05899810791016
2LV0_A_14,A,14,7.275000095367432,-15.90999984741211,33.89899826049805
2LV0_A_15,A,15,9.137999534606934,-10.826000213623049,32.801998138427734
2LV0_A_16,A,16,9.524999618530272,-6.383999824523926,30.81399917602539
2LV0_A_17,A,17,7.809000015258789,-2.407999992370605,27.371000289916992
2LV0_A_18,U,18,4.642000198364258,1.825999975204468,25.290000915527344
2LV0_A_19,U,19,0.9760000109672546,5.526999950408936,25.71699905395508
2LV0_A_20,A,20,-2.75600004196167,9.12600040435791,28.559999465942383
2LV0_A_21,G,21,-3.622999906539917,12.222999572753906,32.9739990234375
2LV0_A_22,C,22,-2.572000026702881,14.664999961853027,37.68899917602539
2LV0_A_23,C,23,0.6679999828338623,16.9950008392334,41.948001861572266
2LV0_A_24,C,24,6.09499979019165,19.95199966430664,43.32099914550781
