ID,resname,resid,x_1,y_1,z_1
2M12_A_1,G,1,46.39099884033203,-47.4119987487793,16.784000396728516
2M12_A_2,G,2,46.64599990844727,-50.512001037597656,13.015999794006348
2M12_A_3,G,3,47.61899948120117,-55.790000915527344,11.78600025177002
2M12_A_4,U,4,48.54499816894531,-61.04199981689453,13.16800022125244
2M12_A_5,G,5,48.45000076293945,-65.38400268554688,16.767000198364258
2M12_A_6,U,6,45.17499923706055,-67.46299743652344,21.268999099731445
2M12_A_7,A,7,43.74399948120117,-69.41699981689453,25.933000564575195
2M12_A_8,U,8,42.25199890136719,-69.56099700927734,30.59000015258789
2M12_A_9,U,9,42.36800003051758,-65.83499908447266,34.63100051879883
2M12_A_10,G,10,41.81600189208984,-68.22100067138672,40.48400115966797
2M12_A_11,G,11,38.69900131225586,-64.3270034790039,38.26900100708008
2M12_A_12,A,12,36.88800048828125,-66.8280029296875,46.21599960327149
2M12_A_13,A,13,30.66699981689453,-64.69499969482422,40.64300155639648
2M12_A_14,A,14,33.52000045776367,-61.055999755859375,37.75
2M12_A_15,U,15,33.48199844360352,-60.72600173950195,34.38399887084961
2M12_A_16,G,16,34.97600173950195,-59.73899841308594,28.61400032043457
2M12_A_17,A,17,39.60100173950195,-59.0009994506836,30.56800079345703
2M12_A_18,G,18,45.07600021362305,-61.03499984741211,29.832000732421875
2M12_A_19,C,19,49.89500045776367,-62.2599983215332,26.93600082397461
2M12_A_20,A,20,53.48799896240234,-61.99599838256836,22.674999237060547
2M12_A_21,C,21,55.41299819946289,-59.85200119018555,17.892000198364258
2M12_A_22,C,22,55.79499816894531,-55.994998931884766,13.972999572753906
2M12_A_23,C,23,55.36299896240234,-50.67900085449219,12.109000205993652
