ID,resname,resid,x_1,y_1,z_1
2M21_A_1,G,1,0.0439999997615814,16.12700080871582,-2.344000101089477
2M21_A_2,G,2,-4.196000099182129,11.83899974822998,-2.203000068664551
2M21_A_3,C,3,-6.539999961853027,8.059000015258789,-4.795000076293945
2M21_A_4,G,4,-9.218000411987305,4.265999794006348,-9.164999961853027
2M21_A_5,A,5,-8.295999526977539,-0.481000006198883,-12.394000053405762
2M21_A_6,U,6,-4.788000106811523,-4.958000183105469,-14.256999969482422
2M21_A_7,A,7,0.0080000003799796,-8.947999954223633,-12.98900032043457
2M21_A_8,C,8,2.470999956130981,-11.644000053405762,-8.741999626159668
2M21_A_9,A,9,3.0789999961853027,-11.979999542236328,-3.296999931335449
2M21_A_10,C,10,1.381999969482422,-14.324000358581545,1.2890000343322754
2M21_A_11,U,11,1.218999981880188,-13.258000373840332,7.238999843597412
2M21_A_12,A,12,2.059000015258789,-7.15399980545044,3.694000005722046
2M21_A_13,U,13,-5.401999950408936,-6.177999973297119,2.7079999446868896
2M21_A_14,U,14,1.184000015258789,-4.388000011444092,-0.6240000128746033
2M21_A_15,U,15,4.76200008392334,-2.822000026702881,-4.86299991607666
2M21_A_16,A,16,4.541999816894531,-1.4819999933242798,-9.800999641418455
2M21_A_17,U,17,2.2660000324249268,1.465000033378601,-14.383000373840332
2M21_A_18,C,18,-1.159000039100647,5.73799991607666,-15.861000061035156
2M21_A_19,G,19,-4.303999900817871,9.902999877929688,-15.16800022125244
2M21_A_20,C,20,-7.51800012588501,13.522000312805176,-12.607000350952148
2M21_A_21,C,21,-7.703999996185303,17.368000030517578,-9.326000213623049
