ID,resname,resid,x_1,y_1,z_1
2M22_A_1,G,1,3.127000093460083,-17.892000198364258,1.0549999475479126
2M22_A_2,G,2,3.724999904632568,-15.760000228881836,-4.177999973297119
2M22_A_3,C,3,2.0230000019073486,-12.914999961853027,-8.704999923706055
2M22_A_4,A,4,-0.7200000286102295,-8.723999977111816,-11.79599952697754
2M22_A_5,G,5,-3.515000104904175,-4.438000202178955,-10.746999740600586
2M22_A_6,A,6,-6.113999843597412,0.8659999966621399,-8.623000144958496
2M22_A_7,U,7,-6.110000133514404,3.713000059127808,-4.610000133514404
2M22_A_8,C,8,-5.105999946594238,7.501999855041504,-0.0719999969005584
2M22_A_9,U,9,-0.4790000021457672,10.043999671936035,1.9520000219345093
2M22_A_10,G,10,3.7820000648498535,13.013999938964844,0.2280000001192093
2M22_A_11,U,11,7.040999889373779,13.946999549865724,-5.290999889373779
2M22_A_12,A,12,11.263999938964844,14.602999687194824,-8.543000221252441
2M22_A_13,A,13,8.817999839782715,10.708999633789062,-9.416999816894531
2M22_A_14,U,14,10.645999908447266,6.646999835968018,-4.743000030517578
2M22_A_15,A,15,7.563000202178955,4.953000068664551,-0.6710000038146973
2M22_A_16,G,16,4.355000019073486,2.872999906539917,2.690999984741211
2M22_A_17,A,17,-0.5519999861717224,0.5260000228881836,4.223999977111816
2M22_A_18,A,18,-5.486000061035156,-2.3580000400543213,2.5810000896453857
2M22_A_19,C,19,-8.034000396728516,-5.11899995803833,-1.2369999885559082
2M22_A_20,U,20,-9.772000312805176,-8.27400016784668,-5.63700008392334
2M22_A_21,G,21,-8.399999618530273,-12.343000411987305,-8.460000038146973
2M22_A_22,C,22,-4.956999778747559,-16.481000900268555,-9.961000442504885
2M22_A_23,C,23,-1.5110000371932983,-20.63800048828125,-8.170999526977539
