ID,resname,resid,x_1,y_1,z_1
2M23_A_1,G,1,-20.888999938964844,-2.75,5.739999771118164
2M23_A_2,G,2,-16.180999755859375,-4.468999862670898,8.666999816894531
2M23_A_3,A,3,-11.980999946594238,-8.23900032043457,8.663000106811523
2M23_A_4,G,4,-9.619999885559082,-11.885000228881836,6.126999855041504
2M23_A_5,U,5,-6.843999862670898,-14.281000137329102,1.8040000200271609
2M23_A_6,A,6,-4.692999839782715,-13.748000144958496,-3.440000057220459
2M23_A_7,U,7,-3.2709999084472656,-11.609000205993652,-8.642000198364258
2M23_A_8,G,8,-1.5850000381469729,-6.695000171661377,-10.678000450134276
2M23_A_9,U,9,0.0939999967813491,-1.6299999952316284,-9.366999626159668
2M23_A_10,A,10,1.924000024795532,3.2960000038146973,-7.715000152587891
2M23_A_11,U,11,4.000999927520752,6.803999900817871,-6.252999782562256
2M23_A_12,U,12,5.238999843597412,10.758999824523926,-4.251999855041504
2M23_A_13,G,13,9.20199966430664,16.833999633789062,-4.382999897003174
2M23_A_14,G,14,13.87600040435791,13.944000244140623,-5.888999938964844
2M23_A_15,C,15,16.711999893188477,9.765000343322754,-3.553999900817871
2M23_A_16,A,16,17.354999542236328,5.993000030517578,-0.2450000047683715
2M23_A_17,C,17,15.133999824523926,3.555000066757202,4.24399995803833
2M23_A_18,U,18,10.20300006866455,1.7289999723434448,5.995999813079834
2M23_A_19,G,19,5.552000045776367,1.3389999866485596,5.172999858856201
2M23_A_20,A,20,0.8830000162124634,1.284999966621399,3.4830000400543213
2M23_A_21,G,21,-2.5969998836517334,2.6559998989105225,-0.1949999928474426
2M23_A_22,C,22,-5.284999847412109,1.5219999551773071,-4.854000091552734
2M23_A_23,A,23,-7.828000068664551,-1.9520000219345093,-8.097999572753906
2M23_A_24,U,24,-9.284000396728516,-7.025000095367432,-8.991999626159668
2M23_A_25,A,25,-10.399999618530272,-12.230999946594238,-7.38700008392334
2M23_A_26,C,26,-12.364999771118164,-15.20400047302246,-3.638000011444092
2M23_A_27,U,27,-14.005999565124512,-15.611000061035156,1.1749999523162842
2M23_A_28,C,28,-15.982999801635742,-14.699999809265137,6.281000137329102
2M23_A_29,C,29,-18.725000381469727,-12.47700023651123,8.748000144958496
