ID,resname,resid,x_1,y_1,z_1
2M4W_A_1,G,1,49.20399856567383,34.00600051879883,31.992000579833984
2M4W_A_2,G,2,44.96799850463867,34.91899871826172,28.45599937438965
2M4W_A_3,A,3,41.37200164794922,33.26900100708008,24.881999969482425
2M4W_A_4,A,4,38.20800018310547,30.42799949645996,22.256999969482425
2M4W_A_5,U,5,33.44200134277344,26.69300079345703,21.03400039672852
2M4W_A_6,C,6,27.746000289916992,25.913000106811523,20.85199928283692
2M4W_A_7,G,7,24.19700050354004,29.225000381469727,21.37299919128418
2M4W_A_8,A,8,17.986000061035156,33.66999816894531,22.731000900268555
2M4W_A_9,A,9,19.090999603271484,32.19499969482422,27.17799949645996
2M4W_A_10,A,10,21.025999069213867,28.32099914550781,29.354999542236328
2M4W_A_11,G,11,24.52899932861328,25.07999992370605,30.327999114990234
2M4W_A_12,A,12,28.117000579833984,22.089000701904297,28.57200050354004
2M4W_A_13,U,13,32.560001373291016,20.39299964904785,25.624000549316406
2M4W_A_14,G,14,37.28499984741211,21.312000274658203,25.78700065612793
2M4W_A_15,U,15,41.09099960327149,23.36800003051757,21.75200080871582
2M4W_A_16,C,16,45.7859992980957,26.982999801635746,21.827999114990234
2M4W_A_17,C,17,49.79899978637695,30.04599952697754,22.670000076293945
