ID,resname,resid,x_1,y_1,z_1
2M5U_A_1,G,1,-0.3580000102519989,-3.302000045776367,-18.208999633789062
2M5U_A_2,G,2,-3.4049999713897705,-3.441999912261963,-14.41800022125244
2M5U_A_3,C,3,-5.099999904632568,-5.000999927520752,-9.168999671936035
2M5U_A_4,A,4,-6.695000171661377,-6.827000141143799,-3.7269999980926514
2M5U_A_5,G,5,-4.889999866485596,-6.98799991607666,0.6179999709129333
2M5U_A_6,A,6,-1.2910000085830688,-6.186999797821045,4.21999979019165
2M5U_A_7,U,7,2.844000101089477,-3.859999895095825,7.708000183105469
2M5U_A_8,U,8,4.460000038146973,1.3389999866485596,8.899999618530273
2M5U_A_9,C,9,5.872000217437744,6.605999946594238,9.10200023651123
2M5U_A_10,U,10,3.88700008392334,10.29699993133545,9.638999938964844
2M5U_A_11,G,11,-0.1000000014901161,12.388999938964844,10.494999885559082
2M5U_A_12,G,12,-4.927999973297119,13.715999603271484,9.9350004196167
2M5U_A_13,U,13,-5.927000045776367,14.557000160217283,4.492000102996826
2M5U_A_14,G,14,-1.2020000219345093,12.057000160217283,3.1700000762939453
2M5U_A_15,A,15,2.82699990272522,9.039999961853027,2.6760001182556152
2M5U_A_16,A,16,6.068999767303467,4.048999786376953,2.628000020980835
2M5U_A_17,U,17,6.539000034332275,-1.2769999504089355,0.8740000128746033
2M5U_A_18,C,18,5.76200008392334,-7.169000148773193,-0.2269999980926513
2M5U_A_19,U,19,2.9609999656677246,-11.927000045776367,-1.3949999809265137
2M5U_A_20,G,20,-0.3849999904632568,-13.074000358581545,-4.277999877929688
2M5U_A_21,C,21,-3.5209999084472656,-12.19499969482422,-8.770000457763672
2M5U_A_22,C,22,-6.451000213623047,-11.300999641418455,-13.77400016784668
