ID,resname,resid,x_1,y_1,z_1
2MEQ_A_1,G,1,-1.430999994277954,-19.97599983215332,-6.395999908447266
2MEQ_A_2,G,2,-4.2820000648498535,-15.553999900817873,-6.663000106811523
2MEQ_A_3,C,3,-5.400000095367432,-10.836999893188477,-5.197000026702881
2MEQ_A_4,C,4,-6.63100004196167,-5.565000057220459,-2.875
2MEQ_A_5,G,5,-5.860000133514404,-1.2899999618530271,-0.703000009059906
2MEQ_A_6,U,6,-3.79800009727478,1.1770000457763672,2.79099988937378
2MEQ_A_7,A,7,-0.1159999966621398,4.408999919891357,4.423999786376953
2MEQ_A_8,A,8,2.8970000743865967,8.746000289916992,4.823999881744385
2MEQ_A_9,C,9,5.2220001220703125,13.496000289916992,6.609000205993652
2MEQ_A_10,U,10,8.008999824523926,18.312000274658203,3.8949999809265137
2MEQ_A_11,A,11,4.836999893188477,12.378000259399414,0.7160000205039978
2MEQ_A_12,U,12,1.25,11.786999702453612,-3.2290000915527344
2MEQ_A_13,A,13,5.412000179290772,8.99899959564209,-2.928999900817871
2MEQ_A_14,A,14,6.205999851226807,4.502999782562256,-0.5419999957084656
2MEQ_A_15,C,15,4.573999881744385,0.4760000109672546,0.9700000286102296
2MEQ_A_16,G,16,1.8600000143051147,-3.193000078201294,3.361999988555908
2MEQ_A_17,G,17,-1.4019999504089355,-6.943999767303467,3.759999990463257
2MEQ_A_18,U,18,-5.002999782562256,-11.303999900817873,2.924000024795532
2MEQ_A_19,C,19,-7.934000015258789,-15.932000160217283,1.087000012397766
