ID,resname,resid,x_1,y_1,z_1
2MFC_B_1,G,1,-15.10200023651123,0.2290000021457672,27.26499938964844
2MFC_B_2,G,2,-9.527999877929688,-0.5180000066757202,26.78499984741211
2MFC_B_3,G,3,-4.931000232696533,-3.562999963760376,25.25300025939941
2MFC_B_4,U,4,-2.5510001182556152,-7.584000110626221,22.31999969482422
2MFC_B_5,G,5,-1.825000047683716,-11.387999534606934,18.60700035095215
2MFC_B_6,U,6,-3.931999921798706,-14.178000450134276,14.682000160217283
2MFC_B_7,C,7,-7.264999866485596,-15.284000396728516,10.883000373840332
2MFC_B_8,G,8,-9.994999885559082,-14.32900047302246,6.145999908447266
2MFC_B_9,A,9,-11.16100025177002,-11.888999938964844,1.5529999732971191
2MFC_B_10,C,10,-10.53499984741211,-11.008000373840332,-6.705999851226807
2MFC_B_11,G,11,-12.927000045776367,-7.360000133514404,-1.378999948501587
2MFC_B_12,G,12,-13.545000076293944,-1.5829999446868896,-4.414999961853027
2MFC_B_13,A,13,-15.748000144958496,-1.6299999952316284,2.1050000190734863
2MFC_B_14,U,14,-11.458999633789062,3.98799991607666,6.550000190734863
2MFC_B_15,A,15,-13.812999725341797,-2.7869999408721924,5.572000026702881
2MFC_B_16,G,16,-14.5600004196167,-7.486000061035156,8.397000312805176
2MFC_B_17,A,17,-13.833000183105469,-12.588000297546388,11.675000190734863
2MFC_B_18,C,18,-11.50100040435791,-15.17099952697754,16.062999725341797
2MFC_B_19,A,19,-8.781000137329102,-15.789999961853027,20.59600067138672
2MFC_B_20,C,20,-6.370999813079834,-14.081000328063965,25.106000900268555
2MFC_B_21,C,21,-5.940999984741211,-10.244000434875488,29.11800003051757
2MFC_B_22,C,22,-7.933000087738037,-5.90500020980835,32.29600143432617
