ID,resname,resid,x_1,y_1,z_1
2MFD_A_1,G,1,3.63100004196167,-17.798999786376953,10.913999557495115
2MFD_A_2,G,2,5.314000129699707,-16.79400062561035,6.367000102996826
2MFD_A_3,C,3,4.494999885559082,-15.428000450134276,1.062000036239624
2MFD_A_4,G,4,3.177000045776367,-12.843000411987305,-2.7260000705718994
2MFD_A_5,U,5,-0.3540000021457672,-9.980999946594238,-5.227000236511231
2MFD_A_6,U,6,-3.055000066757202,-5.877999782562256,-5.447999954223633
2MFD_A_7,C,7,-4.73799991607666,-1.4700000286102295,-4.328000068664551
2MFD_A_8,G,8,-2.5510001182556152,3.1730000972747803,-4.0980000495910645
2MFD_A_9,C,9,0.4600000083446502,7.613999843597412,-2.98799991607666
2MFD_A_10,U,10,2.845999956130981,12.1850004196167,-2.2880001068115234
2MFD_A_11,U,11,4.73799991607666,8.482999801635742,0.6179999709129333
2MFD_A_12,A,12,6.290999889373779,5.129000186920166,-0.1570000052452087
2MFD_A_13,G,13,3.3929998874664307,2.7929999828338623,1.0219999551773071
2MFD_A_14,A,14,-1.1139999628067017,0.6209999918937683,2.368000030517578
2MFD_A_15,A,15,-4.60099983215332,-2.743000030517578,1.618000030517578
2MFD_A_16,C,16,-5.815999984741211,-7.236999988555908,-0.210999995470047
2MFD_A_17,G,17,-5.326000213623047,-11.987000465393066,-1.0980000495910645
2MFD_A_18,U,18,-2.711999893188477,-16.704999923706055,-0.4939999878406524
2MFD_A_19,C,19,0.7509999871253967,-20.996000289916992,1.2660000324249268
