ID,resname,resid,x_1,y_1,z_1
2MFE_D_1,G,1,-23.14299964904785,16.988000869750977,4.791999816894531
2MFE_D_2,G,2,-21.9060001373291,15.052000045776367,0.0010000000474974
2MFE_D_3,G,3,-20.083999633789062,14.906999588012695,-5.453999996185303
2MFE_D_4,C,4,-16.238000869750977,16.972999572753906,-8.79699993133545
2MFE_D_5,C,5,-11.362000465393066,19.599000930786133,-9.730999946594238
2MFE_D_6,A,6,-6.683000087738037,21.76499938964844,-8.34000015258789
2MFE_D_7,U,7,-2.302000045776367,22.73200035095215,-4.834000110626221
2MFE_D_8,C,8,1.246999979019165,22.24799919128418,-0.7519999742507935
2MFE_D_9,A,9,3.384999990463257,18.402000427246094,2.010999917984009
2MFE_D_10,A,10,11.961999893188477,14.604000091552734,2.63700008392334
2MFE_D_11,G,11,5.642000198364258,14.269000053405762,5.817999839782715
2MFE_D_12,G,12,5.872000217437744,9.093000411987305,10.373000144958496
2MFE_D_13,A,13,-0.4269999861717224,13.166999816894531,11.35200023651123
2MFE_D_14,C,14,-5.86899995803833,8.192999839782715,10.22599983215332
2MFE_D_15,G,15,-1.6710000038146973,15.614999771118164,7.355999946594238
2MFE_D_16,A,16,-3.1619999408721924,20.441999435424805,5.492000102996826
2MFE_D_17,U,17,-5.10699987411499,24.242000579833984,1.75600004196167
2MFE_D_18,G,18,-7.906000137329102,26.461000442504883,-2.3980000019073486
2MFE_D_19,G,19,-11.684000015258787,26.35400009155273,-6.502999782562256
2MFE_D_20,U,20,-16.565000534057617,24.44300079345703,-8.342000007629395
2MFE_D_21,C,21,-21.709999084472656,22.28400039672852,-7.826000213623047
2MFE_D_22,C,22,-25.82200050354004,20.507999420166016,-4.965000152587891
