ID,resname,resid,x_1,y_1,z_1
2MFF_B_1,G,1,-11.10200023651123,19.708999633789062,-15.03600025177002
2MFF_B_2,G,2,-8.994000434875488,19.94099998474121,-10.07699966430664
2MFF_B_3,G,3,-9.194000244140623,20.290000915527344,-4.756999969482422
2MFF_B_4,A,4,-11.595999717712402,19.538000106811523,-0.0020000000949949
2MFF_B_5,U,5,-14.857000350952148,15.90999984741211,2.851999998092652
2MFF_B_6,C,6,-17.719999313354492,11.437000274658203,3.924000024795532
2MFF_B_7,G,7,-19.702999114990234,6.52400016784668,3.0209999084472656
2MFF_B_8,C,8,-20.16200065612793,1.4040000438690186,0.5529999732971191
2MFF_B_9,A,9,-17.02199935913086,-2.506999969482422,-1.1130000352859497
2MFF_B_10,G,10,-13.447999954223633,-6.059000015258789,-4.5980000495910645
2MFF_B_11,G,11,-8.913999557495117,-9.01099967956543,-8.517999649047852
2MFF_B_12,A,12,-12.04599952697754,-3.25,-10.94499969482422
2MFF_B_13,A,13,-6.7179999351501465,2.634999990463257,-11.614999771118164
2MFF_B_14,G,14,-14.376999855041504,0.4760000109672546,-8.539999961853027
2MFF_B_15,C,15,-19.36000061035156,2.8570001125335693,-7.037000179290772
2MFF_B_16,G,16,-22.309999465942383,6.577000141143799,-4.363999843597412
2MFF_B_17,A,17,-22.98500061035156,11.300999641418455,-1.5750000476837158
2MFF_B_18,U,18,-21.607999801635746,16.509000778198242,0.4860000014305115
2MFF_B_19,C,19,-18.66699981689453,21.20400047302246,-0.2269999980926513
2MFF_B_20,C,20,-15.642000198364258,24.902999877929688,-3.26200008392334
2MFF_B_21,C,21,-13.312000274658203,27.211000442504883,-7.671000003814697
