ID,resname,resid,x_1,y_1,z_1
2MFG_D_1,G,1,14.732999801635742,-27.6259994506836,-4.059000015258789
2MFG_D_2,G,2,11.26099967956543,-24.840999603271484,-7.306000232696533
2MFG_D_3,G,3,6.263000011444092,-23.18000030517578,-8.852999687194824
2MFG_D_4,U,4,0.9980000257492064,-22.277000427246094,-7.809999942779541
2MFG_D_5,C,5,-3.562999963760376,-21.371999740600582,-4.545000076293945
2MFG_D_6,A,6,-5.696000099182129,-20.006999969482425,0.0240000002086162
2MFG_D_7,U,7,-6.548999786376953,-18.51700019836425,5.25600004196167
2MFG_D_8,C,8,-5.288000106811523,-16.788000106811523,9.940999984741213
2MFG_D_9,A,9,-2.6519999504089355,-12.440999984741213,11.842000007629396
2MFG_D_10,G,10,0.6069999933242798,-8.08899974822998,14.482000350952148
2MFG_D_11,G,11,4.550000190734863,-3.4100000858306885,14.531000137329102
2MFG_D_12,A,12,7.50600004196167,-9.25100040435791,12.779000282287598
2MFG_D_13,C,13,10.145000457763672,-8.312000274658203,5.436999797821045
2MFG_D_14,G,14,4.515999794006348,-12.470000267028809,10.076000213623049
2MFG_D_15,A,15,2.75,-17.552000045776367,10.482999801635742
2MFG_D_16,U,16,0.1899999976158142,-21.93199920654297,8.48900032043457
2MFG_D_17,G,17,-2.367000102996826,-25.26099967956543,5.385000228881836
2MFG_D_18,A,18,-3.3429999351501465,-27.049999237060547,0.515999972820282
2MFG_D_19,C,19,-2.065000057220459,-28.31800079345703,-4.828000068664551
2MFG_D_20,C,20,1.7890000343322754,-29.573999404907227,-8.899999618530273
2MFG_D_21,C,21,6.88100004196167,-31.007999420166016,-10.522000312805176
