ID,resname,resid,x_1,y_1,z_1
2MNC_A_1,G,1,,,
2MNC_A_2,G,2,,,
2MNC_A_3,G,3,,,
2MNC_A_4,U,4,,,
2MNC_A_5,U,5,,,
2MNC_A_6,G,6,,,
2MNC_A_7,A,7,,,
2MNC_A_8,C,8,5.416999816894531,-5.626999855041504,-10.55500030517578
2MNC_A_9,C,9,5.763000011444092,-9.449000358581545,-6.418000221252441
2MNC_A_10,G,10,3.5350000858306885,-10.163999557495115,-1.1640000343322754
2MNC_A_11,U,11,0.5170000195503235,-7.438000202178955,2.9210000038146973
2MNC_A_12,U,12,-0.4659999907016754,-2.678999900817871,5.281000137329102
2MNC_A_13,G,13,0.8679999709129333,3.265000104904175,6.239999771118164
2MNC_A_14,A,14,-3.068000078201294,6.993000030517578,5.664000034332275
2MNC_A_15,A,15,-8.383000373840332,7.625,3.505000114440918
2MNC_A_16,U,16,-8.26200008392334,9.946999549865724,-0.9679999947547911
2MNC_A_17,C,17,-6.777999877929688,7.124000072479248,-4.526999950408936
2MNC_A_18,U,18,-4.052999973297119,2.825999975204468,-6.526000022888184
2MNC_A_19,C,19,0.1389999985694885,5.894000053405762,-3.8340001106262207
2MNC_A_20,A,20,1.9420000314712524,2.907000064849853,0.1369999945163726
2MNC_A_21,C,21,4.901999950408936,-0.375,2.6489999294281006
2MNC_A_22,G,22,10.685999870300291,-4.160999774932861,1.7209999561309814
2MNC_A_23,G,23,12.897000312805176,-5.9710001945495605,-3.055999994277954
2MNC_A_24,C,24,,,
2MNC_A_25,A,25,,,
2MNC_A_26,A,26,,,
2MNC_A_27,C,27,,,
2MNC_A_28,C,28,,,
2MNC_A_29,C,29,,,
