ID,resname,resid,x_1,y_1,z_1
2MXJ_A_1,C,1,-11.461999893188477,-8.369999885559082,73.97799682617188
2MXJ_A_2,C,2,-8.477999687194824,-9.321999549865724,68.81700134277344
2MXJ_A_3,A,3,-8.416000366210938,-9.71500015258789,63.10200119018555
2MXJ_A_4,G,4,-11.852999687194824,-9.593999862670898,58.71500015258789
2MXJ_A_5,A,5,-17.180999755859375,-6.178999900817871,54.04600143432617
2MXJ_A_6,A,6,-19.232999801635746,-11.003999710083008,55.34700012207031
2MXJ_A_7,A,7,-18.715999603271484,-16.344999313354492,55.75899887084961
2MXJ_A_8,C,8,-14.763999938964844,-17.549999237060547,58.89699935913086
2MXJ_A_9,G,9,-10.635000228881836,-17.660999298095703,62.50400161743164
2MXJ_A_10,G,10,-7.931000232696533,-16.184999465942383,67.53099822998047
2MXJ_A_11,A,11,-8.114999771118164,-14.038999557495115,73.6449966430664
