ID,resname,resid,x_1,y_1,z_1
2N0R_A_1,G,1,,,
2N0R_A_2,C,2,11.725000381469728,-14.138999938964844,-5.928999900817871
2N0R_A_3,U,3,8.54800033569336,-11.616999626159668,-0.6420000195503235
2N0R_A_4,G,4,3.3299999237060547,-12.37600040435791,0.3880000114440918
2N0R_A_5,A,5,-0.7960000038146973,-6.478000164031982,2.871999979019165
2N0R_A_6,G,6,-1.0750000476837158,-3.069999933242798,1.1430000066757202
2N0R_A_7,C,7,1.8769999742507928,1.5850000381469729,-3.122999906539917
2N0R_A_8,U,8,2.594000101089477,6.960000038146973,-4.296000003814697
2N0R_A_9,C,9,2.6689999103546143,12.593999862670898,-3.3399999141693115
2N0R_A_10,G,10,2.822999954223633,18.917999267578125,-1.0529999732971191
2N0R_A_11,A,11,2.0929999351501465,16.408000946044922,7.160999774932861
2N0R_A_12,A,12,-4.9730000495910645,17.091999053955078,10.461999893188477
2N0R_A_13,A,13,-9.383000373840332,12.807000160217283,8.901000022888184
2N0R_A_14,G,14,-7.204999923706055,12.982000350952148,1.1619999408721924
2N0R_A_15,A,15,-7.413000106811523,10.486000061035156,-4.611999988555908
2N0R_A_16,G,16,-7.058000087738037,5.925000190734863,-7.453999996185303
2N0R_A_17,C,17,-6.331999778747559,-0.2560000121593475,-7.901999950408935
2N0R_A_18,A,18,-6.617000102996826,-4.383999824523926,-4.814000129699707
2N0R_A_19,A,19,-7.485000133514404,-11.345000267028809,-1.7039999961853027
2N0R_A_20,U,20,-10.07900047302246,-12.894000053405762,-9.394000053405762
2N0R_A_21,G,21,-3.049000024795532,-11.928999900817873,-5.132999897003174
2N0R_A_22,A,22,-0.328000009059906,-5.170000076293945,-3.846999883651733
2N0R_A_23,U,23,5.123000144958496,-3.704999923706055,-3.2709999084472656
2N0R_A_24,G,24,11.218999862670898,-3.8010001182556152,-4.184999942779541
2N0R_A_25,U,25,,,
2N0R_A_26,C,26,,,
