ID,resname,resid,x_1,y_1,z_1
2N2O_A_1,G,1,21.632999420166016,-0.8880000114440918,-10.480999946594238
2N2O_A_2,C,2,19.136999130249023,-4.63100004196167,-7.804999828338623
2N2O_A_3,A,3,14.98799991607666,-6.440999984741211,-4.64900016784668
2N2O_A_4,U,4,11.8100004196167,-6.254000186920166,-2.197999954223633
2N2O_A_5,G,5,7.999000072479248,-4.776000022888184,1.7680000066757202
2N2O_A_6,U,6,4.379000186920166,-2.75600004196167,4.760000228881836
2N2O_A_7,U,7,-0.3610000014305115,-0.0370000004768371,5.927000045776367
2N2O_A_8,U,8,-5.7230000495910645,1.6059999465942385,4.973999977111816
2N2O_A_9,U,9,-11.01200008392334,3.2739999294281006,3.9070000648498535
2N2O_A_10,C,10,-16.32699966430664,2.6640000343322754,3.5899999141693115
2N2O_A_11,U,11,-22.356000900268555,2.0209999084472656,2.674000024795532
2N2O_A_12,G,12,-18.988000869750977,-5.183000087738037,0.4300000071525574
2N2O_A_13,U,13,-19.975000381469727,-8.866000175476074,-3.194000005722046
2N2O_A_14,G,14,-16.698999404907227,-3.964999914169312,-4.451000213623047
2N2O_A_15,A,15,-13.805999755859377,1.1710000038146973,-5.468999862670898
2N2O_A_16,A,16,-9.234000205993652,3.494999885559082,-4.497000217437744
2N2O_A_17,A,17,-4.485000133514404,5.005000114440918,-1.8819999694824217
2N2O_A_18,A,18,0.5360000133514404,6.276999950408936,0.5889999866485596
2N2O_A_19,C,19,5.956999778747559,5.859000205993652,2.247999906539917
2N2O_A_20,G,20,12.331000328063965,10.107999801635742,4.218999862670898
2N2O_A_21,G,21,14.3100004196167,7.354000091552734,-1.5989999771118164
2N2O_A_22,U,22,16.604999542236328,11.013999938964844,-5.763999938964844
2N2O_A_23,U,23,18.684999465942383,17.849000930786133,-6.335999965667725
