ID,resname,resid,x_1,y_1,z_1
2N2P_A_1,G,1,-21.215999603271484,-16.565000534057617,-2.559999942779541
2N2P_A_2,C,2,-19.496999740600582,-12.753999710083008,-2.6010000705718994
2N2P_A_3,A,3,-12.704999923706056,-12.236000061035156,-0.6579999923706055
2N2P_A_4,U,4,-8.83899974822998,-10.895000457763672,0.1280000060796737
2N2P_A_5,G,5,-6.894000053405762,-6.684999942779541,-2.7049999237060547
2N2P_A_6,U,6,-6.0920000076293945,-1.7070000171661377,-5.026999950408936
2N2P_A_7,U,7,-3.2709999084472656,3.025000095367432,-4.290999889373779
2N2P_A_8,U,8,0.7490000128746033,6.400000095367432,-3.2179999351501465
2N2P_A_9,A,9,5.0970001220703125,9.017999649047852,-1.662999987602234
2N2P_A_10,G,10,9.588000297546388,10.538999557495115,0.8730000257492065
2N2P_A_11,U,11,15.47700023651123,14.413999557495115,-1.3519999980926514
2N2P_A_12,G,12,16.650999069213867,8.888999938964844,1.6640000343322754
2N2P_A_13,U,13,21.347999572753903,7.01200008392334,-2.82699990272522
2N2P_A_14,C,14,17.0049991607666,3.289999961853028,0.3840000033378601
2N2P_A_15,U,15,12.63700008392334,2.055000066757202,1.1790000200271606
2N2P_A_16,A,16,7.947000026702881,2.483999967575073,3.1470000743865967
2N2P_A_17,A,17,2.8310000896453857,2.747999906539917,3.7739999294281006
2N2P_A_18,A,18,-2.815000057220459,3.700999975204468,3.49399995803833
2N2P_A_19,C,19,-8.147000312805176,2.726999998092652,1.968000054359436
2N2P_A_20,G,20,-12.6850004196167,-0.0680000036954879,6.540999889373779
2N2P_A_21,G,21,-14.71500015258789,4.789999961853027,11.788999557495115
2N2P_A_22,U,22,-12.812000274658203,8.437999725341797,9.404999732971191
2N2P_A_23,U,23,-13.392999649047852,9.262999534606934,2.227999925613404
