ID,resname,resid,x_1,y_1,z_1
2N3O_B_1,G,1,-13.234000205993652,0.8769999742507935,13.95199966430664
2N3O_B_2,G,2,-12.352999687194824,-0.6240000128746033,8.657999992370605
2N3O_B_3,G,3,-13.541999816894531,-0.9449999928474426,3.259000062942505
2N3O_B_4,A,4,-16.17300033569336,0.6349999904632568,-1.3040000200271606
2N3O_B_5,C,5,-19.125,4.309000015258789,-4.11899995803833
2N3O_B_6,C,6,-21.051000595092773,9.508999824523926,-5.238999843597412
2N3O_B_7,U,7,-20.74799919128418,14.869999885559082,-4.572999954223633
2N3O_B_8,G,8,-18.47699928283692,19.6299991607666,-2.760999917984009
2N3O_B_9,G,9,-14.079999923706056,22.63999938964844,-1.409000039100647
2N3O_B_10,U,10,-8.58899974822998,24.694000244140625,-3.0799999237060547
2N3O_B_11,C,11,-3.365999937057495,26.863000869750977,-5.921999931335449
2N3O_B_12,U,12,3.3989999294281006,22.22599983215332,-7.506999969482422
2N3O_B_13,U,13,1.2200000286102295,16.687999725341797,-7.504000186920166
2N3O_B_14,U,14,-2.3559999465942383,17.611000061035156,-1.2309999465942385
2N3O_B_15,C,15,-5.836999893188477,16.54800033569336,2.1489999294281006
2N3O_B_16,C,16,-10.357999801635742,17.940000534057617,4.125
2N3O_B_17,A,17,-16.20199966430664,18.325000762939453,4.303999900817871
2N3O_B_18,G,18,-21.214000701904297,16.113000869750977,3.122999906539917
2N3O_B_19,G,19,-24.295000076293945,11.852999687194824,1.4110000133514404
2N3O_B_20,U,20,-25.04700088500977,6.410999774932861,0.324999988079071
2N3O_B_21,C,21,-23.790000915527344,0.9940000176429749,0.9900000095367432
2N3O_B_22,C,22,-21.386999130249023,-3.4119999408721924,3.5799999237060547
2N3O_B_23,C,23,-18.83699989318848,-5.827000141143799,7.875999927520752
