ID,resname,resid,x_1,y_1,z_1
2N7X_A_1,G,1,3.615000009536743,-4.215000152587891,-6.440000057220459
2N7X_A_2,G,2,1.965000033378601,-1.2130000591278076,-10.94200038909912
2N7X_A_3,U,3,-1.962000012397766,1.0490000247955322,-13.92099952697754
2N7X_A_4,A,4,-7.205999851226807,2.48799991607666,-15.461999893188477
2N7X_A_5,G,5,-12.154999732971191,3.502000093460083,-14.026000022888184
2N7X_A_6,U,6,-16.138999938964844,4.478000164031982,-9.463000297546388
2N7X_A_7,U,7,-17.7189998626709,6.6570000648498535,-4.64300012588501
2N7X_A_8,U,8,-17.329999923706055,9.16100025177002,0.1309999972581863
2N7X_A_9,U,9,-15.138999938964844,13.291999816894531,3.257999897003174
2N7X_A_10,G,10,-16.243999481201172,18.426000595092773,4.980999946594238
2N7X_A_11,G,11,-14.675999641418455,23.808000564575195,7.234000205993652
2N7X_A_12,C,12,-11.083000183105469,21.599000930786133,3.5989999771118164
2N7X_A_13,A,13,-8.395000457763672,21.85300064086914,-0.0489999987185001
2N7X_A_14,U,14,-5.118000030517578,23.36400032043457,-3.378999948501587
2N7X_A_15,G,15,-5.953000068664551,17.69300079345703,-0.289000004529953
2N7X_A_16,A,16,-7.778999805450439,12.895999908447266,2.124000072479248
2N7X_A_17,C,17,-10.878000259399414,8.571000099182129,1.2079999446868896
2N7X_A_18,U,18,-14.902000427246094,4.257999897003174,-0.4370000064373016
2N7X_A_19,C,19,-16.05500030517578,1.0410000085830688,-4.408999919891357
2N7X_A_20,U,20,-14.977999687194824,-1.7280000448226929,-9.564000129699709
2N7X_A_21,A,21,-11.559000015258787,-3.5840001106262207,-13.00100040435791
2N7X_A_22,C,22,-7.173999786376953,-4.573999881744385,-15.579999923706056
2N7X_A_23,C,23,-1.5609999895095823,-5.800000190734863,-15.42099952697754
