ID,resname,resid,x_1,y_1,z_1
2NC0_A_1,G,1,5.526999950408936,1.7289999723434448,-5.037000179290772
2NC0_A_2,G,2,10.805999755859377,3.0450000762939453,-4.2220001220703125
2NC0_A_3,G,3,14.604999542236328,5.912000179290772,-1.807000041007996
2NC0_A_4,C,4,16.636999130249023,9.170000076293944,1.8589999675750728
2NC0_A_5,U,5,16.285999298095703,11.295000076293944,6.691999912261963
2NC0_A_6,G,6,14.875,12.248000144958496,11.880999565124512
2NC0_A_7,A,7,13.12600040435791,11.559000015258787,15.73900032043457
2NC0_A_8,A,8,14.012999534606934,15.89799976348877,14.258000373840332
2NC0_A_9,G,9,9.836999893188477,18.145000457763672,13.663000106811523
2NC0_A_10,G,10,4.678999900817871,18.863000869750977,15.371999740600586
2NC0_A_11,A,11,1.0140000581741333,19.15900039672852,19.42799949645996
2NC0_A_12,U,12,-0.0120000001043081,20.02899932861328,24.666000366210938
2NC0_A_13,G,13,1.3669999837875366,22.065000534057617,29.625
2NC0_A_14,G,14,5.126999855041504,25.69099998474121,31.03199958801269
2NC0_A_15,A,15,7.915999889373779,32.3380012512207,30.61100006103516
2NC0_A_16,G,16,12.51200008392334,28.086000442504883,31.631000518798828
2NC0_A_17,A,17,14.526000022888184,23.53700065612793,31.32999992370605
2NC0_A_18,C,18,11.55500030517578,19.7810001373291,31.613000869750977
2NC0_A_19,G,19,7.179999828338623,16.208999633789062,31.16399955749512
2NC0_A_20,U,20,3.532000064849853,13.78499984741211,28.06999969482422
2NC0_A_21,C,21,1.465999960899353,12.364999771118164,23.30699920654297
2NC0_A_22,U,22,2.4200000762939453,11.69200038909912,18.21699905395508
2NC0_A_23,A,23,6.14300012588501,9.449000358581545,14.199000358581545
2NC0_A_24,G,24,6.38700008392334,11.987000465393066,10.857999801635742
2NC0_A_25,G,25,9.125,14.755999565124512,7.044000148773193
2NC0_A_26,C,26,11.593999862670898,15.116999626159668,2.3010001182556152
2NC0_A_27,C,27,12.744000434875488,13.282999992370604,-2.757999897003174
2NC0_A_28,C,28,11.56999969482422,10.369999885559082,-7.263999938964844
