ID,resname,resid,x_1,y_1,z_1
2NCI_A_1,G,1,30.81800079345703,16.30500030517578,1.1990000009536743
2NCI_A_2,G,2,30.14699935913086,11.949999809265137,4.510000228881836
2NCI_A_3,A,3,30.624000549316406,6.709000110626221,6.102000236511231
2NCI_A_4,C,4,32.691001892089844,1.6820000410079956,5.885000228881836
2NCI_A_5,G,5,36.020999908447266,-2.3970000743865967,4.184000015258789
2NCI_A_6,U,6,39.88399887084961,-6.302000045776367,1.9110000133514404
2NCI_A_7,U,7,43.94400024414063,-6.7230000495910645,-0.7639999985694885
2NCI_A_8,A,8,48.88100051879883,-5.855000019073486,-3.6440000534057617
2NCI_A_9,A,9,53.28400039672852,-2.687999963760376,-5.64300012588501
2NCI_A_10,A,10,56.845001220703125,1.6460000276565552,-2.4059998989105225
2NCI_A_11,A,11,62.14300155639648,-3.447000026702881,2.32699990272522
2NCI_A_12,G,12,60.43199920654297,1.7300000190734863,-2.299999952316284
2NCI_A_13,G,13,61.09000015258789,6.809999942779541,-1.531000018119812
2NCI_A_14,C,14,62.14599990844727,11.298999786376951,1.4010000228881836
2NCI_A_15,U,15,64.50299835205078,13.29699993133545,5.479000091552734
2NCI_A_16,U,16,66.5469970703125,16.73699951171875,10.067999839782717
2NCI_A_17,C,17,68.47799682617188,9.925999641418455,9.767000198364258
2NCI_A_18,G,18,64.86299896240234,11.467000007629396,15.255000114440918
2NCI_A_19,G,19,61.11399841308594,10.51099967956543,11.890999794006348
2NCI_A_20,C,20,57.59600067138672,10.51200008392334,7.916999816894531
2NCI_A_21,C,21,54.88999938964844,9.215999603271484,3.181999921798706
2NCI_A_22,U,22,52.07899856567383,6.502999782562256,-1.2929999828338623
2NCI_A_23,A,23,47.08599853515625,2.95199990272522,-3.2679998874664307
2NCI_A_24,C,24,41.78099822998047,0.3980000019073486,-4.144999980926514
2NCI_A_25,G,25,36.60599899291992,-0.953000009059906,-3.5810000896453857
2NCI_A_26,U,26,31.388999938964844,0.0140000004321336,-1.9529999494552608
2NCI_A_27,C,27,27.17200088500977,3.124000072479248,-0.6159999966621399
2NCI_A_28,C,28,24.429000854492188,7.89300012588501,-0.1930000036954879
