ID,resname,resid,x_1,y_1,z_1
2O33_A_1,G,1,0.6959999799728394,14.288999557495115,3.424000024795532
2O33_A_2,G,2,-1.600000023841858,12.737000465393066,-2.4730000495910645
2O33_A_3,U,3,-0.3790000081062317,8.678000450134277,-6.210999965667725
2O33_A_4,U,4,1.9850000143051147,3.825000047683716,-6.460999965667725
2O33_A_5,U,5,4.7129998207092285,-1.0449999570846558,-4.860000133514404
2O33_A_6,G,6,4.688000202178955,-5.5320000648498535,-2.385999917984009
2O33_A_7,C,7,2.878000020980835,-8.571999549865723,2.032999992370605
2O33_A_8,C,8,-1.2979999780654907,-11.322999954223633,4.151000022888184
2O33_A_9,U,9,-5.629000186920166,-11.571999549865724,2.571000099182129
2O33_A_10,U,10,-12.949999809265137,-12.850000381469728,0.3310000002384186
2O33_A_11,U,11,-12.380999565124512,-6.679999828338623,0.4740000069141388
2O33_A_12,U,12,-9.993000030517578,-4.113999843597412,0.6909999847412109
2O33_A_13,G,13,-8.145999908447266,-3.275000095367432,4.480000019073486
2O33_A_14,G,14,-4.0980000495910645,-2.178999900817871,6.478000164031982
2O33_A_15,C,15,1.2699999809265137,-1.378000020980835,6.952000141143799
2O33_A_16,U,16,4.767000198364258,-0.006000000052154,3.483999967575073
2O33_A_17,U,17,7.820000171661377,0.4670000076293945,-1.4950000047683716
2O33_A_18,A,18,8.871000289916992,4.8480000495910645,-3.934999942779541
2O33_A_19,C,19,7.954999923706055,10.045000076293944,-6.7230000495910645
2O33_A_20,C,20,7.091000080108643,13.729000091552734,-4.922999858856201
