ID,resname,resid,x_1,y_1,z_1
2OJ8_A_1,G,1,-171.8249969482422,-275.4880065917969,-130.89999389648438
2OJ8_A_2,C,2,-170.9969940185547,-269.4739990234375,-129.781005859375
2OJ8_A_3,U,3,-169.16200256347656,-267.47100830078125,-125.1729965209961
2OJ8_A_4,G,4,-165.01800537109375,-267.5690002441406,-122.1729965209961
2OJ8_A_5,U,5,-162.09300231933594,-270.0989990234375,-114.62899780273438
2OJ8_A_6,U,6,-170.0800018310547,-267.65899658203125,-117.33300018310548
2OJ8_A_7,G,7,-174.11099243164062,-267.8349914550781,-119.7750015258789
2OJ8_A_8,U,8,-177.91099548339844,-269.89801025390625,-123.96299743652344
