ID,resname,resid,x_1,y_1,z_1
2OM3_R_1,G,1,30.54700088500977,24.04800033569336,21.51000022888184
2OM3_R_2,A,2,31.636999130249023,33.013999938964844,20.57900047302246
2OM3_R_3,A,3,22.679000854492188,29.792999267578125,20.780000686645508
