ID,resname,resid,x_1,y_1,z_1
2PN9_A_1,G,1,-3.858000040054321,-21.763999938964844,-1.6200000047683716
2PN9_A_2,G,2,-5.526999950408936,-18.07999992370605,-4.980000019073486
2PN9_A_3,A,3,-8.569999694824219,-12.890000343322754,-5.53000020980835
2PN9_A_4,G,4,-8.369999885559082,-8.12600040435791,-4.38700008392334
2PN9_A_5,C,5,-5.90399980545044,-2.7769999504089355,-1.8650000095367432
2PN9_A_6,C,6,-1.6200000047683716,-0.0230000000447034,-9.487000465393066
2PN9_A_7,U,7,2.9130001068115234,-2.71399998664856,-9.154000282287598
2PN9_A_8,G,8,8.345999717712402,-4.916999816894531,-6.572999954223633
2PN9_A_9,G,9,9.376999855041504,-6.664000034332275,-1.9119999408721924
2PN9_A_10,G,10,8.685999870300293,-7.206999778747559,4.119999885559082
2PN9_A_11,A,11,5.020999908447266,-7.547999858856201,8.102999687194824
2PN9_A_12,G,12,-0.9139999747276306,-5.827000141143799,6.829999923706055
2PN9_A_13,C,13,-6.877999782562256,-7.322999954223633,6.011000156402588
2PN9_A_14,U,14,-10.869999885559082,-9.949999809265137,4.392000198364258
2PN9_A_15,C,15,-13.15999984741211,-14.029000282287598,0.8349999785423279
2PN9_A_16,C,16,-13.897000312805176,-19.09000015258789,-0.2000000029802322
