ID,resname,resid,x_1,y_1,z_1
2QH2_A_1,G,1,-5.201000213623047,-18.89200019836425,-17.22800064086914
2QH2_A_2,G,2,-7.193999767303467,-15.951000213623049,-14.118000030517578
2QH2_A_3,A,3,-7.560999870300293,-13.371000289916992,-10.333000183105469
2QH2_A_4,G,4,-6.302999973297119,-9.881999969482422,-6.708000183105469
2QH2_A_5,U,5,-3.9260001182556152,-7.390999794006348,-3.059999942779541
2QH2_A_6,G,6,-0.5299999713897705,-3.946000099182129,-2.651000022888184
2QH2_A_7,C,7,4.206999778747559,-1.1230000257492063,-2.3399999141693115
2QH2_A_8,C,8,7.646999835968018,3.38700008392334,-4.093999862670898
2QH2_A_9,U,9,6.303999900817871,8.04699993133545,-5.635000228881836
2QH2_A_10,G,10,4.014999866485596,12.8100004196167,-6.948999881744385
2QH2_A_11,A,11,2.2060000896453857,16.865999221801758,-6.160999774932861
2QH2_A_12,G,12,-1.5829999446868896,19.256000518798828,-5.576000213623047
2QH2_A_13,C,13,-5.954999923706055,20.065000534057617,-9.395000457763672
2QH2_A_14,U,14,-4.965000152587891,15.281999588012695,-7.375999927520752
2QH2_A_15,G,15,-3.259000062942505,11.17300033569336,-9.637999534606934
2QH2_A_16,U,16,1.6119999885559082,9.95300006866455,-13.14900016784668
2QH2_A_17,G,17,3.828999996185303,6.076000213623047,-13.94200038909912
2QH2_A_18,G,18,6.287000179290772,1.3609999418258667,-12.505999565124512
2QH2_A_19,C,19,7.576000213623047,-2.447000026702881,-9.800000190734863
2QH2_A_20,A,20,6.453000068664551,-6.252999782562256,-6.492000102996826
2QH2_A_21,C,21,4.017000198364258,-10.479000091552734,-4.3379998207092285
2QH2_A_22,U,22,-0.3030000030994415,-14.552000045776367,-3.193000078201294
2QH2_A_23,C,23,-4.083000183105469,-18.18000030517578,-3.67300009727478
2QH2_A_24,C,24,-6.4079999923706055,-21.496999740600582,-6.763999938964844
