ID,resname,resid,x_1,y_1,z_1
2QH3_A_1,G,1,-9.711999893188477,-20.711000442504883,-13.87600040435791
2QH3_A_2,G,2,-8.902000427246094,-17.902000427246094,-9.23900032043457
2QH3_A_3,A,3,-5.902999877929688,-14.722000122070312,-7.014999866485596
2QH3_A_4,G,4,-1.787999987602234,-11.298999786376951,-5.9079999923706055
2QH3_A_5,U,5,1.89300000667572,-7.190000057220459,-5.413000106811523
2QH3_A_6,G,6,5.460999965667725,-2.8010001182556152,-5.474999904632568
2QH3_A_7,C,7,5.640999794006348,1.8910000324249268,-7.571000099182129
2QH3_A_8,C,8,4.379000186920166,7.126999855041504,-10.314000129699709
2QH3_A_9,U,9,2.255000114440918,12.23799991607666,-10.956000328063965
2QH3_A_10,U,10,-0.4639999866485595,15.913000106811523,-11.185999870300291
2QH3_A_11,A,11,-4.328000068664551,20.28300094604492,-13.972000122070312
2QH3_A_12,C,12,-4.543000221252441,18.83099937438965,-9.46500015258789
2QH3_A_13,U,13,-10.034000396728516,17.56999969482422,-5.205999851226807
2QH3_A_14,G,14,-8.517000198364258,13.305999755859377,-7.585999965667725
2QH3_A_15,U,15,-12.494000434875488,7.813000202178955,-6.678999900817871
2QH3_A_16,G,16,-6.686999797821045,7.796000003814697,-10.49899959564209
2QH3_A_17,G,17,-2.483999967575073,5.361000061035156,-13.946000099182127
2QH3_A_18,C,18,1.2970000505447388,1.5850000381469729,-14.611000061035156
2QH3_A_19,A,19,4.623000144958496,-3.032000064849853,-14.951000213623049
2QH3_A_20,C,20,4.267000198364258,-7.794000148773193,-14.05500030517578
2QH3_A_21,U,21,3.5380001068115234,-12.79300022125244,-11.43299961090088
2QH3_A_22,C,22,1.932000041007996,-17.76799964904785,-8.694000244140625
2QH3_A_23,C,23,-0.2479999959468841,-22.0629997253418,-9.505000114440918
