ID,resname,resid,x_1,y_1,z_1
2QH4_A_1,G,1,-11.593000411987305,-6.939000129699707,-10.869000434875488
2QH4_A_2,G,2,-12.149999618530272,-7.017000198364258,-5.113999843597412
2QH4_A_3,C,3,-9.559000015258787,-6.303999900817871,0.2080000042915344
2QH4_A_4,A,4,-5.543000221252441,-3.4140000343322754,2.381999969482422
2QH4_A_5,C,5,-0.5109999775886536,-0.1560000032186508,2.693000078201294
2QH4_A_6,A,6,2.046999931335449,4.245999813079834,0.7289999723434448
2QH4_A_7,G,7,0.6660000085830688,8.369000434875488,-1.5490000247955322
2QH4_A_8,A,8,-1.3730000257492063,12.54699993133545,-4.534999847412109
2QH4_A_9,G,9,-6.159999847412109,17.84000015258789,-4.699999809265137
2QH4_A_10,U,10,-11.989999771118164,14.767999649047852,-3.371999979019165
2QH4_A_11,U,11,-8.569999694824219,11.805999755859377,-5.703000068664551
2QH4_A_12,A,12,-5.535999774932861,7.443999767303467,-8.965999603271484
2QH4_A_13,U,13,-2.164999961853028,4.914999961853027,-8.704000473022461
2QH4_A_14,G,14,1.3960000276565552,0.0309999994933605,-7.72599983215332
2QH4_A_15,U,15,1.9520000219345093,-4.8429999351501465,-4.489999771118164
2QH4_A_16,G,16,-0.0599999986588954,-9.9350004196167,-2.86899995803833
2QH4_A_17,C,17,-4.434999942779541,-14.041999816894531,-2.950999975204468
2QH4_A_18,C,18,-7.539999961853027,-15.871000289916992,-6.413000106811523
