ID,resname,resid,x_1,y_1,z_1
2R93_R_1,U,1,-103.91699981689452,52.88999938964844,3.936000108718872
2R93_R_2,G,2,-105.51100158691406,48.09400177001953,4.432000160217285
2R93_R_3,A,3,-104.47699737548828,43.11199951171875,3.3329999446868896
2R93_R_4,U,4,-101.8730010986328,39.007999420166016,1.2089999914169312
2R93_R_5,U,5,-97.84300231933594,36.2859992980957,-0.0979999974370002
2R93_R_6,C,6,-93.2969970703125,35.827999114990234,0.2860000133514404
2R93_R_7,U,7,,,
2R93_R_8,C,8,,,
2R93_R_9,U,9,,,
2R93_R_10,A,10,,,
2R93_R_11,U,11,-88.10299682617188,35.15900039672852,2.936000108718872
2R93_R_12,C,12,-86.03800201416016,40.38100051879883,12.475000381469728
2R93_R_13,G,13,-84.90499877929688,43.19300079345703,7.907000064849853
2R93_R_14,G,14,-86.1520004272461,42.94400024414063,2.621999979019165
2R93_R_15,A,15,-89.81900024414062,41.47299957275391,-1.5509999990463257
2R93_R_16,A,16,-94.3550033569336,41.255001068115234,-3.803999900817871
2R93_R_17,U,17,-99.68599700927734,42.119998931884766,-4.97599983215332
2R93_R_18,C,18,-104.58100128173828,45.3849983215332,-5.642000198364258
