ID,resname,resid,x_1,y_1,z_1
2RLU_A_1,G,1,43.23600006103516,7.550000190734863,-7.730999946594238
2RLU_A_2,G,2,44.16600036621094,2.1670000553131104,-7.872000217437744
2RLU_A_3,U,3,46.93199920654297,-2.2920000553131104,-9.352999687194824
2RLU_A_4,U,4,51.43000030517578,-4.795000076293945,-11.269000053405762
2RLU_A_5,G,5,56.71200180053711,-4.794000148773193,-12.40999984741211
2RLU_A_6,C,6,61.84199905395508,-2.8559999465942383,-11.890000343322754
2RLU_A_7,G,7,65.58999633789062,0.0829999968409538,-9.010000228881836
2RLU_A_8,G,8,67.38200378417969,1.7619999647140503,-3.763999938964844
2RLU_A_9,G,9,67.91300201416016,1.35099995136261,1.937000036239624
2RLU_A_10,U,10,66.6050033569336,4.464000225067139,7.199999809265137
2RLU_A_11,C,11,63.52199935913086,7.51200008392334,2.744999885559082
2RLU_A_12,U,12,58.762001037597656,11.190999984741213,2.566999912261963
2RLU_A_13,C,13,61.72499847412109,8.869999885559082,-4.290999889373779
2RLU_A_14,G,14,61.983001708984375,7.777999877929687,-9.810999870300291
2RLU_A_15,C,15,60.61899948120117,5.164999961853027,-14.43000030517578
2RLU_A_16,A,16,57.369998931884766,1.919999957084656,-17.43600082397461
2RLU_A_17,A,17,52.69499969482422,-0.6230000257492065,-18.472999572753903
2RLU_A_18,C,18,47.40999984741211,-1.4299999475479126,-17.73200035095215
2RLU_A_19,C,19,42.31600189208984,0.1700000017881393,-15.934000015258787
