ID,resname,resid,x_1,y_1,z_1
2RN1_B_1,G,1,10.852999687194824,19.972000122070312,-14.336999893188477
2RN1_B_2,C,2,10.763999938964844,14.762999534606934,-17.208999633789062
2RN1_B_3,U,3,10.121999740600586,9.472999572753906,-17.606000900268555
2RN1_B_4,G,4,8.125,4.050000190734863,-16.041000366210938
2RN1_B_5,G,5,4.520999908447266,0.1570000052452087,-15.196999549865724
2RN1_B_6,U,6,-3.187999963760376,-1.5399999618530271,-17.854999542236328
2RN1_B_7,C,7,-6.855000019073486,2.9760000705718994,-17.065000534057617
2RN1_B_8,C,8,-8.751999855041504,6.355000019073486,-13.097000122070312
2RN1_B_9,C,9,-8.465999603271484,9.166999816894531,-8.07800006866455
2RN1_B_10,A,10,-4.940000057220459,9.961999893188477,-4.255000114440918
2RN1_B_11,G,11,0.0260000005364418,8.543000221252441,-3.2290000915527344
2RN1_B_12,A,12,4.310999870300293,6.3420000076293945,-4.215000152587891
2RN1_B_13,C,13,8.909000396728516,3.848999977111816,-5.541999816894531
2RN1_B_14,A,14,13.217000007629396,3.825999975204468,-8.944000244140625
2RN1_B_15,G,15,16.503000259399414,6.750999927520752,-12.763999938964844
2RN1_B_16,C,16,17.966999053955078,11.859999656677246,-15.0649995803833
