ID,resname,resid,x_1,y_1,z_1
2RO2_A_1,G,1,16.128000259399414,2.2090001106262207,31.68400001525879
2RO2_A_2,G,2,13.60200023651123,-1.616000056266785,35.0890007019043
2RO2_A_3,G,3,9.661999702453612,-3.244999885559082,38.77000045776367
2RO2_A_4,A,4,4.751999855041504,-2.7939999103546143,41.28499984741211
2RO2_A_5,G,5,-0.3959999978542328,-0.656000018119812,42.49300003051758
2RO2_A_6,A,6,-4.776999950408936,2.200999975204468,40.64300155639648
2RO2_A_7,C,7,-8.135000228881836,4.276000022888184,36.8120002746582
2RO2_A_8,C,8,-9.878000259399414,4.493000030517578,31.722000122070312
2RO2_A_9,U,9,-10.239999771118164,1.6579999923706057,27.090999603271484
2RO2_A_10,G,10,-12.640999794006348,-2.900000095367432,24.586000442504883
2RO2_A_11,A,11,-13.486000061035156,-8.401000022888184,22.520999908447266
2RO2_A_12,A,12,-8.123000144958496,-8.907999992370605,22.179000854492188
2RO2_A_13,G,13,-4.289000034332275,-9.574999809265137,24.17200088500977
2RO2_A_14,U,14,1.128000020980835,-11.04599952697754,27.597999572753903
2RO2_A_15,G,15,-2.7880001068115234,-5.03000020980835,24.437000274658203
2RO2_A_16,G,16,-3.7109999656677246,0.9020000100135804,23.82900047302246
2RO2_A_17,G,17,-4.234000205993652,5.638000011444092,26.961000442504883
2RO2_A_18,U,18,-3.848999977111816,8.288999557495117,31.840999603271484
2RO2_A_19,U,19,-1.7339999675750732,8.163999557495117,36.821998596191406
2RO2_A_20,U,20,0.8889999985694885,7.181000232696533,41.55500030517578
2RO2_A_21,C,21,4.855999946594238,4.739999771118164,44.11899948120117
2RO2_A_22,C,22,9.718999862670898,2.20199990272522,44.3120002746582
2RO2_A_23,C,23,14.864999771118164,1.1080000400543213,42.262001037597656
