ID,resname,resid,x_1,y_1,z_1
2RPK_A_1,G,1,-34.7400016784668,35.99800109863281,80.33999633789062
2RPK_A_2,G,2,-34.520999908447266,35.67900085449219,85.99099731445312
2RPK_A_3,G,3,-34.23899841308594,32.93199920654297,90.99400329589844
2RPK_A_4,A,4,-32.946998596191406,28.27899932861328,94.23699951171876
2RPK_A_5,U,5,-30.1259994506836,23.3700008392334,95.13800048828124
2RPK_A_6,C,6,-26.03199958801269,19.834999084472656,93.3000030517578
2RPK_A_7,C,7,-21.565000534057617,18.722000122070312,89.94000244140625
2RPK_A_8,A,8,-17.242000579833984,20.44700050354004,86.572998046875
2RPK_A_9,U,9,-14.45699977874756,25.367000579833984,85.4749984741211
2RPK_A_10,G,10,-9.545000076293944,30.80500030517578,87.83999633789062
2RPK_A_11,A,11,-12.524999618530272,32.85200119018555,83.12899780273438
2RPK_A_12,C,12,-15.291000366210938,31.233999252319336,78.34100341796875
2RPK_A_13,A,13,-18.60300064086914,26.93000030517578,77.40699768066406
2RPK_A_14,G,14,-21.707000732421875,22.61000061035156,79.99400329589844
2RPK_A_15,G,15,-24.613000869750977,18.28700065612793,82.87999725341797
2RPK_A_16,A,16,-28.864999771118164,16.992000579833984,86.71600341796875
2RPK_A_17,U,17,-33.34700012207031,18.666000366210938,89.73300170898438
2RPK_A_18,C,18,-37.13199996948242,22.62700080871582,91.15599822998048
2RPK_A_19,C,19,-39.78200149536133,27.54199981689453,90.57599639892578
2RPK_A_20,C,20,-41.39500045776367,32.165000915527344,87.78399658203125
