ID,resname,resid,x_1,y_1,z_1
2RPT_A_1,G,1,42.50299835205078,-6.570000171661377,-5.263000011444092
2RPT_A_2,G,2,44.03900146484375,-2.819000005722046,-8.991999626159668
2RPT_A_3,C,3,45.994998931884766,2.063999891281128,-10.73799991607666
2RPT_A_4,C,4,48.90299987792969,6.857999801635742,-10.119000434875488
2RPT_A_5,C,5,52.15399932861328,11.223999977111816,-7.967000007629394
2RPT_A_6,G,6,55.97700119018555,12.821000099182127,-4.916999816894531
2RPT_A_7,C,7,59.81800079345703,13.458999633789062,-1.0670000314712524
2RPT_A_8,C,8,64.47599792480469,12.930999755859377,2.263000011444092
2RPT_A_9,G,9,69.76000213623047,11.166999816894531,1.3009999990463257
2RPT_A_10,A,10,76.21499633789062,10.982000350952148,-0.7110000252723694
2RPT_A_11,A,11,74.41999816894531,6.039000034332275,-0.9850000143051147
2RPT_A_12,A,12,71.42400360107422,2.5829999446868896,1.3339999914169312
2RPT_A_13,G,13,67.08399963378906,2.555000066757202,3.502000093460083
2RPT_A_14,G,14,62.290000915527344,4.784999847412109,4.441999912261963
2RPT_A_15,C,15,57.17900085449219,7.467000007629394,4.34499979019165
2RPT_A_16,C,16,51.928001403808594,10.109999656677246,2.924999952316284
2RPT_A_17,G,17,47.41899871826172,10.87600040435791,-0.0890000015497207
2RPT_A_18,G,18,43.56100082397461,9.963000297546388,-3.934999942779541
2RPT_A_19,C,19,40.39500045776367,7.102000236511231,-7.355999946594238
2RPT_A_20,C,20,37.9109992980957,2.236999988555908,-8.854999542236328
