ID,resname,resid,x_1,y_1,z_1
2RVO_A_1,G,1,-16.270999908447266,8.850000381469727,0.9369999766349792
2RVO_A_2,G,2,-12.071000099182127,10.449999809265137,-0.3970000147819519
2RVO_A_3,C,3,-7.328000068664551,13.654999732971191,-0.515999972820282
2RVO_A_4,G,4,-3.177000045776367,13.715999603271484,3.025000095367432
2RVO_A_5,C,5,-0.8740000128746033,11.255000114440918,5.985000133514404
2RVO_A_6,U,6,-0.2739999890327453,6.449999809265137,8.642000198364258
2RVO_A_7,U,7,-0.7129999995231628,1.5709999799728394,8.206999778747559
2RVO_A_8,U,8,-2.447000026702881,-3.611999988555908,7.0970001220703125
2RVO_A_9,G,9,-2.0380001068115234,-6.760000228881836,3.0190000534057617
2RVO_A_10,A,10,-2.8299999237060547,-10.251999855041504,-1.8509999513626096
2RVO_A_11,C,11,0.0640000030398368,-12.911999702453612,-5.070000171661377
2RVO_A_12,A,12,-1.1670000553131104,-9.395000457763672,-9.699000358581545
2RVO_A_13,C,13,1.506999969482422,-5.958000183105469,-12.20199966430664
2RVO_A_14,A,14,5.955999851226807,-3.049999952316284,-12.04599952697754
2RVO_A_15,A,15,10.57800006866455,-2.171999931335449,-10.085000038146973
2RVO_A_16,U,16,14.319000244140623,-4.209000110626221,-7.289999961853027
2RVO_A_17,C,17,17.777999877929688,-7.244999885559082,-4.671999931335449
2RVO_A_18,U,18,19.18000030517578,-11.678000450134276,-6.61299991607666
2RVO_A_19,A,19,15.656999588012695,-13.44499969482422,-1.27400004863739
2RVO_A_20,C,20,12.079999923706056,-15.131999969482422,-0.1209999993443489
2RVO_A_21,A,21,12.706000328063965,-10.428999900817873,0.7630000114440918
2RVO_A_22,U,22,12.06999969482422,-5.251999855041504,0.3610000014305115
2RVO_A_23,U,23,8.779000282287598,-1.531000018119812,-1.930999994277954
2RVO_A_24,G,24,4.860000133514404,0.800000011920929,-4.821000099182129
2RVO_A_25,U,25,0.3970000147819519,0.1879999935626983,-6.697000026702881
2RVO_A_26,A,26,-4.183000087738037,-1.9520000219345093,-5.881999969482422
2RVO_A_27,A,27,-7.532999992370605,-2.635999917984009,-1.781000018119812
2RVO_A_28,A,28,-8.878999710083008,-1.3380000591278076,2.753999948501587
2RVO_A_29,A,29,-8.357000350952148,0.1550000011920929,8.369999885559082
2RVO_A_30,G,30,-6.843999862670898,4.331999778747559,11.305999755859377
2RVO_A_31,C,31,-6.438000202178955,9.246999740600586,11.647000312805176
2RVO_A_32,G,32,-6.630000114440918,15.31700038909912,10.230999946594238
2RVO_A_33,C,33,-11.012999534606934,17.954999923706055,7.107999801635742
2RVO_A_34,C,34,-15.326000213623049,18.76700019836425,4.787000179290772
