ID,resname,resid,x_1,y_1,z_1
2U2A_A_1,G,1,23.22599983215332,-3.568000078201294,13.607999801635742
2U2A_A_2,G,2,18.3700008392334,-0.4230000078678131,13.251999855041504
2U2A_A_3,U,3,16.292999267578125,4.35099983215332,11.282999992370604
2U2A_A_4,C,4,17.39699935913086,8.420999526977539,8.093999862670898
2U2A_A_5,A,5,20.558000564575195,10.800000190734863,5.318999767303467
2U2A_A_6,G,6,25.15900039672852,12.157999992370604,3.0350000858306885
2U2A_A_7,U,7,30.440000534057617,12.373000144958496,-0.546999990940094
2U2A_A_8,G,8,30.34600067138672,11.529999732971191,-5.197000026702881
2U2A_A_9,U,9,30.027999877929688,10.439000129699709,-9.934000015258787
2U2A_A_10,A,10,27.55299949645996,8.486000061035156,-16.840999603271484
2U2A_A_11,A,11,26.4950008392334,5.715000152587891,-12.60099983215332
2U2A_A_12,C,12,26.76499938964844,3.913000106811523,-8.904999732971191
2U2A_A_13,A,13,29.538000106811523,1.537999987602234,-6.310999870300293
2U2A_A_14,A,14,32.027000427246094,2.2039999961853027,-2.2850000858306885
2U2A_A_15,C,15,31.916000366210938,4.479000091552734,2.2679998874664307
2U2A_A_16,U,16,30.069000244140625,7.26200008392334,6.26800012588501
2U2A_A_17,G,17,27.3129997253418,10.706000328063965,9.845000267028809
2U2A_A_18,A,18,23.26799964904785,11.263999938964844,14.060999870300291
2U2A_A_19,C,19,21.05500030517578,8.435999870300293,17.74799919128418
2U2A_A_20,C,20,20.030000686645508,3.5209999084472656,20.636999130249023
