ID,resname,resid,x_1,y_1,z_1
2W2H_S_1,G,1,113.93599700927734,-38.60499954223633,-51.85599899291992
2W2H_S_2,C,2,113.53800201416016,-32.70500183105469,-49.54999923706055
2W2H_S_3,U,3,116.6269989013672,-28.94599914550781,-46.32600021362305
2W2H_S_4,C,4,120.87200164794922,-26.65800094604492,-43.637001037597656
2W2H_S_5,A,5,126.6729965209961,-26.82099914550781,-42.11100006103516
2W2H_S_6,G,6,132.23699951171875,-28.72100067138672,-43.98199844360352
2W2H_S_7,A,7,135.04200744628906,-30.46500015258789,-48.74800109863281
2W2H_S_8,U,8,136.1699981689453,-29.64699935913086,-54.47200012207031
2W2H_S_9,U,9,140.68099975585938,-24.49399948120117,-59.27899932861328
2W2H_S_10,C,10,136.0279998779297,-31.145000457763672,-61.56900024414063
2W2H_S_11,U,11,133.30299377441406,-25.825000762939453,-63.40299987792969
2W2H_S_12,G,12,129.79400634765625,-20.03899955749512,-64.98500061035156
2W2H_S_13,C,13,125.76300048828124,-19.53899955749512,-61.22100067138672
2W2H_S_14,G,14,125.44200134277344,-27.29800033569336,-61.90700149536133
2W2H_S_15,G,15,127.56300354003906,-32.277000427246094,-61.209999084472656
2W2H_S_16,U,16,130.3800048828125,-35.00600051879883,-57.3380012512207
2W2H_S_17,C,17,132.0989990234375,-36.87200164794922,-51.84700012207031
2W2H_S_18,U,18,131.5030059814453,-36.428001403808594,-46.354000091552734
2W2H_S_19,G,19,128.92599487304688,-35.57500076293945,-41.59799957275391
2W2H_S_20,A,20,125.01000213623048,-34.194000244140625,-38.46200180053711
2W2H_S_21,G,21,119.11499786376952,-32.922000885009766,-37.69900131225586
2W2H_S_22,C,22,114.03500366210938,-33.92100143432617,-39.43199920654297
