ID,resname,resid,x_1,y_1,z_1
2X7N_A_1,A,1,16.485000610351562,21.14900016784668,-49.665000915527344
2X7N_A_2,C,2,13.532999992370604,25.208999633789062,-48.13899993896485
2X7N_A_3,C,3,11.684000015258787,30.45199966430664,-47.374000549316406
2X7N_A_4,G,4,10.979999542236328,35.24599838256836,-49.39899826049805
2X7N_A_5,U,5,10.538000106811523,39.2599983215332,-53.48799896240234
2X7N_A_6,A,6,9.515999794006348,40.59299850463867,-58.66899871826172
2X7N_A_7,U,7,6.165999889373779,38.02199935913086,-61.7859992980957
2X7N_A_8,A,8,0.9670000076293944,39.37699890136719,-59.27999877929688
2X7N_A_9,G,9,-3.282999992370605,40.77000045776367,-55.61199951171875
2X7N_A_10,U,10,-2.157999992370605,38.792999267578125,-62.334999084472656
2X7N_A_11,A,11,-3.815999984741211,33.92499923706055,-65.18900299072266
2X7N_A_12,C,12,-8.16100025177002,30.7450008392334,-63.39400100708008
2X7N_A_13,G,13,-12.68299961090088,32.1879997253418,-60.56600189208984
2X7N_A_14,A,14,-19.51300048828125,34.51499938964844,-59.49300003051758
2X7N_A_15,G,15,-17.08300018310547,35.207000732421875,-55.525001525878906
2X7N_A_16,A,16,-14.034000396728516,33.36899948120117,-51.68999862670898
2X7N_A_17,G,17,-9.642999649047852,32.4010009765625,-53.06600189208984
2X7N_A_18,G,18,-5.3460001945495605,32.349998474121094,-55.95299911499024
2X7N_A_19,A,19,-0.847000002861023,29.81800079345703,-59.23400115966797
2X7N_A_20,A,20,3.5299999713897705,29.350000381469727,-63.055999755859375
2X7N_A_21,C,21,8.107999801635742,30.07900047302246,-66.572998046875
2X7N_A_22,U,22,12.039999961853027,33.165000915527344,-65.4469985961914
2X7N_A_23,A,23,15.20300006866455,36.54899978637695,-62.6259994506836
2X7N_A_24,C,24,16.834999084472656,37.71500015258789,-57.79600143432617
2X7N_A_25,G,25,17.822999954223633,37.930999755859375,-52.07500076293945
2X7N_A_26,G,26,18.381999969482425,34.70600128173828,-47.994998931884766
2X7N_A_27,U,27,18.02499961853028,30.37299919128418,-44.60499954223633
2X7N_A_28,U,28,18.88400077819824,25.35300064086914,-43.38399887084961
