ID,resname,resid,x_1,y_1,z_1
2Y95_A_1,G,1,11.32699966430664,-6.677999973297119,-6.76800012588501
2Y95_A_2,G,2,9.972999572753906,-6.074999809265137,-1.281999945640564
2Y95_A_3,C,3,6.632999897003174,-4.131999969482422,2.609999895095825
2Y95_A_4,G,4,2.3239998817443848,-1.4500000476837158,4.406000137329102
2Y95_A_5,C,5,-2.7860000133514404,0.949999988079071,3.811000108718872
2Y95_A_6,A,6,-7.421999931335449,1.1480000019073486,1.4589999914169312
2Y95_A_7,U,7,-11.633000373840332,-1.39900004863739,-0.9179999828338624
2Y95_A_8,C,8,-11.880999565124512,3.812999963760376,-5.230999946594238
2Y95_A_9,G,9,-10.152000427246094,-0.5609999895095825,-10.3100004196167
2Y95_A_10,G,10,-6.173999786376953,3.388999938964844,-6.160999774932861
2Y95_A_11,C,11,-2.4059998989105225,5.331999778747559,-2.549999952316284
2Y95_A_12,G,12,3.132999897003174,5.525000095367432,0.1780000030994415
2Y95_A_13,C,13,8.968999862670898,4.545000076293945,0.0089999996125698
2Y95_A_14,C,14,13.572999954223633,2.851999998092652,-2.549999952316284
