ID,resname,resid,x_1,y_1,z_1
3J6B_e_1,G,1,232.6309967041016,187.1779937744141,256.7510070800781
3J6B_e_2,C,2,229.73199462890625,188.24400329589844,262.1260070800781
3J6B_e_3,C,3,227.02999877929688,191.84100341796875,265.3450012207031
3J6B_e_4,C,4,223.5449981689453,196.4750061035156,265.4590148925781
3J6B_e_5,G,5,220.4429931640625,201.00799560546875,264.0140075683594
3J6B_e_6,G,6,217.3209991455078,202.9550018310547,260.3659973144531
3J6B_e_7,G,7,208.39599609375,186.75100708007807,260.02899169921875
3J6B_e_8,A,8,210.64700317382807,187.86700439453125,255.197006225586
3J6B_e_9,G,9,212.81399536132807,190.988998413086,251.322998046875
3J6B_e_10,U,10,215.0780029296875,195.02999877929688,249.4669952392578
3J6B_e_11,C,11,217.802001953125,200.0110015869141,250.1840057373047
3J6B_e_12,C,12,220.9559936523437,202.9759979248047,253.41200256347656
3J6B_e_13,G,13,224.406005859375,204.14599609375,257.8609924316406
3J6B_e_14,G,14,227.406005859375,202.16000366210932,262.3510131835937
3J6B_e_15,G,15,230.6750030517578,198.7969970703125,264.4389953613281
3J6B_e_16,C,16,233.1820068359375,193.8789978027344,265.15899658203125
3J6B_e_17,A,17,236.8730010986328,190.5169982910156,263.2749938964844
3J6B_e_18,C,18,240.81399536132807,189.8950042724609,258.3210144042969
3J6B_e_19,C,19,244.66000366210932,193.1479949951172,257.9119873046875
3J6B_e_20,A,20,249.85699462890625,187.7100067138672,255.9850006103516
