ID,resname,resid,x_1,y_1,z_1
3PHP_A_1,G,1,123.97799682617188,-192.32699584960932,-79.93599700927734
3PHP_A_2,G,2,125.6729965209961,-194.91700744628903,-83.87200164794922
3PHP_A_3,U,3,128.13499450683594,-198.66099548339844,-87.26899719238281
3PHP_A_4,U,4,128.50100708007812,-203.04200744628903,-89.39700317382812
3PHP_A_5,C,5,128.21200561523438,-208.3679962158203,-90.33200073242188
3PHP_A_6,C,6,125.68399810791016,-212.29400634765625,-92.08499908447266
3PHP_A_7,G,7,121.97699737548828,-215.156005859375,-93.93399810791016
3PHP_A_8,A,8,117.6500015258789,-216.6750030517578,-96.56400299072266
3PHP_A_9,G,9,115.12799835205078,-217.0200042724609,-101.22599792480467
3PHP_A_10,G,10,115.80500030517578,-218.82400512695312,-106.21700286865234
3PHP_A_11,G,11,117.33599853515624,-221.91799926757807,-109.64299774169922
3PHP_A_12,U,12,116.14800262451172,-217.8580017089844,-118.6999969482422
3PHP_A_13,C,13,113.61000061035156,-213.1020050048828,-114.0770034790039
3PHP_A_14,A,14,116.36100006103516,-210.55499267578125,-107.89900207519533
3PHP_A_15,U,15,115.55799865722656,-209.0760040283203,-104.26100158691406
3PHP_A_16,C,16,114.62799835205078,-208.98199462890625,-99.16600036621094
3PHP_A_17,G,17,115.51799774169922,-209.488998413086,-94.3280029296875
3PHP_A_18,G,18,117.6060028076172,-210.8990020751953,-88.98999786376953
3PHP_A_19,A,19,121.01200103759766,-210.0290069580078,-85.54399871826172
3PHP_A_20,A,20,125.4530029296875,-208.552001953125,-83.09100341796875
3PHP_A_21,C,21,128.60000610351562,-205.05799865722656,-81.29299926757812
3PHP_A_22,C,22,131.18299865722656,-200.4459991455078,-80.74400329589844
3PHP_A_23,A,23,132.23300170898438,-195.49899291992188,-77.44200134277344
