ID,resname,resid,x_1,y_1,z_1
3UZS_C_1,G,1,80.8280029296875,44.77000045776367,48.55400085449219
3UZS_C_2,G,2,84.13200378417969,41.30099868774414,52.33000183105469
3UZS_C_3,C,3,84.08799743652344,36.75,55.43000030517578
3UZS_C_4,A,4,81.6709976196289,32.26900100708008,57.15700149536133
3UZS_C_5,G,5,78.44999694824219,27.99799919128418,56.04999923706055
3UZS_C_6,A,6,75.55400085449219,24.55900001525879,52.19900131225586
3UZS_C_7,C,7,75.77300262451172,22.17399978637696,47.26599884033203
3UZS_C_8,C,8,79.86399841308594,20.09000015258789,43.86100006103516
3UZS_C_9,A,9,85.2239990234375,19.49099922180176,41.94300079345703
3UZS_C_10,U,10,88.81300354003906,17.253999710083008,44.65999984741211
3UZS_C_11,A,11,96.6510009765625,13.131999969482422,43.58000183105469
3UZS_C_12,C,12,93.34700012207033,20.652999877929688,42.257999420166016
3UZS_C_13,G,13,90.38099670410156,25.823999404907227,44.44499969482422
3UZS_C_14,G,14,86.49800109863281,27.90999984741211,40.98799896240234
3UZS_C_15,G,15,80.99500274658203,28.132999420166016,40.172000885009766
3UZS_C_16,A,16,,,
3UZS_C_17,G,17,,,
3UZS_C_18,A,18,,,
3UZS_C_19,G,19,,,
3UZS_C_20,A,20,,,
3UZS_C_21,A,21,,,
3UZS_C_22,A,22,,,
3UZS_C_23,C,23,,,
3UZS_C_24,U,24,72.04000091552734,30.29899978637696,48.220001220703125
3UZS_C_25,U,25,71.31099700927734,31.09600067138672,55.36600112915039
3UZS_C_26,G,26,74.19999694824219,34.12799835205078,58.89099884033203
3UZS_C_27,C,27,77.64800262451172,38.527000427246094,60.13999938964844
3UZS_C_28,C,28,79.63300323486328,43.9900016784668,58.96099853515625
