ID,resname,resid,x_1,y_1,z_1
484D_B_1,G,1,46.66600036621094,-11.930999755859377,-18.733999252319336
484D_B_2,G,2,44.80099868774414,-6.913000106811523,-19.198999404907227
484D_B_3,U,3,41.900001525878906,-2.7890000343322754,-17.52400016784668
484D_B_4,G,4,39.35900115966797,-0.2770000100135803,-13.526000022888184
484D_B_5,U,5,38.79499816894531,0.7009999752044678,-8.218000411987305
484D_B_6,C,6,40.52399826049805,0.4560000002384186,-3.1080000400543213
484D_B_7,U,7,44.59299850463867,-0.1770000010728836,-0.181999996304512
484D_B_8,U,8,50.15700149536133,2.499000072479248,3.4809999465942383
484D_B_9,G,9,48.698001861572266,-2.6610000133514404,7.335000038146973
484D_B_10,G,10,52.26800155639648,-2.0350000858306885,2.157000064849853
484D_B_11,A,11,56.50199890136719,-1.2139999866485596,-0.7829999923706055
484D_B_12,G,12,59.1609992980957,2.782000064849853,-2.9019999504089355
484D_B_13,U,13,64.46499633789062,6.86899995803833,-2.575999975204468
484D_B_14,G,14,61.51599884033203,10.644000053405762,-2.414999961853028
484D_B_15,C,15,64.9000015258789,13.756999969482422,2.1459999084472656
484D_B_16,U,16,58.13399887084961,11.206000328063965,1.0670000314712524
484D_B_17,G,17,56.85599899291992,12.241000175476074,-4.547999858856201
484D_B_18,A,18,56.97200012207031,9.505999565124512,-9.194000244140623
484D_B_19,U,19,56.35699844360352,4.269000053405762,-10.322999954223633
484D_B_20,C,20,55.48500061035156,-0.7829999923706055,-8.939000129699707
484D_B_21,G,21,53.2509994506836,-4.77899980545044,-5.065000057220459
484D_B_22,G,22,48.75,-7.461999893188477,-2.799000024795532
484D_B_23,A,23,43.44599914550781,-7.895999908447266,-2.759999990463257
484D_B_24,C,24,38.59299850463867,-7.388000011444092,-4.886000156402588
484D_B_25,A,25,35.137001037597656,-6.479000091552734,-9.147000312805176
484D_B_26,C,26,34.5620002746582,-6.86899995803833,-14.520000457763672
484D_B_27,C,27,35.96500015258789,-8.656999588012695,-19.417999267578125
