ID,resname,resid,x_1,y_1,z_1
4A4S_A_1,G,1,16.45199966430664,4.869999885559082,-11.925000190734863
4A4S_A_2,G,2,11.93000030517578,2.240999937057495,-11.032999992370604
4A4S_A_3,A,3,7.035999774932861,-0.5920000076293945,-10.494000434875488
4A4S_A_4,C,4,4.373000144958496,-2.407000064849853,-7.131999969482422
4A4S_A_5,C,5,2.9049999713897705,-5.320000171661377,-2.5309998989105225
4A4S_A_6,C,6,0.4779999852180481,-5.52400016784668,1.7519999742507937
4A4S_A_7,G,7,-2.21399998664856,-4.454999923706055,7.703999996185303
4A4S_A_8,G,8,-6.421999931335449,-2.5920000076293945,9.302000045776367
4A4S_A_9,C,9,-11.564000129699709,0.3680000007152557,9.725000381469728
4A4S_A_10,U,10,-15.545000076293944,0.4939999878406524,6.402999877929688
4A4S_A_11,C,11,-20.74399948120117,-2.684000015258789,2.1410000324249268
4A4S_A_12,A,12,-18.483999252319336,1.0570000410079956,-0.4250000119209289
4A4S_A_13,C,13,-16.082000732421875,5.519999980926514,-0.9629999995231628
4A4S_A_14,G,14,-12.28600025177002,6.822999954223633,1.6410000324249268
4A4S_A_15,C,15,-7.007999897003174,6.671999931335449,4.672999858856201
4A4S_A_16,U,16,-1.633999943733215,6.033999919891357,6.315999984741211
4A4S_A_17,G,17,2.619999885559082,3.9790000915527344,6.02400016784668
4A4S_A_18,G,18,6.682000160217285,-0.2300000041723251,6.052000045776367
4A4S_A_19,G,19,8.781999588012695,-2.690000057220459,2.325999975204468
4A4S_A_20,U,20,11.979999542236328,-5.564000129699707,-2.8320000171661377
4A4S_A_21,C,21,16.61400032043457,-5.708000183105469,-5.914999961853027
4A4S_A_22,C,22,19.84499931335449,-5.123000144958496,-10.383000373840332
