ID,resname,resid,x_1,y_1,z_1
4A4T_A_1,G,1,1.6069999933242798,10.871000289916992,-12.319000244140623
4A4T_A_2,G,2,0.5929999947547913,6.415999889373779,-10.711999893188477
4A4T_A_3,A,3,0.3079999983310699,0.8140000104904175,-10.0649995803833
4A4T_A_4,C,4,1.5460000038146973,-3.236999988555908,-7.449999809265137
4A4T_A_5,C,5,4.052999973297119,-6.951000213623047,-3.1619999408721924
4A4T_A_6,C,6,3.062999963760376,-7.4770002365112305,3.191999912261963
4A4T_A_7,G,7,1.034999966621399,-6.129000186920166,7.447999954223633
4A4T_A_8,G,8,-1.312000036239624,-2.711999893188477,10.802000045776367
4A4T_A_9,C,9,-7.059999942779541,-1.5470000505447388,13.206000328063965
4A4T_A_10,U,10,-11.024999618530272,-3.36299991607666,12.663000106811523
4A4T_A_11,U,11,-16.31999969482422,-7.242000102996826,9.814000129699709
4A4T_A_12,A,12,-15.54599952697754,-3.608000040054321,6.171000003814697
4A4T_A_13,C,13,-12.609000205993652,2.5280001163482666,3.492000102996826
4A4T_A_14,G,14,-8.335000038146973,4.709000110626221,4.527999877929688
4A4T_A_15,C,15,-3.5429999828338623,5.205999851226807,4.776999950408936
4A4T_A_16,U,16,2.086999893188477,3.7070000171661377,5.675000190734863
4A4T_A_17,G,17,7.750999927520752,1.64900004863739,5.251999855041504
4A4T_A_18,G,18,10.66100025177002,-0.1379999965429306,1.565999984741211
4A4T_A_19,G,19,11.13599967956543,-1.472000002861023,-3.369999885559082
4A4T_A_20,U,20,10.555999755859377,-1.4980000257492063,-9.583000183105469
4A4T_A_21,C,21,9.376999855041504,1.215000033378601,-13.824999809265137
4A4T_A_22,C,22,7.414999961853027,4.645999908447266,-18.59000015258789
