ID,resname,resid,x_1,y_1,z_1
4A4U_A_1,G,1,14.043999671936035,7.802000045776367,2.128999948501587
4A4U_A_2,G,2,9.338000297546388,7.754000186920166,0.5400000214576721
4A4U_A_3,A,3,5.360000133514404,6.642000198364258,-2.496000051498413
4A4U_A_4,C,4,1.901000022888184,5.436999797821045,-6.662000179290772
4A4U_A_5,C,5,-1.914000034332276,1.9670000076293943,-8.651000022888184
4A4U_A_6,C,6,-6.195000171661377,-2.9560000896453857,-7.88100004196167
4A4U_A_7,G,7,-8.27400016784668,-5.366000175476074,-4.114999771118164
4A4U_A_8,G,8,-8.439000129699707,-7.348000049591064,0.9210000038146972
4A4U_A_9,C,9,-9.861000061035156,-7.782000064849853,7.037000179290772
4A4U_A_10,U,10,-12.17099952697754,-4.019000053405762,11.116000175476074
4A4U_A_11,G,11,-13.854999542236328,2.515000104904175,13.940999984741213
4A4U_A_12,A,12,-9.272000312805176,3.901000022888184,13.255000114440918
4A4U_A_13,C,13,-3.868000030517578,4.572000026702881,11.623000144958496
4A4U_A_14,G,14,-1.9830000400543213,0.5,9.083000183105469
4A4U_A_15,C,15,-0.3339999914169311,-3.638000011444092,6.230000019073486
4A4U_A_16,U,16,0.3070000112056732,-6.806000232696533,0.8999999761581421
4A4U_A_17,G,17,1.4889999628067017,-9.107000350952148,-4.006999969482422
4A4U_A_18,G,18,3.4059998989105225,-7.111000061035156,-7.98199987411499
4A4U_A_19,G,19,6.366000175476074,-3.2090001106262207,-10.93299961090088
4A4U_A_20,U,20,8.821000099182129,1.222000002861023,-10.781999588012695
4A4U_A_21,C,21,10.675000190734863,6.560999870300293,-9.954999923706056
4A4U_A_22,C,22,14.25100040435791,11.16100025177002,-7.882999897003174
