ID,resname,resid,x_1,y_1,z_1
4DR5_W_1,G,1,202.79200744628903,80.84700012207031,12.383999824523926
4DR5_W_2,G,2,207.43600463867188,85.58699798583984,14.95400047302246
4DR5_W_3,G,3,210.2680053710937,90.76399993896484,12.781999588012695
4DR5_W_4,A,4,211.09800720214844,94.8499984741211,8.244000434875488
4DR5_W_5,U,5,207.0659942626953,97.2490005493164,5.814000129699707
4DR5_W_6,U,6,202.7769927978516,100.59600067138672,5.585999965667725
4DR5_W_7,G,7,197.1699981689453,104.0469970703125,8.468000411987305
4DR5_W_8,A,8,196.25799560546875,98.60700225830078,8.03499984741211
4DR5_W_9,A,9,196.7989959716797,94.87799835205078,4.260000228881836
4DR5_W_10,A,10,198.96299743652344,92.4469985961914,-0.3680000007152557
4DR5_W_11,A,11,203.7819976806641,92.10399627685548,-2.071000099182129
4DR5_W_12,U,12,209.09800720214844,92.5709991455078,-0.977999985218048
4DR5_W_13,C,13,213.04400634765625,91.7229995727539,2.6459999084472656
4DR5_W_14,C,14,214.3260040283203,88.8219985961914,6.873000144958496
4DR5_W_15,C,15,215.12600708007807,84.43599700927734,10.951000213623049
