ID,resname,resid,x_1,y_1,z_1
4ILL_C_1,G,1,1.1139999628067017,-3.549999952316284,6.5879998207092285
4ILL_C_2,C,2,-2.5309998989105225,-0.6899999976158142,3.734999895095825
4ILL_C_3,U,3,-8.182000160217285,0.7269999980926514,1.3259999752044678
4ILL_C_4,A,4,-12.576000213623049,7.5370001792907715,-1.5210000276565552
4ILL_C_5,A,5,-11.572999954223633,9.192999839782717,-7.229000091552734
4ILL_C_6,U,6,-10.968000411987305,13.586000442504885,-12.52400016784668
4ILL_C_7,C,7,-10.704999923706056,17.15999984741211,-16.086000442504883
4ILL_C_8,U,8,-13.480999946594238,17.85099983215332,-20.85099983215332
4ILL_C_9,A,9,-17.058000564575195,19.90699958801269,-26.60300064086914
4ILL_C_10,C,10,-22.06999969482422,14.696999549865724,-23.68400001525879
4ILL_C_11,U,11,-21.23600006103516,9.265999794006348,-27.749000549316406
4ILL_C_12,A,12,-20.347000122070312,10.309000015258787,-20.340999603271484
4ILL_C_13,U,13,-22.082000732421875,2.74399995803833,-19.22699928283692
4ILL_C_14,A,14,-17.43899917602539,7.659999847412109,-23.165000915527344
4ILL_C_15,G,15,-12.899999618530272,10.081000328063965,-24.21500015258789
4ILL_C_16,A,16,-8.706999778747559,12.031999588012695,-22.183000564575195
4ILL_C_17,A,17,-3.9059998989105225,18.554000854492188,-24.350000381469727
4ILL_C_18,U,18,,,
4ILL_C_19,U,19,,,
4ILL_C_20,G,20,,,
4ILL_C_21,A,21,,,
4ILL_C_22,A,22,,,
4ILL_C_23,A,23,,,
4ILL_C_24,G,24,,,
