ID,resname,resid,x_1,y_1,z_1
4ILM_M_1,G,1,71.13800048828125,-36.67599868774414,200.2100067138672
4ILM_M_2,C,2,71.4020004272461,-38.19100189208984,194.52099609375
4ILM_M_3,U,3,73.3949966430664,-34.722999572753906,189.1649932861328
4ILM_M_4,A,4,76.23500061035156,-37.62699890136719,181.8730010986328
4ILM_M_5,A,5,72.6989974975586,-38.60599899291992,177.93699645996094
4ILM_M_6,U,6,70.72599792480469,-43.03400039672852,172.77699279785156
4ILM_M_7,C,7,69.76599884033203,-46.12200164794922,169.25399780273438
4ILM_M_8,U,8,67.67900085449219,-45.52899932861328,164.14199829101562
4ILM_M_9,A,9,66.28700256347656,-44.07899856567383,157.61000061035156
4ILM_M_10,C,10,69.802001953125,-38.05099868774414,158.90199279785156
4ILM_M_11,U,11,62.2509994506836,-35.36600112915039,158.76499938964844
4ILM_M_12,A,12,67.53900146484375,-35.64899826049805,163.5970001220703
4ILM_M_13,U,13,65.75199890136719,-28.540000915527344,166.00999450683594
4ILM_M_14,A,14,62.630001068115234,-35.8129997253418,164.47799682617188
4ILM_M_15,G,15,61.132999420166016,-40.67699813842773,165.572998046875
4ILM_M_16,A,16,61.67900085449219,-44.67900085449219,168.7899932861328
