ID,resname,resid,x_1,y_1,z_1
4KJI_D_1,C,1,-36.744998931884766,0.8539999723434448,19.045000076293945
4KJI_D_2,C,2,-38.01100158691406,5.501999855041504,22.3439998626709
4KJI_D_3,C,3,-36.91899871826172,9.611000061035156,26.363000869750977
4KJI_D_4,C,4,-32.80699920654297,13.77299976348877,27.576000213623047
4KJI_D_5,G,5,-28.87299919128418,15.416999816894531,27.70800018310547
4KJI_D_6,A,6,-24.165000915527344,16.913000106811523,25.23500061035156
4KJI_D_7,A,7,-18.964000701904297,24.218000411987305,24.25200080871582
4KJI_D_8,G,8,-18.12700080871582,18.121999740600582,22.90900039672852
4KJI_D_9,G,9,-12.451000213623049,17.2549991607666,19.13999938964844
4KJI_D_10,A,10,-14.067999839782717,11.701000213623049,22.451000213623047
4KJI_D_11,U,11,-16.801000595092773,6.511000156402588,16.849000930786133
4KJI_D_12,C,12,-20.22900009155273,11.489999771118164,23.71299934387207
4KJI_D_13,G,13,-23.11000061035156,10.79599952697754,28.46999931335449
4KJI_D_14,G,14,-27.80699920654297,9.401000022888184,31.14200019836425
4KJI_D_15,G,15,-33.189998626708984,6.714000225067139,31.48200035095215
4KJI_D_16,G,16,-36.47299957275391,3.1600000858306885,29.99099922180176
