ID,resname,resid,x_1,y_1,z_1
4OQ9_3_1,U,1,,,
4OQ9_3_2,U,2,,,
4OQ9_3_3,U,3,,,
4OQ9_3_4,U,4,,,
4OQ9_3_5,U,5,,,
4OQ9_3_6,U,6,,,
4OQ9_3_7,U,7,,,
4OQ9_3_8,U,8,,,
4OQ9_3_9,U,9,29.15699958801269,-0.2349999994039535,46.31900024414063
4OQ9_3_10,U,10,,,
