ID,resname,resid,x_1,y_1,z_1
4QIL_C_1,C,1,,,
4QIL_C_2,U,2,6.197999954223633,24.016000747680664,26.87299919128418
4QIL_C_3,C,3,-2.1559998989105225,22.53400039672852,28.54899978637696
4QIL_C_4,C,4,-5.129000186920166,21.989999771118164,24.069000244140625
4QIL_C_5,C,5,-8.336999893188477,23.792999267578125,19.99099922180176
4QIL_C_6,U,6,-10.968000411987305,27.434999465942383,16.89299964904785
4QIL_C_7,U,7,-11.368000030517578,32.29499816894531,14.404999732971191
4QIL_C_8,C,8,-8.46500015258789,36.6510009765625,12.352999687194824
4QIL_C_9,U,9,-5.294000148773193,41.26800155639648,7.196000099182129
4QIL_C_10,G,10,-2.239000082015991,40.50600051879883,13.657999992370604
4QIL_C_11,U,11,6.01800012588501,42.92499923706055,15.43000030517578
4QIL_C_12,G,12,-0.4769999980926513,40.08300018310547,17.601999282836914
4QIL_C_13,A,13,-5.796000003814697,40.14300155639648,19.01000022888184
4QIL_C_14,A,14,-10.718999862670898,37.60100173950195,19.8439998626709
4QIL_C_15,G,15,-13.196000099182127,33.29899978637695,21.996000289916992
4QIL_C_16,G,16,-13.947999954223633,28.035999298095703,23.312000274658203
4QIL_C_17,G,17,-12.848999977111816,23.07699966430664,25.90800094604492
4QIL_C_18,G,18,,,
4QIL_C_19,A,19,,,
