ID,resname,resid,x_1,y_1,z_1
4TUA_XY_1,C,1,,,
4TUA_XY_2,A,2,-126.0709991455078,5.429999828338623,-32.96900177001953
4TUA_XY_3,C,3,-129.3179931640625,9.699999809265137,-30.41699981689453
4TUA_XY_4,C,4,-131.5500030517578,13.786999702453612,-26.94499969482422
4TUA_XY_5,C,5,-130.53700256347656,16.83799934387207,-21.96999931335449
4TUA_XY_6,U,6,-125.86100006103516,19.8700008392334,-21.10700035095215
4TUA_XY_7,U,7,-121.88600158691406,23.242000579833984,-23.78400039672852
4TUA_XY_8,G,8,-119.06099700927734,27.902999877929688,-28.066999435424805
4TUA_XY_9,G,9,-118.2519989013672,22.54899978637696,-28.78499984741211
4TUA_XY_10,U,10,-116.36699676513672,18.52400016784668,-26.163000106811523
4TUA_XY_11,A,11,-114.7509994506836,15.026000022888184,-21.89200019836425
4TUA_XY_12,A,12,-117.88600158691406,13.61400032043457,-17.621000289916992
4TUA_XY_13,G,13,-122.64700317382812,12.66100025177002,-15.91100025177002
4TUA_XY_14,G,14,-127.89700317382812,11.725000381469728,-17.038999557495117
4TUA_XY_15,G,15,-131.7030029296875,9.989999771118164,-20.378999710083008
4TUA_XY_16,U,16,-133.2270050048828,6.879000186920166,-25.24799919128418
4TUA_XY_17,G,17,-132.66400146484375,2.4560000896453857,-28.44599914550781
