ID,resname,resid,x_1,y_1,z_1
4TUC_QY_1,C,1,,,
4TUC_QY_2,A,2,,,
4TUC_QY_3,C,3,-72.86199951171875,79.56199645996094,107.77300262451172
4TUC_QY_4,C,4,-77.0009994506836,83.01399993896484,104.96600341796876
4TUC_QY_5,C,5,-78.375,87.3489990234375,101.31199645996094
4TUC_QY_6,C,6,-76.48100280761719,90.79499816894533,97.33300018310548
4TUC_QY_7,U,7,-72.0979995727539,91.0749969482422,93.61699676513672
4TUC_QY_8,U,8,-69.73200225830078,88.16500091552734,89.86799621582031
4TUC_QY_9,G,9,-67.42500305175781,83.47699737548828,85.34100341796875
4TUC_QY_10,G,10,-65.94000244140625,82.71399688720703,90.50499725341795
4TUC_QY_11,U,11,-64.31199645996094,85.50199890136719,94.79499816894533
4TUC_QY_12,A,12,-62.66699981689453,89.99400329589844,97.53900146484376
4TUC_QY_13,A,13,-65.43299865722656,93.75299835205078,99.23200225830078
4TUC_QY_14,G,14,-70.9540023803711,95.28900146484376,100.9209976196289
4TUC_QY_15,G,15,-76.18000030517578,93.36299896240234,104.54100036621094
4TUC_QY_16,G,16,-76.84600067138672,89.27400207519531,108.48899841308594
4TUC_QY_17,U,17,-75.02300262451172,84.3479995727539,113.0459976196289
4TUC_QY_18,G,18,,,
