ID,resname,resid,x_1,y_1,z_1
4V6D_AV_1,U,1,-124.7239990234375,2.5980000495910645,3.566999912261963
4V6D_AV_2,C,2,-128.875,6.171000003814697,3.0220000743865967
4V6D_AV_3,G,3,-131.41299438476562,11.017000198364258,3.565999984741211
4V6D_AV_4,G,4,-130.60299682617188,16.323999404907227,5.0329999923706055
4V6D_AV_5,G,5,-127.02400207519533,20.52499961853028,5.508999824523926
4V6D_AV_6,C,6,-122.08499908447266,23.55599975585937,4.676000118255615
4V6D_AV_7,U,7,-119.64299774169922,24.731000900268555,-0.6710000038146973
4V6D_AV_8,C,8,-120.41300201416016,27.90699958801269,-6.896999835968018
4V6D_AV_9,A,9,-119.2959976196289,22.655000686645508,-6.71999979019165
4V6D_AV_10,U,10,-116.70600128173828,17.631999969482422,-5.408999919891357
4V6D_AV_11,A,11,-114.21399688720705,15.536999702453612,-1.034000039100647
4V6D_AV_12,A,12,-113.4489974975586,16.406999588012695,3.713000059127808
4V6D_AV_13,C,13,-116.81800079345705,18.24399948120117,7.776000022888184
4V6D_AV_14,C,14,-121.72899627685548,18.535999298095703,10.63599967956543
4V6D_AV_15,C,15,-126.85199737548828,16.332000732421875,11.491999626159668
4V6D_AV_16,G,16,-130.36399841308594,12.64900016784668,11.550999641418455
4V6D_AV_17,A,17,-131.60400390625,6.7829999923706055,10.373000144958496
