ID,resname,resid,x_1,y_1,z_1
4V99_FX_1,U,1,97.80699920654295,252.9340057373047,290.37799072265625
4V99_FX_2,U,2,102.13899993896484,251.2460021972656,293.2669982910156
4V99_FX_3,A,3,105.64199829101562,250.8300018310547,297.7229919433594
4V99_FX_4,A,4,106.31099700927734,251.7949981689453,303.364013671875
4V99_FX_5,U,5,104.24299621582033,252.6750030517578,308.3900146484375
4V99_FX_6,A,6,100.1750030517578,252.802001953125,312.27099609375
4V99_FX_7,U,7,94.91200256347656,251.30099487304688,313.9590148925781
4V99_FX_8,U,8,90.802001953125,248.0330047607422,313.57598876953125
4V99_FX_9,U,9,82.69300079345703,248.0290069580078,314.66900634765625
4V99_FX_10,U,10,86.91100311279297,252.55799865722656,310.5190124511719
4V99_FX_11,U,11,90.61100006103516,255.1179962158203,308.05499267578125
4V99_FX_12,A,12,94.6989974975586,258.23699951171875,308.5610046386719
4V99_FX_13,U,13,100.16300201416016,259.2449951171875,307.1019897460937
4V99_FX_14,U,14,104.59400177001952,259.4989929199219,303.9169921875
4V99_FX_15,U,15,106.9540023803711,258.42401123046875,298.97198486328125
4V99_FX_16,U,16,107.27200317382812,256.9779968261719,293.75299072265625
4V99_FX_17,U,17,105.51499938964844,256.8800048828125,288.1669921875
