ID,resname,resid,x_1,y_1,z_1
4WSA_V_1,A,1,-42.91999816894531,70.89700317382812,-7.0920000076293945
4WSA_V_2,G,2,-46.53900146484375,67.51000213623047,-7.533999919891357
4WSA_V_3,U,3,-49.24100112915039,63.52199935913086,-9.371000289916992
4WSA_V_4,A,4,-47.742000579833984,59.06800079345703,-8.663000106811523
4WSA_V_5,G,5,-45.36899948120117,54.042999267578125,-7.394999980926514
4WSA_V_6,U,6,-40.979000091552734,49.012001037597656,-9.458000183105469
4WSA_V_7,A,7,-42.20800018310547,53.83700180053711,-14.538000106811523
4WSA_V_8,A,8,-44.172000885009766,57.3390007019043,-16.187999725341797
4WSA_V_9,C,9,-46.48099899291992,62.358001708984375,-17.03700065612793
4WSA_V_10,A,10,-45.44900131225586,67.54399871826172,-15.621999740600586
4WSA_V_11,A,11,-47.152000427246094,68.54399871826172,-23.836000442504883
4WSA_V_12,G,12,-45.58399963378906,66.12100219726562,-28.586000442504883
4WSA_V_13,A,13,-44.65499877929688,66.66200256347656,-33.625999450683594
4WSA_V_14,G,14,-43.54999923706055,69.26200103759766,-38.69400024414063
