ID,resname,resid,x_1,y_1,z_1
4Z7L_F_1,G,1,66.20099639892578,-13.633000373840332,30.136999130249023
4Z7L_F_2,C,2,65.40699768066406,-9.251999855041504,27.12800025939941
4Z7L_F_3,A,3,61.91299819946289,-7.914000034332275,23.73200035095215
4Z7L_F_4,A,4,57.367000579833984,-8.652000427246094,20.761999130249023
4Z7L_F_5,A,5,49.67699813842773,-7.517000198364258,20.597999572753903
4Z7L_F_6,A,6,53.26300048828125,-10.506999969482422,14.52400016784668
4Z7L_F_7,U,7,46.867000579833984,-12.340999603271484,8.538999557495117
4Z7L_F_8,A,8,47.34600067138672,-18.40399932861328,9.14799976348877
4Z7L_F_9,A,9,47.61399841308594,-24.488000869750977,12.699999809265137
4Z7L_F_10,C,10,49.63800048828125,-19.027999877929688,17.849000930786133
4Z7L_F_11,A,11,54.71500015258789,-19.9950008392334,15.404000282287598
4Z7L_F_12,A,12,58.83000183105469,-15.93000030517578,15.168999671936035
4Z7L_F_13,G,13,63.35300064086914,-10.770000457763672,16.961000442504883
4Z7L_F_14,C,14,68.39900207519531,-10.114999771118164,19.895999908447266
