ID,resname,resid,x_1,y_1,z_1
5A18_A_1,G,1,27.381999969482425,7.283999919891357,5.629000186920166
5A18_A_2,A,2,25.131999969482425,7.5229997634887695,0.4749999940395355
5A18_A_3,C,3,21.80699920654297,5.572999954223633,-3.428999900817871
5A18_A_4,G,4,18.6200008392334,2.5820000171661377,-5.401999950408936
5A18_A_5,A,5,15.416999816894531,-1.340000033378601,-7.190000057220459
5A18_A_6,U,6,11.319000244140623,-4.534999847412109,-5.744999885559082
5A18_A_7,A,7,6.896999835968018,-6.60099983215332,-3.61299991607666
5A18_A_8,U,8,2.6640000343322754,-6.519999980926514,0.8500000238418579
5A18_A_9,C,9,-2.184000015258789,-4.8470001220703125,4.158999919891357
5A18_A_10,G,10,-7.48199987411499,-1.88100004196167,4.184999942779541
5A18_A_11,A,11,-11.020999908447266,1.809999942779541,6.681000232696533
5A18_A_12,G,12,-15.727999687194824,2.947999954223633,5.788000106811523
5A18_A_13,C,13,-20.121999740600582,3.803999900817871,4.71999979019165
5A18_A_14,A,14,-23.43099975585937,-0.5630000233650208,3.174000024795532
5A18_A_15,U,15,-29.378999710083008,-3.864000082015991,2.602999925613404
5A18_A_16,C,16,-31.304000854492188,-7.188000202178955,-3.121999979019165
5A18_A_17,A,17,-30.63599967956543,-1.25600004196167,-7.813000202178955
5A18_A_18,A,18,-25.94799995422364,-1.6920000314712524,-7.165999889373779
5A18_A_19,G,19,-21.82900047302246,3.0179998874664307,-5.572999954223633
5A18_A_20,A,20,-18.19700050354004,8.413000106811523,-5.341000080108643
5A18_A_21,G,21,-13.102999687194824,8.39799976348877,-4.244999885559082
5A18_A_22,U,22,-8.550999641418457,7.020999908447266,-1.0199999809265137
5A18_A_23,G,23,-3.9070000648498535,5.586999893188477,3.973000049591065
5A18_A_24,A,24,-0.5559999942779541,4.026000022888184,7.389999866485596
5A18_A_25,A,25,3.2939999103546143,1.9529999494552608,6.709000110626221
5A18_A_26,U,26,6.935999870300293,-2.96399998664856,5.84499979019165
5A18_A_27,A,27,10.895000457763672,-6.354000091552734,4.531000137329102
5A18_A_28,U,28,15.357000350952148,-7.178999900817871,1.0460000038146973
5A18_A_29,C,29,19.42399978637696,-7.34499979019165,-1.7239999771118164
5A18_A_30,G,30,23.29700088500977,-5.027999877929688,-3.5269999504089355
5A18_A_31,U,31,26.53300094604492,-1.087000012397766,-4.978000164031982
5A18_A_32,C,32,31.38599967956543,3.053999900817871,-3.8959999084472656
