ID,resname,resid,x_1,y_1,z_1
5AMQ_C_1,A,1,-8.392999649047852,37.85599899291992,-78.85600280761719
5AMQ_C_2,G,2,-9.522000312805176,36.180999755859375,-73.88500213623047
5AMQ_C_3,U,3,-7.769000053405762,35.1619987487793,-68.83899688720703
5AMQ_C_4,A,4,-3.943000078201294,36.64899826049805,-65.31600189208984
5AMQ_C_5,G,5,-0.335999995470047,40.42300033569336,-63.8129997253418
5AMQ_C_6,U,6,3.2850000858306885,47.24399948120117,-61.21699905395508
5AMQ_C_7,G,7,7.006999969482422,38.47600173950195,-61.44599914550781
5AMQ_C_8,U,8,9.093999862670898,37.10200119018555,-67.50599670410156
5AMQ_C_9,A,9,2.4730000495910645,32.79199981689453,-67.3010025024414
5AMQ_C_10,C,10,-1.6610000133514404,30.34499931335449,-69.99400329589844
