ID,resname,resid,x_1,y_1,z_1
5ELS_I_1,A,1,129.88099670410156,30.472999572753903,139.34300231933594
5ELS_I_2,A,2,125.22699737548828,33.97700119018555,136.39199829101562
5ELS_I_3,A,3,119.3040008544922,35.30699920654297,141.2729949951172
5ELS_I_4,U,4,118.85399627685548,42.400001525878906,141.94700622558594
5ELS_I_5,A,5,113.8010025024414,43.54100036621094,144.447998046875
5ELS_I_6,A,6,111.2689971923828,48.358001708984375,146.72799682617188
