ID,resname,resid,x_1,y_1,z_1
5EPI_H_1,A,1,68.26100158691406,-57.28799819946289,181.0110015869141
5EPI_H_2,G,2,70.30599975585938,-60.8849983215332,177.68299865722656
5EPI_H_3,C,3,70.89800262451172,-64.07499694824219,173.5260009765625
5EPI_H_4,A,4,71.49400329589844,-62.05199813842773,169.1020050048828
5EPI_H_5,G,5,72.33699798583984,-59.27799987792969,164.43699645996094
5EPI_H_6,A,6,69.60399627685547,-55.59199905395508,158.8979949951172
5EPI_H_7,A,7,64.46700286865234,-58.75299835205078,163.08700561523438
5EPI_H_8,G,8,62.93399810791016,-61.54600143432617,165.96800231933594
5EPI_H_9,C,9,62.52299880981445,-64.33100128173828,170.9949951171875
5EPI_H_10,A,10,62.24300003051758,-62.60499954223633,176.19000244140625
5EPI_H_11,G,11,54.5009994506836,-67.80799865722656,176.4770050048828
5EPI_H_12,A,12,50.13999938964844,-67.46499633789062,172.5469970703125
