ID,resname,resid,x_1,y_1,z_1
5FJ1_H_1,U,1,-18.16900062561035,-21.40800094604492,63.512001037597656
5FJ1_H_2,G,2,-15.053999900817873,-22.64200019836425,68.06600189208984
5FJ1_H_3,G,3,-10.491000175476074,-24.29599952697754,70.64600372314453
5FJ1_H_4,G,4,-5.031000137329102,-24.275999069213867,69.4209976196289
5FJ1_H_5,G,5,-0.7409999966621399,-21.256000518798828,68.03900146484375
5FJ1_H_6,A,6,3.788000106811523,-22.64800071716309,63.58200073242188
5FJ1_H_7,G,7,3.8310000896453857,-25.732999801635746,61.165000915527344
5FJ1_H_8,C,8,1.8669999837875368,-28.604999542236328,56.57400131225586
5FJ1_H_9,C,9,2.5450000762939453,-30.690000534057617,51.4900016784668
5FJ1_H_10,G,10,6.127999782562256,-32.13999938964844,47.75400161743164
5FJ1_H_11,A,11,11.45699977874756,-36.7869987487793,45.15499877929688
5FJ1_H_12,A,12,12.63599967956543,-32.04600143432617,43.66600036621094
5FJ1_H_13,A,13,11.508000373840332,-27.28499984741211,41.797000885009766
5FJ1_H_14,G,14,8.49899959564209,-25.28300094604492,44.672000885009766
5FJ1_H_15,G,15,3.3350000381469727,-24.69499969482422,46.8650016784668
5FJ1_H_16,C,16,0.2169999927282333,-23.584999084472656,51.44499969482422
5FJ1_H_17,G,17,0.1669999957084655,-21.01300048828125,56.25600051879883
5FJ1_H_18,A,18,-0.6819999814033508,-15.461999893188477,62.0620002746582
5FJ1_H_19,A,19,-6.331999778747559,-12.883000373840332,56.57899856567383
5FJ1_H_20,G,20,-4.130000114440918,-18.839000701904297,61.54899978637695
5FJ1_H_21,A,21,-0.2669999897480011,-25.013999938964844,59.99399948120117
5FJ1_H_22,A,22,-0.3490000069141388,-29.54899978637696,62.8380012512207
5FJ1_H_23,C,23,-3.767999887466431,-31.31100082397461,66.5009994506836
5FJ1_H_24,C,24,-9.053000450134276,-31.356000900268555,69.12899780273438
