ID,resname,resid,x_1,y_1,z_1
5FMZ_V_1,A,1,55.80899810791016,6.239999771118164,47.90399932861328
5FMZ_V_2,G,2,54.20199966430664,1.5010000467300415,48.45899963378906
5FMZ_V_3,U,3,53.45700073242188,-3.555000066757202,47.540000915527344
5FMZ_V_4,A,4,57.03799819946289,-6.718999862670898,47.87200164794922
5FMZ_V_5,G,5,61.87300109863281,-9.649999618530272,48.78900146484375
5FMZ_V_6,U,6,67.302001953125,-12.321999549865724,46.12099838256836
5FMZ_V_7,A,7,63.45299911499024,-8.97599983215332,41.14400100708008
5FMZ_V_8,A,8,59.71900177001953,-7.261000156402588,39.641998291015625
5FMZ_V_9,C,9,55.2869987487793,-4.068999767303467,39.34600067138672
5FMZ_V_10,A,10,54.1150016784668,1.0110000371932983,40.25299835205078
5FMZ_V_11,A,11,50.57099914550781,0.7590000033378601,32.36199951171875
5FMZ_V_12,G,12,52.14300155639648,-0.5019999742507935,27.177000045776367
