ID,resname,resid,x_1,y_1,z_1
5KMZ_A_1,A,1,62.56999969482422,13.116999626159668,-3.369999885559082
5KMZ_A_2,A,2,60.902000427246094,10.510000228881836,0.7829999923706055
5KMZ_A_3,C,3,57.553001403808594,8.343000411987305,4.491000175476074
5KMZ_A_4,C,4,53.595001220703125,5.699999809265137,5.63700008392334
5KMZ_A_5,U,5,53.21599960327149,0.4469999969005584,5.829999923706055
5KMZ_A_6,U,6,48.3650016784668,-2.3410000801086426,4.830999851226807
5KMZ_A_7,C,7,46.17300033569336,-6.277999877929688,2.496999979019165
5KMZ_A_8,A,8,49.18999862670898,-12.829999923706056,5.283999919891357
5KMZ_A_9,C,9,54.24399948120117,-10.993000030517578,4.454999923706055
5KMZ_A_10,C,10,57.928001403808594,-9.71500015258789,0.6790000200271606
5KMZ_A_11,A,11,59.39599990844727,-6.793000221252441,-4.307000160217285
5KMZ_A_12,A,12,56.82600021362305,-3.5169999599456787,-7.903999805450439
5KMZ_A_13,U,13,52.20500183105469,-0.9729999899864196,-8.857000350952148
5KMZ_A_14,U,14,47.52999877929688,1.840999960899353,-7.607999801635742
5KMZ_A_15,A,15,44.845001220703125,5.173999786376953,-4.208000183105469
5KMZ_A_16,G,16,45.08300018310547,8.720000267028809,-0.1140000000596046
5KMZ_A_17,G,17,47.55400085449219,11.968999862670898,2.8989999294281006
5KMZ_A_18,U,18,52.027000427246094,15.326000213623049,4.208000183105469
5KMZ_A_19,U,19,56.74300003051758,17.849000930786133,4.019999980926514
5KMZ_A_20,C,20,57.75600051879883,15.958000183105469,9.348999977111816
5KMZ_A_21,A,21,57.86199951171875,12.152999877929688,11.67199993133545
5KMZ_A_22,A,22,55.073001861572266,8.651000022888184,12.449999809265137
5KMZ_A_23,A,23,49.7400016784668,7.077000141143799,12.29699993133545
5KMZ_A_24,U,24,47.900001525878906,3.486999988555908,5.6479997634887695
5KMZ_A_25,A,25,44.76100158691406,0.5450000166893005,2.3910000324249268
5KMZ_A_26,A,26,44.4109992980957,-2.424999952316284,-2.227999925613404
5KMZ_A_27,G,27,46.07099914550781,-5.159999847412109,-7.446000099182129
5KMZ_A_28,U,28,49.74599838256836,-8.163000106811523,-9.354999542236328
5KMZ_A_29,G,29,53.77199935913086,-12.357999801635742,-9.116000175476074
5KMZ_A_30,G,30,56.14400100708008,-15.904999732971191,-5.382999897003174
5KMZ_A_31,U,31,55.15399932861328,-19.280000686645508,-0.7670000195503235
