ID,resname,resid,x_1,y_1,z_1
5LSN_A_1,C,1,-15.291999816894531,2.4260001182556152,-16.531999588012695
5LSN_A_2,C,2,-15.833000183105469,-0.481000006198883,-11.906999588012695
5LSN_A_3,U,3,-13.088000297546388,-4.294000148773193,-8.854999542236328
5LSN_A_4,C,4,-9.317999839782717,-7.381999969482422,-6.535999774932861
5LSN_A_5,G,5,-4.252999782562256,-10.368000030517578,-5.932000160217285
5LSN_A_6,U,6,1.315999984741211,-10.34000015258789,-6.860000133514404
5LSN_A_7,G,7,6.537000179290772,-8.486000061035156,-8.050000190734863
5LSN_A_8,G,8,10.585000038146973,-4.458000183105469,-8.704000473022461
5LSN_A_9,U,9,12.684000015258787,0.7350000143051147,-7.653999805450439
5LSN_A_10,G,10,13.54699993133545,5.787000179290772,-5.34499979019165
5LSN_A_11,G,11,12.840999603271484,9.675000190734863,-1.2209999561309814
5LSN_A_12,U,12,11.90999984741211,11.3100004196167,4.107999801635742
5LSN_A_13,U,13,11.54300022125244,10.868000030517578,9.284000396728516
5LSN_A_14,G,14,13.58199977874756,7.005000114440918,11.970000267028809
5LSN_A_15,U,15,17.048999786376953,2.0799999237060547,15.083000183105469
5LSN_A_16,G,16,11.699999809265137,2.4489998817443848,14.840999603271484
5LSN_A_17,A,17,8.682000160217285,0.4779999852180481,11.012999534606934
5LSN_A_18,A,18,6.252999782562256,3.8410000801086426,9.788999557495115
5LSN_A_19,C,19,5.198999881744385,7.7270002365112305,5.993000030517578
5LSN_A_20,C,20,5.5970001220703125,9.520000457763672,0.765999972820282
5LSN_A_21,A,21,6.63100004196167,9.008999824523926,-4.629000186920166
5LSN_A_22,C,22,7.638999938964844,5.828000068664551,-9.201000213623049
5LSN_A_23,C,23,7.546000003814697,1.218999981880188,-12.425999641418455
5LSN_A_24,A,24,6.113999843597412,-3.9149999618530273,-14.125
5LSN_A_25,U,25,2.2709999084472656,-7.945000171661377,-13.994999885559082
5LSN_A_26,G,26,-2.140000104904175,-10.97599983215332,-13.17099952697754
5LSN_A_27,U,27,-8.267000198364258,-11.5,-11.621000289916992
5LSN_A_28,G,28,-13.64799976348877,-10.824999809265137,-11.706000328063965
5LSN_A_29,G,29,-18.08099937438965,-7.50600004196167,-13.43000030517578
