ID,resname,resid,x_1,y_1,z_1
5MS0_R_1,A,1,-59.7869987487793,76.83300018310547,-79.28800201416016
5MS0_R_2,U,2,-65.46199798583984,73.30400085449219,-84.79399871826172
5MS0_R_3,C,3,-60.80400085449219,67.60099792480469,-87.697998046875
5MS0_R_4,U,4,-53.209999084472656,67.46499633789062,-86.01300048828125
5MS0_R_5,U,5,-55.3380012512207,60.02899932861328,-89.74400329589844
5MS0_R_6,U,6,-54.3390007019043,53.4119987487793,-85.98999786376953
5MS0_R_7,A,7,-48.4739990234375,54.6510009765625,-80.80899810791016
5MS0_R_8,A,8,-41.685001373291016,54.86600112915039,-78.43599700927734
5MS0_R_9,A,9,-34.573001861572266,50.57099914550781,-78.41999816894531
5MS0_R_10,A,10,-31.025999069213867,49.61199951171875,-74.35600280761719
5MS0_R_11,A,11,-24.792999267578125,47.42699813842773,-71.97000122070312
5MS0_R_12,U,12,-19.382999420166016,52.172000885009766,-72.30999755859375
5MS0_R_13,A,13,-16.95599937438965,46.72600173950195,-65.63999938964844
5MS0_R_14,A,14,-13.515999794006348,42.96500015258789,-64.02300262451172
5MS0_R_15,G,15,-5.574999809265137,43.65499877929688,-61.7140007019043
5MS0_R_16,C,16,-0.2010000050067901,41.16299819946289,-63.56100082397461
5MS0_R_17,C,17,2.618000030517578,36.72700119018555,-65.62100219726562
5MS0_R_18,C,18,3.858000040054321,30.81599998474121,-66.50499725341797
5MS0_R_19,U,19,2.3410000801086426,25.58699989318848,-68.8030014038086
5MS0_R_20,G,20,-1.059000015258789,24.358999252319336,-72.89900207519531
5MS0_R_21,A,21,-3.601999998092652,24.80299949645996,-79.54900360107422
5MS0_R_22,A,22,-7.526000022888184,26.347000122070312,-76.28299713134766
5MS0_R_23,G,23,-12.121000289916992,31.75300025939941,-75.30999755859375
5MS0_R_24,A,24,-10.946000099182127,22.972999572753903,-72.24400329589844
5MS0_R_25,A,25,-7.809999942779541,22.79199981689453,-67.83899688720703
5MS0_R_26,G,26,-5.214000225067139,24.650999069213867,-63.87799835205078
5MS0_R_27,G,27,-0.878000020980835,27.58099937438965,-61.1879997253418
5MS0_R_28,G,28,1.444000005722046,31.46299934387207,-59.07600021362305
5MS0_R_29,C,29,1.4950000047683716,37.44400024414063,-57.055999755859375
