ID,resname,resid,x_1,y_1,z_1
5MSF_S_1,C,1,,,
5MSF_S_2,C,2,-73.86699676513672,53.375,37.744998931884766
5MSF_S_3,G,3,-77.4540023803711,52.11299896240234,32.27799987792969
5MSF_S_4,G,4,-81.91699981689453,49.5009994506836,29.722999572753903
5MSF_S_5,A,5,-90.38099670410156,51.20199966430664,27.80500030517578
5MSF_S_6,G,6,-83.83300018310547,44.80099868774414,30.194000244140625
5MSF_S_7,G,7,-86.6259994506836,39.48099899291992,32.645999908447266
5MSF_S_8,A,8,-88.62899780273438,37.78099822998047,37.07500076293945
5MSF_S_9,U,9,-91.77400207519533,33.12699890136719,40.70800018310547
5MSF_S_10,C,10,-89.9469985961914,39.928001403808594,42.77000045776367
5MSF_S_11,A,11,-84.83000183105469,43.152000427246094,48.10699844360352
5MSF_S_12,C,12,-83.70800018310547,38.402000427246094,42.66999816894531
5MSF_S_13,C,13,-81.36699676513672,37.4119987487793,37.59299850463867
5MSF_S_14,A,14,-78.45700073242188,37.67100143432617,32.630001068115234
5MSF_S_15,C,15,-75.94999694824219,41.8650016784668,29.73900032043457
5MSF_S_16,G,16,-73.43000030517578,46.58000183105469,29.374000549316406
5MSF_S_17,G,17,-69.72200012207031,49.542999267578125,31.253999710083008
5MSF_S_18,G,18,,,
