ID,resname,resid,x_1,y_1,z_1
5N5C_A_1,A,1,-14.866999626159668,7.796999931335449,-3.3480000495910645
5N5C_A_2,U,2,-10.937999725341797,7.697999954223633,-0.5889999866485596
5N5C_A_3,U,3,-8.842000007629395,5.679999828338623,3.733999967575073
5N5C_A_4,C,4,-6.640999794006348,1.3220000267028809,5.928999900817871
5N5C_A_5,C,5,-2.9549999237060547,-2.486999988555908,5.048999786376953
5N5C_A_6,U,6,1.437000036239624,-5.420000076293945,2.571000099182129
5N5C_A_7,U,7,6.535999774932861,-6.394000053405762,0.0109999999403953
5N5C_A_8,A,8,10.697999954223633,-4.507999897003174,-2.0290000438690186
5N5C_A_9,A,9,14.19499969482422,-1.4290000200271606,-0.1030000001192092
5N5C_A_10,A,10,17.309999465942383,2.447999954223633,2.61299991607666
5N5C_A_11,U,11,14.532999992370604,6.382999897003174,2.4110000133514404
5N5C_A_12,U,12,12.524999618530272,4.603000164031982,-3.0360000133514404
5N5C_A_13,A,13,8.531999588012695,1.7400000095367432,-6.446000099182129
5N5C_A_14,A,14,4.406000137329102,-1.1050000190734863,-6.616000175476074
5N5C_A_15,G,15,0.0979999974370002,-3.750999927520752,-5.000999927520752
5N5C_A_16,G,16,-4.35699987411499,-5.854000091552734,-1.618000030517578
5N5C_A_17,A,17,-8.668999671936035,-4.8420000076293945,1.3600000143051147
5N5C_A_18,G,18,-13.244000434875488,-1.8279999494552608,2.055999994277954
5N5C_A_19,U,19,-19.97599983215332,-3.0850000381469727,0.7020000219345093
