ID,resname,resid,x_1,y_1,z_1
5UF3_A_1,G,1,11.857999801635742,27.08099937438965,-19.702999114990234
5UF3_A_2,G,2,6.736999988555908,26.61000061035156,-17.39699935913086
5UF3_A_3,A,3,1.3389999866485596,25.49399948120117,-17.43199920654297
5UF3_A_4,C,4,-3.1760001182556152,22.768999099731445,-19.97800064086914
5UF3_A_5,A,5,-4.861000061035156,19.54199981689453,-23.496000289916992
5UF3_A_6,U,6,-5.263000011444092,15.380999565124512,-27.86400032043457
5UF3_A_7,A,7,-3.776999950408936,10.868000030517578,-30.739999771118164
5UF3_A_8,A,8,-1.6859999895095823,6.822999954223633,-33.900001525878906
5UF3_A_9,G,9,2.000999927520752,3.068000078201294,-34.64099884033203
5UF3_A_10,G,10,5.925000190734863,-0.257999986410141,-32.49300003051758
5UF3_A_11,A,11,7.285999774932861,-8.496000289916992,-28.4060001373291
5UF3_A_12,A,12,6.474999904632568,-4.939000129699707,-22.90900039672852
5UF3_A_13,A,13,8.04800033569336,-0.8259999752044678,-20.64699935913086
5UF3_A_14,A,14,11.223999977111816,3.2939999103546143,-20.55500030517578
5UF3_A_15,C,15,11.597999572753906,5.748000144958496,-24.85199928283692
5UF3_A_16,C,16,10.479999542236328,7.669000148773193,-29.707000732421875
5UF3_A_17,U,17,6.947000026702881,10.951000213623049,-33.6150016784668
5UF3_A_18,A,18,3.086999893188477,14.75100040435791,-34.10900115966797
5UF3_A_19,U,19,-0.5979999899864197,19.231000900268555,-32.89099884033203
5UF3_A_20,G,20,-3.233999967575073,23.62700080871582,-30.53700065612793
5UF3_A_21,U,21,-3.450999975204468,28.238000869750977,-26.746000289916992
5UF3_A_22,C,22,-0.977999985218048,31.14999961853028,-23.448999404907227
5UF3_A_23,C,23,3.670000076293945,33.2130012512207,-20.905000686645508
