ID,resname,resid,x_1,y_1,z_1
5UZT_A_1,G,1,-4.599999904632568,6.410999774932861,6.889999866485596
5UZT_A_2,G,2,-6.281000137329102,4.0320000648498535,10.630000114440918
5UZT_A_3,U,3,-10.682000160217283,1.562000036239624,12.848999977111816
5UZT_A_4,G,4,-15.715999603271484,-0.1909999996423721,12.725000381469728
5UZT_A_5,U,5,-20.177000045776367,-1.2999999523162842,10.029999732971191
5UZT_A_6,U,6,-23.0,-2.365999937057495,5.517000198364258
5UZT_A_7,G,7,-23.38500022888184,-4.142000198364258,0.2419999986886978
5UZT_A_8,A,8,-22.590999603271484,-6.550000190734863,-4.754000186920166
5UZT_A_9,C,9,-19.55900001525879,-6.093999862670898,-8.053000450134277
5UZT_A_10,U,10,-14.677000045776367,-7.888000011444092,-10.42199993133545
5UZT_A_11,G,11,-10.300999641418455,-10.998000144958496,-11.479000091552734
5UZT_A_12,U,12,-5.927000045776367,-15.338000297546388,-12.211000442504885
5UZT_A_13,U,13,-3.21399998664856,-21.09600067138672,-14.206000328063965
5UZT_A_14,G,14,-4.270999908447266,-26.52300071716309,-16.327999114990234
5UZT_A_15,A,15,-5.718999862670898,-31.308000564575195,-20.832000732421875
5UZT_A_16,A,16,-10.609999656677246,-29.895000457763672,-18.06399917602539
5UZT_A_17,U,17,-14.300999641418455,-30.67099952697754,-14.70699977874756
5UZT_A_18,C,18,-15.489999771118164,-29.65699958801269,-9.390000343322754
5UZT_A_19,U,19,-14.359999656677246,-27.052000045776367,-4.636000156402588
5UZT_A_20,C,20,-12.222999572753906,-22.67399978637696,-1.562999963760376
5UZT_A_21,A,21,-8.137999534606934,-18.722000122070312,-0.0610000006854534
5UZT_A_22,U,22,-8.069000244140625,-13.746999740600586,0.2879999876022339
5UZT_A_23,G,23,-7.821000099182129,-9.564000129699709,-2.7920000553131104
5UZT_A_24,G,24,-10.07699966430664,-5.402999877929688,-5.098999977111816
5UZT_A_25,C,25,-14.43000030517578,-1.6399999856948853,-5.098999977111816
5UZT_A_26,A,26,-18.43600082397461,1.475000023841858,-3.0460000038146973
5UZT_A_27,A,27,-21.19799995422364,3.8310000896453857,0.9919999837875366
5UZT_A_28,C,28,-21.74399948120117,5.497000217437744,6.059999942779541
5UZT_A_29,A,29,-19.67399978637696,6.578000068664551,10.883999824523926
5UZT_A_30,C,30,-15.637999534606934,7.625999927520752,14.258000373840332
5UZT_A_31,C,31,-10.4350004196167,9.175000190734863,15.461999893188477
