ID,resname,resid,x_1,y_1,z_1
5WQ1_A_1,G,1,6.4079999923706055,1.7649999856948853,-6.122000217437744
5WQ1_A_2,G,2,11.081000328063965,4.947999954223633,-6.276999950408936
5WQ1_A_3,A,3,14.288000106811523,9.321000099182127,-4.787000179290772
5WQ1_A_4,C,4,15.645999908447266,13.526000022888184,-1.4079999923706057
5WQ1_A_5,A,5,15.550000190734863,16.45400047302246,3.380000114440918
5WQ1_A_6,U,6,14.300999641418455,15.91100025177002,8.63599967956543
5WQ1_A_7,C,7,13.027000427246094,13.482000350952148,13.52400016784668
5WQ1_A_8,A,8,12.822999954223633,8.871999740600586,16.736000061035156
5WQ1_A_9,G,9,14.218000411987305,3.5480000972747803,17.601999282836914
5WQ1_A_10,A,10,17.500999450683594,-0.3819999992847442,15.576000213623049
5WQ1_A_11,U,11,22.600000381469727,1.1820000410079956,14.631999969482422
5WQ1_A_12,U,12,29.14200019836425,-6.117000102996826,16.4950008392334
5WQ1_A_13,U,13,25.60099983215332,-3.7170000076293945,11.616999626159668
5WQ1_A_14,C,14,21.190000534057617,-0.1570000052452087,7.728000164031982
5WQ1_A_15,C,15,16.530000686645508,-1.9739999771118164,8.857000350952148
5WQ1_A_16,U,16,11.80799961090088,0.1589999943971634,10.597000122070312
5WQ1_A_17,G,17,8.093999862670898,4.1579999923706055,11.902999877929688
5WQ1_A_18,G,18,6.3480000495910645,9.684000015258787,11.822999954223633
5WQ1_A_19,U,19,6.640999794006348,14.572999954223633,9.109000205993652
5WQ1_A_20,G,20,7.84600019454956,17.729000091552734,4.559000015258789
5WQ1_A_21,U,21,9.156000137329102,17.895999908447266,-0.8920000195503235
5WQ1_A_22,C,22,9.644000053405762,15.565999984741213,-5.888999938964844
5WQ1_A_23,C,23,8.586999893188477,11.576000213623049,-9.817999839782717
