ID,resname,resid,x_1,y_1,z_1
5XJ2_G_1,G,1,-6.216000080108643,1.1239999532699585,104.02999877929688
5XJ2_G_2,G,2,-8.932000160217285,2.257999897003174,99.322998046875
5XJ2_G_3,C,3,-13.258000373840332,3.660000085830689,96.71399688720705
5XJ2_G_4,A,4,-18.511999130249023,5.40399980545044,95.50700378417967
5XJ2_G_5,C,5,-22.905000686645508,9.1850004196167,96.30999755859376
5XJ2_G_6,G,6,-21.29599952697754,8.586000442504883,107.8759994506836
5XJ2_G_7,U,7,-22.91900062561035,3.5369999408721924,105.8270034790039
5XJ2_G_8,G,8,-22.61400032043457,1.180999994277954,100.65399932861328
5XJ2_G_9,C,9,-19.266000747680664,-1.6519999504089355,97.83200073242188
5XJ2_G_10,U,10,-13.803000450134276,-3.7060000896453857,98.12899780273438
