ID,resname,resid,x_1,y_1,z_1
6AAX_D_1,G,1,50.89799880981445,26.54400062561035,-19.104999542236328
6AAX_D_2,G,2,46.92300033569336,31.114999771118164,-20.79700088500977
6AAX_D_3,U,3,42.68399810791016,31.27300071716309,-23.78499984741211
6AAX_D_4,A,4,37.45299911499024,30.915000915527344,-26.825000762939453
6AAX_D_5,A,5,34.44900131225586,26.71699905395508,-28.6200008392334
6AAX_D_6,G,6,32.75,21.84199905395508,-28.59600067138672
6AAX_D_7,U,7,32.625999450683594,16.930999755859375,-27.02199935913086
6AAX_D_8,G,8,33.027000427246094,14.493000030517578,-22.599000930786133
6AAX_D_9,U,9,33.1510009765625,13.772000312805176,-17.43400001525879
6AAX_D_10,A,10,32.68199920654297,14.887999534606934,-11.678999900817873
6AAX_D_11,C,11,30.295000076293945,17.57699966430664,-8.3149995803833
6AAX_D_12,U,12,26.52199935913086,21.2549991607666,-7.497000217437744
6AAX_D_13,G,13,22.597000122070312,24.81800079345703,-0.6899999976158142
6AAX_D_14,G,14,24.06999969482422,31.768999099731445,-6.5980000495910645
6AAX_D_15,A,15,20.952999114990234,24.84499931335449,-11.256999969482422
6AAX_D_16,A,16,16.007999420166016,28.775999069213867,-16.60300064086914
6AAX_D_17,A,17,21.97900009155273,25.847999572753903,-15.70300006866455
6AAX_D_18,G,18,26.85300064086914,26.863000869750977,-13.265999794006348
6AAX_D_19,U,19,31.76799964904785,25.26499938964844,-11.946999549865724
6AAX_D_20,G,20,36.167999267578125,22.04700088500977,-11.82699966430664
6AAX_D_21,C,21,39.0099983215332,18.441999435424805,-14.543999671936035
6AAX_D_22,A,22,40.52899932861328,15.552000045776367,-18.93000030517578
6AAX_D_23,C,23,41.46599960327149,15.378999710083008,-24.00200080871582
6AAX_D_24,U,24,40.698001861572266,17.639999389648438,-28.801000595092773
6AAX_D_25,U,25,41.665000915527344,22.23200035095215,-31.285999298095703
6AAX_D_26,G,26,42.19400024414063,27.702999114990234,-33.428001403808594
6AAX_D_27,C,27,44.11000061035156,32.06999969482422,-31.638999938964844
6AAX_D_28,C,28,48.44599914550781,33.08300018310547,-27.51000022888184
