ID,resname,resid,x_1,y_1,z_1
6BZ8_XY_1,G,1,-125.01599884033205,1.565000057220459,-29.040000915527344
6BZ8_XY_2,G,2,-128.2830047607422,5.315000057220459,-30.80699920654297
6BZ8_XY_3,G,3,-131.9320068359375,8.781999588012695,-29.23200035095215
6BZ8_XY_4,G,4,-132.9040069580078,12.319000244140623,-25.52899932861328
6BZ8_XY_5,A,5,-131.3699951171875,15.963000297546388,-20.607999801635746
6BZ8_XY_6,U,6,-126.81900024414062,19.707000732421875,-19.69499969482422
6BZ8_XY_7,U,7,-122.9739990234375,22.39200019836425,-22.840999603271484
6BZ8_XY_8,U,8,-121.11100006103516,26.961000442504883,-27.715999603271484
6BZ8_XY_9,A,9,-119.5790023803711,22.027000427246094,-28.63800048828125
6BZ8_XY_10,A,10,-117.56199645996094,18.26700019836425,-25.65800094604492
6BZ8_XY_11,A,11,-115.83399963378906,14.54300022125244,-21.586000442504883
6BZ8_XY_12,A,12,-118.4990005493164,13.027000427246094,-17.288000106811523
6BZ8_XY_13,U,13,-123.47899627685548,12.159000396728516,-15.107999801635742
6BZ8_XY_14,C,14,-128.9810028076172,10.645000457763672,-15.583000183105469
6BZ8_XY_15,C,15,-133.10000610351562,8.397000312805176,-18.52400016784668
6BZ8_XY_16,C,16,-134.76499938964844,5.389999866485596,-22.73600006103516
6BZ8_XY_17,C,17,-133.97000122070312,1.7269999980926514,-26.684999465942383
