ID,resname,resid,x_1,y_1,z_1
6C4H_x_1,C,1,210.76400756835932,229.2530059814453,210.48399353027344
6C4H_x_2,G,2,209.1080017089844,225.31500244140625,215.6100006103516
6C4H_x_3,C,3,206.57699584960932,226.49200439453125,220.31700134277344
6C4H_x_4,G,4,205.0070037841797,230.2890014648437,223.77200317382807
6C4H_x_5,C,5,209.7250061035156,239.7899932861328,222.9720001220703
6C4H_x_6,G,6,211.0570068359375,235.0319976806641,225.218002319336
6C4H_x_7,C,7,212.1269989013672,229.72799682617188,224.468994140625
6C4H_x_8,A,8,213.7209930419922,225.97300720214844,221.2899932861328
6C4H_x_9,A,9,216.656005859375,225.30499267578125,217.34100341796875
6C4H_x_10,C,10,219.21600341796875,218.4770050048828,218.75900268554688
6C4H_x_11,C,11,222.46099853515625,213.0749969482422,217.8209991455078
6C4H_x_12,A,12,225.8560028076172,211.9510040283203,214.7350006103516
