ID,resname,resid,x_1,y_1,z_1
6CYT_N_1,G,1,,,
6CYT_N_2,A,2,6.38700008392334,30.6299991607666,53.26399993896485
6CYT_N_3,U,3,11.17099952697754,33.1349983215332,51.74399948120117
6CYT_N_4,C,4,17.500999450683594,32.775001525878906,50.4630012512207
6CYT_N_5,U,5,21.73200035095215,30.06399917602539,48.52299880981445
6CYT_N_6,G,6,24.551000595092773,27.756000518798828,45.31999969482422
6CYT_N_7,A,7,25.145000457763672,22.71500015258789,43.49599838256836
6CYT_N_8,G,8,24.01099967956543,18.121000289916992,40.29899978637695
6CYT_N_9,C,9,19.924999237060547,15.583999633789062,36.93600082397461
6CYT_N_10,C,10,16.57900047302246,16.889999389648438,31.42300033569336
6CYT_N_11,U,11,12.913999557495115,16.558000564575195,28.98699951171875
6CYT_N_12,G,12,9.413000106811523,20.334999084472656,21.738000869750977
6CYT_N_13,G,13,12.552000045776367,24.1200008392334,28.040000915527344
6CYT_N_14,G,14,10.970000267028809,26.11000061035156,32.5260009765625
6CYT_N_15,A,15,7.189000129699707,28.32900047302246,38.27000045776367
6CYT_N_16,G,16,10.309000015258787,20.06399917602539,37.91299819946289
6CYT_N_17,C,17,13.69200038909912,16.80500030517578,41.7859992980957
6CYT_N_18,U,18,19.290000915527344,15.934000015258787,47.23899841308594
6CYT_N_19,C,19,,,
6CYT_N_20,A,20,,,
