ID,resname,resid,x_1,y_1,z_1
6DTI_X_1,C,1,,,
6DTI_X_2,U,2,,,
6DTI_X_3,C,3,,,
6DTI_X_4,G,4,211.3719940185547,89.47000122070312,13.381999969482422
6DTI_X_5,G,5,214.86199951171875,94.16699981689452,9.406000137329102
6DTI_X_6,C,6,210.45700073242188,97.85700225830078,6.440999984741211
6DTI_X_7,U,7,205.6779937744141,101.46299743652344,6.171000003814697
6DTI_X_8,A,8,199.60400390625,105.97200012207033,7.472000122070312
6DTI_X_9,C,9,198.17300415039065,100.18800354003906,8.072999954223633
6DTI_X_10,G,10,199.0110015869141,95.55899810791016,4.769999980926514
6DTI_X_11,A,11,201.07699584960932,93.03800201416016,0.4790000021457672
6DTI_X_12,A,12,205.9459991455078,91.9020004272461,-1.4800000190734863
6DTI_X_13,C,13,211.968002319336,91.26200103759766,-0.7379999756813049
6DTI_X_14,C,14,216.3509979248047,87.3740005493164,3.9590001106262207
6DTI_X_15,G,15,,,
6DTI_X_16,A,16,,,
6DTI_X_17,G,17,,,
