ID,resname,resid,x_1,y_1,z_1
6DU5_B_1,G,1,32.98600006103516,41.12900161743164,-35.46699905395508
6DU5_B_2,G,2,36.70600128173828,35.48099899291992,-35.15800094604492
6DU5_B_3,C,3,39.34199905395508,32.3849983215332,-32.42900085449219
6DU5_B_4,U,4,44.20299911499024,30.63400077819824,-28.8799991607666
6DU5_B_5,G,5,48.30799865722656,32.45600128173828,-24.131999969482425
6DU5_B_6,G,6,50.46500015258789,36.54499816894531,-20.86400032043457
6DU5_B_7,U,7,48.516998291015625,41.79499816894531,-19.030000686645508
6DU5_B_8,G,8,44.56600189208984,44.17100143432617,-16.780000686645508
6DU5_B_9,U,9,39.60599899291992,45.42900085449219,-11.559000015258787
6DU5_B_10,G,10,40.625,48.25699996948242,-3.658999919891357
6DU5_B_11,G,11,35.1879997253418,50.0369987487793,-5.934000015258789
6DU5_B_12,U,12,28.18899917602539,54.77000045776367,-7.734000205993652
6DU5_B_13,A,13,28.964000701904297,49.1259994506836,-6.942999839782715
6DU5_B_14,C,14,26.15800094604492,45.297000885009766,-10.401000022888184
6DU5_B_15,A,15,26.74399948120117,37.10900115966797,-7.986999988555908
6DU5_B_16,G,16,33.24300003051758,40.32500076293945,-10.574000358581545
6DU5_B_17,A,17,32.71799850463867,37.505001068115234,-15.666999816894531
6DU5_B_18,G,18,40.555999755859375,36.869998931884766,-14.852999687194824
6DU5_B_19,A,19,35.51300048828125,41.0880012512207,-17.981000900268555
6DU5_B_20,A,20,36.16400146484375,45.62900161743164,-21.042999267578125
6DU5_B_21,G,21,40.79999923706055,47.11299896240234,-22.69700050354004
6DU5_B_22,C,22,46.25600051879883,46.49700164794922,-23.981000900268555
6DU5_B_23,C,23,50.3390007019043,43.35100173950195,-26.513999938964844
6DU5_B_24,A,24,51.479000091552734,39.5989990234375,-29.70199966430664
6DU5_B_25,G,25,50.89899826049805,33.90800094604492,-33.53799819946289
6DU5_B_26,C,26,,,
6DU5_B_27,C,27,,,
