ID,resname,resid,x_1,y_1,z_1
6EVJ_V_1,A,1,96.82599639892578,795.4600219726562,-324.7120056152344
6EVJ_V_2,G,2,93.5709991455078,796.0599975585938,-320.4830017089844
6EVJ_V_3,U,3,89.3740005493164,796.4340209960938,-317.4429931640625
6EVJ_V_4,A,4,85.19599914550781,793.9749755859375,-317.7680053710937
6EVJ_V_5,G,5,81.11000061035156,789.8839721679688,-318.5790100097656
6EVJ_V_6,U,6,75.20500183105469,788.8460083007812,-321.8940124511719
6EVJ_V_7,A,7,77.39700317382812,795.3049926757812,-323.02099609375
6EVJ_V_8,A,8,80.19200134277344,798.4669799804688,-322.5450134277344
6EVJ_V_9,C,9,84.6449966430664,801.3170166015625,-321.3030090332031
6EVJ_V_10,A,10,89.48300170898438,802.1090087890625,-323.69500732421875
6EVJ_V_11,A,11,86.8550033569336,810.2860107421875,-323.1600036621094
6EVJ_V_12,G,12,82.23899841308594,812.5499877929688,-325.1600036621094
6EVJ_V_13,A,13,80.73500061035156,817.1190185546875,-327.6109924316406
6EVJ_V_14,G,14,81.97599792480469,821.7860107421875,-330.2479858398437
6EVJ_V_15,G,15,84.86199951171875,826.0,-333.40399169921875
6EVJ_V_16,G,16,,,
