ID,resname,resid,x_1,y_1,z_1
6FHI_V_1,A,1,775.39501953125,-136.14700317382812,498.5090026855469
6FHI_V_2,G,2,779.2630004882812,-133.8520050048828,495.5589904785156
6FHI_V_3,U,3,781.7219848632812,-129.9600067138672,493.1260070800781
6FHI_V_4,A,4,783.4249877929688,-125.96299743652344,495.0150146484375
6FHI_V_5,G,5,785.0469970703125,-121.31999969482422,497.8909912109375
6FHI_V_6,U,6,784.0250244140625,-114.86399841308594,499.875
6FHI_V_7,A,7,779.2509765625,-117.46299743652344,495.4590148925781
6FHI_V_8,A,8,777.6300048828125,-120.10399627685548,492.6700134277344
6FHI_V_9,C,9,776.718994140625,-125.09100341796876,490.1889953613281
6FHI_V_10,A,10,773.927001953125,-129.2530059814453,491.4729919433594
6FHI_V_11,A,11,770.0139770507812,-127.40899658203124,484.10400390625
6FHI_V_12,G,12,767.5230102539062,-122.51699829101562,482.8039855957031
6FHI_V_13,A,13,763.4169921875,-120.5260009765625,479.8619995117188
6FHI_V_14,G,14,758.7109985351562,-122.072998046875,477.45599365234375
6FHI_V_15,G,15,754.3610229492188,-125.01499938964844,475.8429870605469
6FHI_V_16,G,16,750.0640258789062,-121.2249984741211,481.7009887695313
