ID,resname,resid,x_1,y_1,z_1
6FLQ_R_1,C,1,131.125,173.04200744628906,159.14599609375
6FLQ_R_2,C,2,133.2030029296875,177.19000244140625,162.71600341796875
6FLQ_R_3,U,3,132.39599609375,182.0489959716797,165.31100463867188
6FLQ_R_4,G,4,128.7790069580078,186.2480010986328,166.91400146484375
6FLQ_R_5,A,5,124.4290008544922,188.7729949951172,167.14500427246094
6FLQ_R_6,U,6,117.38999938964844,186.1009979248047,159.84500122070312
6FLQ_R_7,C,7,122.62000274658205,189.1100006103516,158.88800048828125
6FLQ_R_8,A,8,128.2220001220703,189.0240020751953,158.7740020751953
6FLQ_R_9,G,9,133.11599731445312,186.50100708007807,158.38800048828125
6FLQ_R_10,G,10,136.5570068359375,182.09800720214844,157.4510040283203
6FLQ_R_11,C,11,137.70700073242188,175.98300170898438,151.87899780273438
6FLQ_R_12,G,12,145.677001953125,174.92799377441406,147.5279998779297
6FLQ_R_13,A,13,149.48300170898438,172.2480010986328,144.30299377441406
6FLQ_R_14,U,14,154.38299560546875,170.8159942626953,143.6820068359375
6FLQ_R_15,G,15,158.9550018310547,169.22900390625,145.47999572753906
6FLQ_R_16,U,16,161.98899841308594,167.51499938964844,149.25399780273438
6FLQ_R_17,G,17,162.32200622558594,164.4669952392578,152.8939971923828
6FLQ_R_18,U,18,161.36399841308594,161.447998046875,157.23399353027344
6FLQ_R_19,G,19,158.5399932861328,157.63699340820312,159.59300231933594
6FLQ_R_20,C,20,154.98199462890625,153.83900451660156,159.7030029296875
6FLQ_R_21,U,21,153.08900451660156,149.14999389648438,157.59500122070312
