ID,resname,resid,x_1,y_1,z_1
6GBM_A_1,G,1,10.109000205993652,-0.5659999847412109,-1.4450000524520874
6GBM_A_2,G,2,14.31999969482422,-3.686000108718872,-0.8500000238418579
6GBM_A_3,C,3,18.849000930786133,-5.663000106811523,2.0439999103546143
6GBM_A_4,A,4,20.98699951171875,-6.500999927520752,6.9629998207092285
6GBM_A_5,G,5,20.83799934387207,-6.050000190734863,12.48799991607666
6GBM_A_6,A,6,18.21199989318848,-5.414000034332275,17.222000122070312
6GBM_A_7,U,7,13.437000274658203,-5.885000228881836,20.50200080871582
6GBM_A_8,U,8,8.753000259399414,-7.2870001792907715,22.40800094604492
6GBM_A_9,A,9,3.9079999923706055,-9.255999565124512,22.54800033569336
6GBM_A_10,C,10,-0.1110000014305114,-11.845000267028809,20.709999084472656
6GBM_A_11,A,11,-2.8980000019073486,-14.692999839782717,17.354000091552734
6GBM_A_12,A,12,-4.50600004196167,-17.878000259399414,13.404999732971191
6GBM_A_13,U,13,-7.22599983215332,-22.316999435424805,11.281999588012695
6GBM_A_14,U,14,-5.224999904632568,-18.78300094604492,3.4590001106262207
6GBM_A_15,C,15,0.2029999941587448,-12.63599967956543,3.1489999294281006
6GBM_A_16,U,16,2.3929998874664307,-10.381999969482422,11.95199966430664
6GBM_A_17,A,17,4.074999809265137,-5.997000217437744,14.479000091552734
6GBM_A_18,U,18,7.688000202178955,-2.1559998989105225,16.981000900268555
6GBM_A_19,U,19,12.8100004196167,-0.3869999945163727,15.87399959564209
6GBM_A_20,U,20,18.165000915527344,0.9179999828338624,13.920000076293944
6GBM_A_21,G,21,21.6299991607666,1.524999976158142,9.545000076293944
6GBM_A_22,C,22,21.94499969482422,2.114000082015991,3.910000085830689
6GBM_A_23,C,23,20.006999969482425,3.4809999465942383,-1.222000002861023
