ID,resname,resid,x_1,y_1,z_1
6HYK_A_1,G,1,-23.23900032043457,13.786999702453612,2.867000102996826
6HYK_A_2,G,2,-18.371999740600582,15.156000137329102,5.037000179290772
6HYK_A_3,C,3,-13.29800033569336,14.256999969482422,6.579999923706055
6HYK_A_4,A,4,-8.423999786376953,11.307000160217283,7.03000020980835
6HYK_A_5,C,5,-5.027999877929688,8.303999900817871,4.183000087738037
6HYK_A_6,G,6,-3.9670000076293945,7.00600004196167,-1.3739999532699585
6HYK_A_7,G,7,-0.9380000233650208,8.435999870300293,-8.553999900817871
6HYK_A_8,U,8,6.747000217437744,9.026000022888184,-5.245999813079834
6HYK_A_9,G,9,0.5680000185966492,3.45199990272522,-5.058000087738037
6HYK_A_10,A,10,-4.484000205993652,0.4880000054836273,-1.121999979019165
6HYK_A_11,U,11,-4.046999931335449,-4.550000190734863,-1.0479999780654907
6HYK_A_12,G,12,-1.8910000324249268,-10.100000381469728,-0.975000023841858
6HYK_A_13,A,13,2.6700000762939453,-12.85099983215332,-2.4660000801086426
6HYK_A_14,C,14,7.605000019073486,-14.130000114440918,-4.218999862670898
6HYK_A_15,C,15,12.895999908447266,-13.369000434875488,-4.625999927520752
6HYK_A_16,U,16,16.86199951171875,-11.840999603271484,-1.031999945640564
6HYK_A_17,U,17,24.02400016784668,-11.871999740600586,0.1539999991655349
6HYK_A_18,C,18,19.32699966430664,-7.875,4.5229997634887695
6HYK_A_19,G,19,21.55599975585937,-3.4760000705718994,1.187999963760376
6HYK_A_20,G,20,16.09000015258789,-3.2699999809265137,-2.309000015258789
6HYK_A_21,G,21,12.71399974822998,-4.126999855041504,-6.083000183105469
6HYK_A_22,U,22,8.786999702453613,-6.519000053405762,-8.758999824523926
6HYK_A_23,C,23,3.615999937057495,-8.376999855041504,-9.824000358581545
6HYK_A_24,U,24,-2.0480000972747803,-6.928999900817871,-8.815999984741211
6HYK_A_25,G,25,-4.738999843597412,-2.352999925613404,-9.62399959564209
6HYK_A_26,A,26,-8.416000366210938,1.496000051498413,-5.466000080108643
6HYK_A_27,G,27,-10.491999626159668,0.7940000295639038,-1.4079999923706057
6HYK_A_28,U,28,-11.102999687194824,1.5499999523162842,4.270999908447266
6HYK_A_29,G,29,-13.07800006866455,3.453000068664551,8.854000091552734
6HYK_A_30,C,30,-16.599000930786133,6.73799991607666,11.93299961090088
6HYK_A_31,C,31,-21.687000274658203,8.918999671936035,12.472000122070312
