ID,resname,resid,x_1,y_1,z_1
6HYU_D_1,A,1,,,
6HYU_D_2,A,2,,,
6HYU_D_3,A,3,,,
6HYU_D_4,A,4,38.86899948120117,-3.4719998836517334,-21.6560001373291
6HYU_D_5,A,5,,,
6HYU_D_6,A,6,36.76100158691406,-6.132999897003174,-26.464000701904297
