ID,resname,resid,x_1,y_1,z_1
6IV6_G_1,G,1,,,
6IV6_G_2,U,2,,,
6IV6_G_3,C,3,,,
6IV6_G_4,U,4,,,
6IV6_G_5,A,5,,,
6IV6_G_6,A,6,,,
6IV6_G_7,C,7,,,
6IV6_G_8,G,8,,,
6IV6_G_9,A,9,,,
6IV6_G_10,C,10,,,
6IV6_G_11,C,11,,,
6IV6_G_12,U,12,,,
6IV6_G_13,U,13,,,
6IV6_G_14,U,14,,,
6IV6_G_15,U,15,,,
6IV6_G_16,A,16,,,
6IV6_G_17,A,17,103.7979965209961,128.72300720214844,80.11199951171875
6IV6_G_18,A,18,109.03800201416016,125.60099792480467,76.80400085449219
6IV6_G_19,U,19,112.5019989013672,120.89199829101562,80.9489974975586
6IV6_G_20,U,20,115.74500274658205,113.34300231933594,81.15699768066406
6IV6_G_21,U,21,111.98999786376952,114.21800231933594,85.21700286865234
6IV6_G_22,C,22,109.7750015258789,117.27300262451172,89.40599822998047
6IV6_G_23,U,23,108.81900024414062,122.34300231933594,91.52400207519533
6IV6_G_24,A,24,108.58799743652344,127.68199920654295,90.88500213623048
6IV6_G_25,C,25,108.49099731445312,130.14500427246094,86.58799743652344
6IV6_G_26,U,26,109.33499908447266,134.0,82.17900085449219
6IV6_G_27,G,27,114.2300033569336,134.09100341796875,84.4020004272461
6IV6_G_28,U,28,118.49500274658205,137.50799560546875,76.70800018310547
6IV6_G_29,U,29,114.11699676513672,135.8679962158203,70.1259994506836
6IV6_G_30,U,30,113.31099700927734,128.1269989013672,70.91500091552734
6IV6_G_31,G,31,114.88400268554688,129.7740020751953,77.68900299072266
6IV6_G_32,U,32,116.08200073242188,130.7270050048828,83.97599792480469
6IV6_G_33,A,33,117.10399627685548,128.93099975585938,89.38700103759766
6IV6_G_34,G,34,117.08499908447266,124.81999969482422,92.6050033569336
6IV6_G_35,A,35,116.34600067138672,119.52100372314452,93.13600158691406
6IV6_G_36,U,36,116.66899871826172,114.3550033569336,90.90799713134766
6IV6_G_37,C,37,116.41899871826172,108.5510025024414,92.302001953125
6IV6_G_38,U,38,116.32599639892578,104.3219985961914,90.11299896240234
6IV6_G_39,G,39,113.64700317382812,99.96099853515624,89.11199951171875
6IV6_G_40,A,40,108.302001953125,98.35700225830078,89.76200103759766
6IV6_G_41,U,41,100.52400207519533,96.71499633789062,93.16400146484376
6IV6_G_42,G,42,98.0780029296875,98.74700164794922,99.01599884033205
6IV6_G_43,G,43,,,
6IV6_G_44,U,44,,,
6IV6_G_45,C,45,,,
6IV6_G_46,C,46,,,
6IV6_G_47,A,47,,,
6IV6_G_48,U,48,,,
6IV6_G_49,G,49,,,
6IV6_G_50,U,50,,,
6IV6_G_51,C,51,,,
6IV6_G_52,U,52,,,
6IV6_G_53,G,53,,,
6IV6_G_54,U,54,,,
6IV6_G_55,U,55,,,
6IV6_G_56,A,56,,,
6IV6_G_57,C,57,,,
6IV6_G_58,U,58,,,
6IV6_G_59,C,59,,,
