ID,resname,resid,x_1,y_1,z_1
6KUT_V_1,A,1,138.56900024414062,123.95800018310548,89.197998046875
6KUT_V_2,G,2,136.4550018310547,122.60099792480467,93.89199829101562
6KUT_V_3,C,3,133.0959930419922,122.15499877929688,98.45500183105467
6KUT_V_4,A,4,127.94200134277344,121.5,98.40899658203124
6KUT_V_5,G,5,122.63600158691406,120.61399841308594,97.35099792480467
6KUT_V_6,U,6,117.20899963378906,122.68499755859376,96.12200164794922
6KUT_V_7,A,7,121.6230010986328,127.87999725341795,97.41100311279295
6KUT_V_8,G,8,125.46900177001952,129.70899963378906,99.1520004272461
6KUT_V_9,C,9,131.11599731445312,129.97799682617188,99.74400329589844
6KUT_V_10,A,10,135.3249969482422,130.10800170898438,96.78500366210938
6KUT_V_11,A,11,138.9709930419922,138.23599243164062,98.97200012207033
6KUT_V_12,G,12,137.53199768066406,144.0290069580078,98.09500122070312
6KUT_V_13,G,13,137.24000549316406,148.53399658203125,95.13400268554688
6KUT_V_14,A,14,137.44000244140625,151.3470001220703,90.13600158691406
6KUT_V_15,G,15,136.93099975585938,151.1300048828125,84.70600128173828
