ID,resname,resid,x_1,y_1,z_1
6KUV_V_1,A,1,143.43499755859375,115.37999725341795,93.60199737548828
6KUV_V_2,G,2,140.31500244140625,115.01399993896484,97.56400299072266
6KUV_V_3,C,3,136.57200622558594,115.9739990234375,101.6510009765625
6KUV_V_4,A,4,131.9739990234375,117.87999725341795,100.9749984741211
6KUV_V_5,U,5,126.79100036621094,119.13600158691406,99.11900329589844
6KUV_V_6,A,6,123.09700012207033,124.20899963378906,96.89800262451172
6KUV_V_7,A,7,128.9929962158203,126.3550033569336,99.6989974975586
6KUV_V_8,G,8,132.8489990234375,126.14800262451172,101.9280014038086
6KUV_V_9,C,9,138.15899658203125,123.76000213623048,103.46800231933594
6KUV_V_10,A,10,142.52000427246094,122.4469985961914,101.17400360107422
6KUV_V_11,G,11,147.3459930419922,128.68899536132812,106.3219985961914
6KUV_V_12,G,12,148.7969970703125,132.71299743652344,107.17400360107422
6KUV_V_13,A,13,151.0709991455078,137.30799865722656,109.56500244140624
6KUV_V_14,G,14,,,
6KUV_V_15,A,15,,,
