ID,resname,resid,x_1,y_1,z_1
6MCE_A_1,G,1,2.5239999294281006,1.600000023841858,-4.239999771118164
6MCE_A_2,G,2,7.538000106811523,3.806999921798706,-6.564000129699707
6MCE_A_3,G,3,12.656999588012695,5.451000213623047,-5.507999897003174
6MCE_A_4,C,4,16.976999282836914,6.5970001220703125,-2.303999900817871
6MCE_A_5,A,5,19.804000854492188,5.916999816894531,2.4609999656677246
6MCE_A_6,G,6,20.61800003051757,2.684000015258789,7.188000202178955
6MCE_A_7,A,7,20.05699920654297,-2.640000104904175,10.008999824523926
6MCE_A_8,U,8,22.464000701904297,-8.687999725341797,7.421000003814697
6MCE_A_9,U,9,26.69499969482422,-7.941999912261963,14.878999710083008
6MCE_A_10,G,10,17.812999725341797,-8.59000015258789,10.967000007629396
6MCE_A_11,A,11,15.210000038146973,-13.302000045776367,8.355999946594238
6MCE_A_12,G,12,15.031000137329102,-16.224000930786133,3.838000059127808
6MCE_A_13,C,13,16.382999420166016,-17.871000289916992,-1.5880000591278076
6MCE_A_14,C,14,18.59199905395508,-19.24300003051757,-6.086999893188477
6MCE_A_15,U,15,23.23500061035156,-19.416000366210938,-8.704000473022461
6MCE_A_16,G,16,29.32999992370605,-21.035999298095703,-12.395000457763672
6MCE_A_17,G,17,30.364999771118164,-15.524999618530272,-12.567999839782717
6MCE_A_18,G,18,25.084999084472656,-11.503000259399414,-9.336999893188477
6MCE_A_19,A,19,25.12700080871582,-4.235000133514404,-10.92099952697754
6MCE_A_20,G,20,20.8799991607666,-10.730999946594238,-8.390000343322754
6MCE_A_21,C,21,16.208999633789062,-11.994999885559082,-6.00600004196167
6MCE_A_22,U,22,12.25,-12.82699966430664,-1.8819999694824217
6MCE_A_23,C,23,10.54800033569336,-10.475000381469728,3.377000093460083
6MCE_A_24,U,24,10.33899974822998,-6.896999835968018,7.275000095367432
6MCE_A_25,C,25,11.729999542236328,-2.594000101089477,10.065999984741213
6MCE_A_26,U,26,13.822999954223633,2.7960000038146973,10.809000015258787
6MCE_A_27,G,27,14.661999702453612,7.580999851226807,8.081000328063965
6MCE_A_28,C,28,13.800000190734863,10.723999977111816,3.703000068664551
6MCE_A_29,C,29,11.425999641418455,12.088000297546388,-1.0529999732971191
6MCE_A_30,C,30,7.158999919891357,11.215999603271484,-4.461999893188477
