ID,resname,resid,x_1,y_1,z_1
6NDK_XY_1,G,1,,,
6NDK_XY_2,C,2,-123.78399658203124,7.717000007629394,-33.30699920654297
6NDK_XY_3,U,3,-128.76600646972656,8.130999565124512,-30.53899955749512
6NDK_XY_4,C,4,-131.63999938964844,12.928000450134276,-27.50300025939941
6NDK_XY_5,G,5,-131.5030059814453,15.234000205993652,-22.05299949645996
6NDK_XY_6,U,6,-127.94300079345705,20.90699958801269,-16.225000381469727
6NDK_XY_7,U,7,-122.48799896240234,24.70199966430664,-21.194000244140625
6NDK_XY_8,C,8,-119.68800354003906,26.895999908447266,-27.707000732421875
6NDK_XY_9,G,9,-118.76100158691406,22.08300018310547,-28.46299934387207
6NDK_XY_10,G,10,-116.45999908447266,17.582000732421875,-26.527999877929688
6NDK_XY_11,G,11,-115.01300048828124,14.057000160217283,-22.233999252319336
6NDK_XY_12,A,12,-117.79499816894533,11.914999961853027,-17.777000427246094
6NDK_XY_13,A,13,-122.16999816894533,11.0600004196167,-15.583000183105469
6NDK_XY_14,C,14,-127.61100006103516,9.472999572753906,-15.94499969482422
6NDK_XY_15,G,15,-131.95399475097656,8.706999778747559,-18.089000701904297
6NDK_XY_16,A,16,-134.29800415039062,7.777999877929687,-23.698999404907227
6NDK_XY_17,G,17,-134.01499938964844,3.361999988555908,-27.479999542236328
6NDK_XY_18,C,18,,,
