ID,resname,resid,x_1,y_1,z_1
6NM9_G_1,A,1,114.6050033569336,136.63099670410156,127.99700164794922
6NM9_G_2,A,2,109.09200286865234,133.44200134277344,130.1929931640625
6NM9_G_3,U,3,104.48600006103516,138.02200317382812,132.9429931640625
6NM9_G_4,U,4,96.66699981689452,139.76600646972656,133.89599609375
6NM9_G_5,U,5,99.95600128173828,143.97500610351562,132.19900512695312
6NM9_G_6,C,6,104.6269989013672,147.25,132.76499938964844
6NM9_G_7,U,7,109.51200103759766,147.7100067138672,134.11500549316406
6NM9_G_8,A,8,114.38800048828124,145.52999877929688,135.48500061035156
6NM9_G_9,C,9,115.66600036621094,140.53500366210938,134.91200256347656
6NM9_G_10,U,10,117.41400146484376,134.91299438476562,135.07200622558594
6NM9_G_11,A,11,116.45500183105467,135.43699645996094,140.60499572753906
6NM9_G_12,A,12,118.66200256347656,128.13900756835938,141.33799743652344
6NM9_G_13,G,13,114.94400024414062,126.38600158691406,136.6020050048828
6NM9_G_14,U,14,107.9489974975586,126.58399963378906,132.65499877929688
6NM9_G_15,G,15,110.40299987792967,131.50799560546875,136.6649932861328
6NM9_G_16,U,16,112.36799621582033,136.05499267578125,140.677001953125
6NM9_G_17,A,17,111.71900177001952,141.63099670410156,142.51199340820312
6NM9_G_18,G,18,108.572998046875,145.73699951171875,142.5959930419922
6NM9_G_19,A,19,104.1750030517578,148.12600708007812,140.6649932861328
6NM9_G_20,U,20,99.15699768066406,147.9219970703125,138.31199645996094
6NM9_G_21,G,21,91.99500274658205,150.73899841308594,137.7030029296875
6NM9_G_22,G,22,89.83499908447266,148.625,133.96499633789062
6NM9_G_23,A,23,85.88099670410156,149.70700073242188,129.97300720214844
6NM9_G_24,A,24,84.71299743652344,153.60499572753906,127.1500015258789
6NM9_G_25,A,25,86.51399993896484,158.49200439453125,124.31500244140624
6NM9_G_26,U,26,,,
6NM9_G_27,U,27,,,
6NM9_G_28,A,28,,,
6NM9_G_29,G,29,,,
6NM9_G_30,G,30,,,
6NM9_G_31,U,31,,,
6NM9_G_32,G,32,,,
6NM9_G_33,C,33,,,
6NM9_G_34,G,34,,,
6NM9_G_35,C,35,,,
6NM9_G_36,U,36,,,
6NM9_G_37,U,37,,,
6NM9_G_38,G,38,,,
6NM9_G_39,G,39,,,
6NM9_G_40,C,40,,,
