ID,resname,resid,x_1,y_1,z_1
6PK9_A_1,G,1,9.40999984741211,-11.279999732971191,7.041999816894531
6PK9_A_2,G,2,4.526000022888184,-10.14799976348877,4.801000118255615
6PK9_A_3,A,3,-0.5849999785423279,-8.354000091552734,4.892000198364258
6PK9_A_4,G,4,-4.745999813079834,-5.697999954223633,7.099999904632568
6PK9_A_5,G,5,-6.915999889373779,-1.9700000286102293,10.54300022125244
6PK9_A_6,G,6,-6.49399995803833,2.45199990272522,13.60200023651123
6PK9_A_7,U,7,-4.072000026702881,7.206999778747559,14.77400016784668
6PK9_A_8,A,8,-1.097000002861023,11.833000183105469,13.020999908447266
6PK9_A_9,G,9,-0.959999978542328,14.097000122070312,7.695000171661377
6PK9_A_10,A,10,2.194000005722046,17.554000854492188,6.775000095367432
6PK9_A_11,C,11,6.004000186920166,20.850000381469727,9.21399974822998
6PK9_A_12,U,12,9.859999656677246,17.1560001373291,11.711000442504885
6PK9_A_13,C,13,6.5929999351501465,11.53600025177002,11.15999984741211
6PK9_A_14,G,14,6.052000045776367,7.90500020980835,14.244000434875488
6PK9_A_15,C,15,3.138999938964844,4.693999767303467,17.351999282836914
6PK9_A_16,U,16,-0.3420000076293945,0.7400000095367432,18.136999130249023
6PK9_A_17,C,17,-3.5450000762939453,-3.469000101089477,17.235000610351562
6PK9_A_18,U,18,-4.943999767303467,-7.76200008392334,14.380000114440918
6PK9_A_19,C,19,-4.015999794006348,-11.873000144958496,10.911999702453612
6PK9_A_20,C,20,-0.7279999852180481,-15.404999732971191,8.35099983215332
