ID,resname,resid,x_1,y_1,z_1
6QWL_W_1,A,1,113.27999877929688,124.08499908447266,117.74400329589844
6QWL_W_2,G,2,118.70099639892578,124.5719985961914,120.4000015258789
6QWL_W_3,C,3,121.86000061035156,125.8010025024414,124.56500244140624
6QWL_W_4,A,4,122.8489990234375,125.03500366210938,129.6580047607422
6QWL_W_5,A,5,122.53399658203124,121.10399627685548,135.4409942626953
6QWL_W_6,A,6,122.2229995727539,129.08599853515625,140.552001953125
6QWL_W_7,A,7,115.90799713134766,128.91900634765625,136.70399475097656
6QWL_W_8,G,8,116.98200225830078,131.02499389648438,132.5469970703125
6QWL_W_9,C,9,117.23200225830078,132.55499267578125,127.11699676513672
6QWL_W_10,A,10,115.48300170898438,132.33200073242188,122.30999755859376
6QWL_W_11,G,11,114.25800323486328,140.96600341796875,122.81900024414062
6QWL_W_12,G,12,113.03700256347656,145.58299255371094,124.86599731445312
6QWL_W_13,C,13,110.8730010986328,150.22900390625,124.38500213623048
6QWL_W_14,C,14,107.05799865722656,152.74200439453125,121.86199951171876
