ID,resname,resid,x_1,y_1,z_1
6QX3_D_1,G,1,,,
6QX3_D_2,A,2,129.25900268554688,133.88600158691406,115.21099853515624
6QX3_D_3,G,3,124.95500183105467,131.2209930419922,113.9739990234375
6QX3_D_4,C,4,121.83300018310548,126.60099792480467,113.86799621582033
6QX3_D_5,A,5,117.5979995727539,125.6500015258789,116.9219970703125
6QX3_D_6,A,6,114.35299682617188,125.34100341796876,120.95500183105467
6QX3_D_7,A,7,112.375,123.16999816894533,127.1240005493164
6QX3_D_8,A,8,118.46199798583984,120.16500091552734,125.36599731445312
6QX3_D_9,G,9,121.88999938964844,119.26399993896484,122.1969985961914
6QX3_D_10,C,10,124.96199798583984,119.7030029296875,117.81300354003906
6QX3_D_11,A,11,129.33399963378906,124.23200225830078,117.40799713134766
6QX3_D_12,G,12,,,
6QX3_D_13,G,13,,,
6QX3_D_14,C,14,,,
6QX3_D_15,C,15,,,
