ID,resname,resid,x_1,y_1,z_1
6RR7_D_1,A,1,139.72500610351562,132.48399353027344,90.60199737548828
6RR7_D_2,G,2,138.47799682617188,133.85400390625,95.51499938964844
6RR7_D_3,U,3,138.73300170898438,134.24600219726562,100.9980010986328
6RR7_D_4,A,4,142.50900268554688,135.7449951171875,103.58699798583984
6RR7_D_5,G,5,147.74899291992188,137.2530059814453,105.54900360107422
6RR7_D_6,A,6,153.69000244140625,135.3699951171875,108.40399932861328
6RR7_D_7,A,7,149.572998046875,129.91000366210938,107.41600036621094
6RR7_D_8,A,8,145.74400329589844,128.0659942626953,106.01599884033205
6RR7_D_9,C,9,140.6929931640625,127.27200317382812,103.51200103759766
6RR7_D_10,A,10,139.18699645996094,126.29900360107422,98.57599639892578
6RR7_D_11,A,11,136.01800537109375,119.31900024414062,102.28800201416016
6RR7_D_12,G,12,138.3040008544922,115.68399810791016,105.44400024414062
6RR7_D_13,G,13,139.0030059814453,110.50499725341795,107.55500030517578
6RR7_D_14,C,14,138.6230010986328,104.70600128173828,106.43199920654295
6RR7_D_15,C,15,,,
