ID,resname,resid,x_1,y_1,z_1
6SDW_B_1,G,1,29.701000213623047,27.85199928283692,8.878999710083008
6SDW_B_2,G,2,24.18199920654297,25.51000022888184,7.940999984741211
6SDW_B_3,C,3,18.655000686645508,24.200000762939453,5.473999977111816
6SDW_B_4,A,4,14.13700008392334,23.7810001373291,2.7799999713897705
6SDW_B_5,G,5,10.621000289916992,25.2549991607666,-1.1460000276565552
6SDW_B_6,A,6,9.684000015258787,25.968000411987305,-6.922999858856201
6SDW_B_7,A,7,10.92199993133545,25.29199981689453,-11.887999534606934
6SDW_B_8,G,8,14.392000198364258,24.11000061035156,-15.774999618530272
6SDW_B_9,C,9,18.77899932861328,20.47699928283692,-16.704999923706055
6SDW_B_10,U,10,19.82299995422364,15.137999534606934,-15.451000213623049
6SDW_B_11,G,11,17.639999389648438,10.41100025177002,-14.718999862670898
6SDW_B_12,C,12,15.281000137329102,6.739999771118164,-12.154000282287598
6SDW_B_13,C,13,10.576000213623049,3.4119999408721924,-9.857999801635742
6SDW_B_14,U,14,5.552999973297119,0.7239999771118164,-10.21500015258789
6SDW_B_15,C,15,0.949999988079071,-0.3519999980926513,-12.24899959564209
6SDW_B_16,U,16,-2.4679999351501465,-0.640999972820282,-17.503000259399414
6SDW_B_17,U,17,-9.008000373840332,-2.6059999465942383,-18.059999465942383
6SDW_B_18,C,18,-4.144000053405762,-1.2419999837875366,-23.614999771118164
6SDW_B_19,G,19,-7.806000232696533,4.500999927520752,-22.559999465942383
6SDW_B_20,G,20,-4.09499979019165,5.431000232696533,-19.538000106811523
6SDW_B_21,A,21,-2.828000068664551,5.915999889373779,-14.47700023651123
6SDW_B_22,G,22,0.3350000083446502,6.668000221252441,-9.937999725341797
6SDW_B_23,G,23,5.357999801635742,7.820000171661377,-7.396999835968018
6SDW_B_24,C,24,10.277999877929688,9.939000129699709,-6.354000091552734
6SDW_B_25,A,25,14.812000274658203,12.282999992370604,-5.658999919891357
6SDW_B_26,G,26,19.61000061035156,15.053999900817873,-6.873000144958496
6SDW_B_27,U,27,21.815000534057617,19.59199905395508,-8.246000289916992
6SDW_B_28,U,28,22.28199958801269,23.76300048828125,-10.6899995803833
6SDW_B_29,U,29,19.50900077819824,29.08099937438965,-11.300999641418455
6SDW_B_30,C,30,15.538999557495115,32.16899871826172,-8.072999954223633
6SDW_B_31,U,31,13.274999618530272,32.665000915527344,-3.2109999656677246
6SDW_B_32,G,32,13.154000282287598,32.0880012512207,1.6690000295639038
6SDW_B_33,C,33,15.07699966430664,29.47800064086914,5.644999980926514
6SDW_B_34,C,34,19.61100006103516,26.992000579833984,9.753000259399414
