ID,resname,resid,x_1,y_1,z_1
6VZC_A_1,G,1,-4.909999847412109,41.95700073242188,16.579999923706055
6VZC_A_2,G,2,-0.962000012397766,39.30699920654297,13.486000061035156
6VZC_A_3,G,3,3.496999979019165,35.8650016784668,12.79699993133545
6VZC_A_4,C,4,7.1570000648498535,31.86000061035156,14.625
6VZC_A_5,U,5,8.760000228881836,28.027999877929688,18.1259994506836
6VZC_A_6,G,6,7.580999851226807,24.749000549316406,22.14200019836425
6VZC_A_7,U,7,3.569999933242798,21.516000747680664,24.74399948120117
6VZC_A_8,G,8,-0.453000009059906,18.48900032043457,24.61199951171875
6VZC_A_9,A,9,-6.111000061035156,16.128000259399414,26.0009994506836
6VZC_A_10,U,10,-10.128000259399414,14.137999534606934,23.39999961853028
6VZC_A_11,G,11,-12.029999732971191,12.460000038146973,18.725000381469727
6VZC_A_12,C,12,-11.133000373840332,10.37399959564209,13.854000091552734
6VZC_A_13,U,13,-7.788000106811523,7.422999858856201,10.871000289916992
6VZC_A_14,U,14,-3.128999948501587,3.430000066757202,6.769000053405762
6VZC_A_15,C,15,-1.5479999780654907,4.593999862670898,14.666999816894531
6VZC_A_16,G,16,1.4709999561309814,7.644000053405762,7.923999786376953
6VZC_A_17,G,17,-1.4819999933242798,11.810999870300291,9.388999938964844
6VZC_A_18,C,18,-4.973999977111816,15.956000328063965,10.491000175476074
6VZC_A_19,A,19,-8.086999893188477,19.90900039672852,13.27400016784668
6VZC_A_20,U,20,-9.050999641418455,22.66200065612793,17.763999938964844
6VZC_A_21,A,21,-8.16100025177002,24.28899955749512,23.035999298095703
6VZC_A_22,U,22,-4.5980000495910645,25.42200088500977,27.242000579833984
6VZC_A_23,C,23,0.4180000126361847,27.711000442504883,29.17399978637696
6VZC_A_24,A,24,5.059999942779541,30.28700065612793,28.31100082397461
6VZC_A_25,G,25,8.628000259399414,33.09400177001953,25.4379997253418
6VZC_A_26,C,26,9.821999549865724,36.37799835205078,21.292999267578125
6VZC_A_27,C,27,8.543000221252441,40.24599838256836,17.475000381469727
6VZC_A_28,C,28,5.493000030517578,44.70800018310547,15.37600040435791
