ID,resname,resid,x_1,y_1,z_1
6W62_B_1,C,1,,,
6W62_B_2,A,2,,,
6W62_B_3,A,3,,,
6W62_B_4,A,4,,,
6W62_B_5,U,5,,,
6W62_B_6,U,6,,,
6W62_B_7,G,7,89.09500122070312,81.3489990234375,98.00299835205078
6W62_B_8,U,8,89.09400177001953,86.05500030517578,97.7030029296875
6W62_B_9,G,9,90.16699981689452,89.51300048828125,93.62200164794922
6W62_B_10,C,10,91.97799682617188,92.41000366210938,89.18299865722656
6W62_B_11,C,11,91.29000091552734,93.40899658203124,83.33000183105469
6W62_B_12,C,12,87.15799713134766,94.1719970703125,79.33200073242188
6W62_B_13,A,13,82.81199645996094,99.1760025024414,74.22100067138672
6W62_B_14,U,14,80.89600372314453,93.27899932861328,73.91699981689453
6W62_B_15,C,15,81.5999984741211,89.2979965209961,79.27799987792969
6W62_B_16,G,16,82.79900360107422,84.81300354003906,77.14299774169922
6W62_B_17,U,17,86.85900115966797,80.97599792480469,72.8280029296875
6W62_B_18,U,18,87.11299896240234,75.64199829101562,77.41899871826172
6W62_B_19,G,19,87.63099670410156,84.68299865722656,78.19499969482422
6W62_B_20,G,20,92.9280014038086,86.1969985961914,80.3550033569336
6W62_B_21,C,21,95.62799835205078,86.9020004272461,84.72000122070312
6W62_B_22,A,22,97.28299713134766,87.35700225830078,90.13700103759766
6W62_B_23,C,23,97.8249969482422,86.50399780273438,94.99199676513672
6W62_B_24,G,24,99.1750030517578,85.58000183105469,102.5530014038086
6W62_B_25,C,25,95.19499969482422,85.49500274658203,105.9499969482422
6W62_B_26,G,26,95.28800201416016,88.86699676513672,111.30699920654295
6W62_B_27,U,27,99.2770004272461,93.80699920654295,115.16300201416016
6W62_B_28,G,28,101.39900207519533,100.2490005493164,113.6520004272461
6W62_B_29,C,29,102.7490005493164,102.34400177001952,108.98799896240234
6W62_B_30,A,30,101.2689971923828,108.3550033569336,105.74500274658205
