ID,resname,resid,x_1,y_1,z_1
6WB0_C_1,C,1,131.9199981689453,156.85800170898438,112.64700317382812
6WB0_C_2,U,2,136.01300048828125,159.51600646972656,116.10299682617188
6WB0_C_3,A,3,140.531005859375,162.8300018310547,117.0540008544922
6WB0_C_4,G,4,143.75900268554688,167.52699279785156,116.302001953125
6WB0_C_5,A,5,144.3419952392578,173.54400634765625,114.61000061035156
6WB0_C_6,U,6,136.56199645996094,174.8209991455078,107.4229965209961
6WB0_C_7,C,7,141.73800659179688,171.93899536132812,106.76399993896484
6WB0_C_8,U,8,144.45599365234375,167.4320068359375,108.31800079345705
6WB0_C_9,A,9,144.50599670410156,162.7209930419922,110.52999877929688
6WB0_C_10,G,10,142.46400451660156,158.4600067138672,112.75800323486328
6WB0_C_11,C,11,142.7729949951172,150.60299682617188,110.44000244140624
6WB0_C_12,A,12,142.28500366210938,145.6280059814453,112.14099884033205
6WB0_C_13,G,13,144.13900756835938,140.20199584960938,114.1439971923828
6WB0_C_14,U,14,147.61300659179688,137.88299560546875,117.8280029296875
6WB0_C_15,G,15,151.35800170898438,137.82699584960938,123.05599975585938
6WB0_C_16,G,16,152.5800018310547,140.6959991455078,127.19000244140624
6WB0_C_17,C,17,152.9040069580078,145.1540069580078,131.1269989013672
6WB0_C_18,G,18,149.4250030517578,148.50100708007812,133.56399536132812
6WB0_C_19,C,19,144.24400329589844,150.4720001220703,134.88800048828125
6WB0_C_20,C,20,138.45399475097656,150.7989959716797,135.14999389648438
6WB0_C_21,C,21,133.31900024414062,148.5469970703125,135.322998046875
6WB0_C_22,G,22,129.61199951171875,144.53900146484375,136.0570068359375
6WB0_C_23,A,23,128.0500030517578,139.54600524902344,138.03399658203125
6WB0_C_24,A,24,128.33399963378906,135.55999755859375,142.17300415039062
6WB0_C_25,C,25,130.22999572753906,134.10800170898438,147.3520050048828
6WB0_C_26,A,26,132.1540069580078,135.50999450683594,152.21299743652344
6WB0_C_27,G,27,132.70700073242188,139.28399658203125,156.48599243164062
6WB0_C_28,G,28,130.91799926757812,143.8070068359375,158.468994140625
6WB0_C_29,G,29,127.16699981689452,148.23199462890625,159.3159942626953
6WB0_C_30,A,30,122.52100372314452,150.8730010986328,159.01400756835938
6WB0_C_31,C,31,116.4800033569336,152.1280059814453,157.7239990234375
6WB0_C_32,U,32,111.19100189208984,150.0659942626953,158.4810028076172
6WB0_C_33,U,33,108.1999969482422,146.56199645996094,161.17999267578125
6WB0_C_34,G,34,106.89199829101562,143.0279998779297,165.125
6WB0_C_35,A,35,107.66300201416016,139.98699951171875,169.5500030517578
