ID,resname,resid,x_1,y_1,z_1
6WPI_C_1,G,1,,,
6WPI_C_2,G,2,,,
6WPI_C_3,U,3,,,
6WPI_C_4,A,4,,,
6WPI_C_5,A,5,,,
6WPI_C_6,U,6,,,
6WPI_C_7,A,7,,,
6WPI_C_8,A,8,,,
6WPI_C_9,U,9,,,
6WPI_C_10,U,10,,,
6WPI_C_11,U,11,,,
6WPI_C_12,U,12,,,
6WPI_C_13,G,13,,,
6WPI_C_14,A,14,,,
6WPI_C_15,A,15,,,
6WPI_C_16,A,16,6.5329999923706055,4.27899980545044,-81.21700286865234
6WPI_C_17,A,17,7.313000202178955,9.727999687194824,-82.51799774169922
6WPI_C_18,U,18,9.574000358581545,13.925000190734863,-82.50700378417969
6WPI_C_19,G,19,11.043999671936035,17.874000549316406,-78.5719985961914
6WPI_C_20,C,20,14.91800022125244,19.70499992370605,-74.23699951171875
6WPI_C_21,U,21,19.847999572753903,19.319000244140625,-72.00299835205078
6WPI_C_22,A,22,25.270999908447266,17.54199981689453,-72.42500305175781
6WPI_C_23,A,23,28.00900077819824,15.916999816894531,-66.54000091552734
6WPI_C_24,G,24,30.631999969482425,11.770000457763672,-68.7509994506836
6WPI_C_25,G,25,32.3120002746582,10.437000274658203,-73.66500091552734
6WPI_C_26,A,26,33.67300033569336,11.77400016784668,-79.0
6WPI_C_27,U,27,35.69499969482422,15.59000015258789,-82.27899932861328
6WPI_C_28,G,28,38.17300033569336,20.179000854492188,-82.35099792480469
6WPI_C_29,A,29,43.98699951171875,24.38599967956543,-81.20700073242188
6WPI_C_30,A,30,39.76800155639648,27.15800094604492,-79.48699951171875
6WPI_C_31,A,31,34.87200164794922,28.64200019836425,-80.14399719238281
6WPI_C_32,G,32,31.60300064086914,25.17099952697754,-81.1510009765625
6WPI_C_33,U,33,29.27499961853028,20.756000518798828,-82.6259994506836
6WPI_C_34,C,34,27.76000022888184,15.437999725341797,-81.9280014038086
6WPI_C_35,U,35,26.128999710083008,11.76200008392334,-78.3280029296875
6WPI_C_36,A,36,20.92099952697754,9.958999633789062,-73.39199829101562
6WPI_C_37,U,37,22.7509994506836,5.676000118255615,-70.822998046875
6WPI_C_38,G,38,19.506999969482425,12.369000434875488,-67.9739990234375
6WPI_C_39,C,39,14.706000328063965,14.267000198364258,-69.197998046875
6WPI_C_40,G,40,9.972999572753906,16.170000076293945,-71.66999816894531
6WPI_C_41,U,41,5.067999839782715,15.133999824523926,-74.96099853515625
6WPI_C_42,U,42,1.3880000114440918,11.133000373840332,-76.76899719238281
6WPI_C_43,U,43,,,
6WPI_C_44,C,44,,,
6WPI_C_45,A,45,,,
6WPI_C_46,A,46,,,
6WPI_C_47,C,47,,,
