ID,resname,resid,x_1,y_1,z_1
6XWJ_A_1,G,1,1.965999960899353,5.479000091552734,16.12299919128418
6XWJ_A_2,G,2,4.571000099182129,6.383999824523926,11.562999725341797
6XWJ_A_3,U,3,7.276999950408935,6.057000160217285,6.65399980545044
6XWJ_A_4,G,4,8.23900032043457,3.5420000553131104,2.111000061035156
6XWJ_A_5,C,5,7.138000011444092,-0.1469999998807907,-1.7860000133514404
6XWJ_A_6,C,6,3.9059998989105225,-3.378000020980835,-4.577000141143799
6XWJ_A_7,U,7,-1.00600004196167,-4.75,-6.428999900817871
6XWJ_A_8,A,8,-6.185999870300293,-3.316999912261963,-7.823999881744385
6XWJ_A_9,A,9,-9.956000328063965,0.163000002503395,-9.696000099182127
6XWJ_A_10,U,10,-11.821000099182127,5.205999851226807,-10.527999877929688
6XWJ_A_11,A,11,-7.715000152587891,8.79800033569336,-9.987000465393066
6XWJ_A_12,U,12,-4.892000198364258,13.687999725341797,-6.434999942779541
6XWJ_A_13,U,13,-8.656000137329102,9.25100040435791,-3.4800000190734863
6XWJ_A_14,U,14,-9.968000411987305,4.3379998207092285,-1.6929999589920044
6XWJ_A_15,A,15,-9.104999542236328,-0.8880000114440918,-0.8259999752044678
6XWJ_A_16,G,16,-5.551000118255615,-5.116000175476074,-0.1509999930858612
6XWJ_A_17,G,17,-0.6159999966621399,-6.934999942779541,0.640999972820282
6XWJ_A_18,C,18,4.540999889373779,-6.499000072479248,1.8480000495910645
6XWJ_A_19,A,19,8.862000465393066,-4.151000022888184,3.678999900817871
6XWJ_A_20,C,20,11.6850004196167,-0.527999997138977,7.015999794006348
6XWJ_A_21,C,21,10.720000267028809,1.1369999647140503,11.802000045776367
