ID,resname,resid,x_1,y_1,z_1
6XWW_A_1,G,1,1.9229999780654907,3.684999942779541,14.079999923706056
6XWW_A_2,G,2,4.764999866485596,0.3510000109672546,11.142000198364258
6XWW_A_3,A,3,5.5970001220703125,-3.4119999408721924,7.342000007629394
6XWW_A_4,A,4,4.429999828338623,-6.109000205993652,2.969000101089477
6XWW_A_5,A,5,1.715999960899353,-6.873000144958496,-1.628000020980835
6XWW_A_6,U,6,-1.0399999618530271,-4.97599983215332,-5.7220001220703125
6XWW_A_7,U,7,-2.6459999084472656,-1.0670000314712524,-8.940999984741211
6XWW_A_8,A,8,-1.5959999561309814,3.594000101089477,-11.852999687194824
6XWW_A_9,U,9,1.3380000591278076,7.239999771118164,-12.951000213623049
6XWW_A_10,A,10,2.08899998664856,9.588000297546388,-8.607000350952148
6XWW_A_11,U,11,5.164000034332275,13.848999977111816,-7.74399995803833
6XWW_A_12,U,12,3.813999891281128,8.826000213623047,-3.618000030517578
6XWW_A_13,A,13,-1.493000030517578,8.779999732971191,-4.376999855041504
6XWW_A_14,A,14,-5.113999843597412,4.584000110626221,-4.02899980545044
6XWW_A_15,U,15,-6.46999979019165,-0.4309999942779541,-2.4800000190734863
6XWW_A_16,U,16,-5.736000061035156,-5.043000221252441,0.1159999966621398
6XWW_A_17,U,17,-3.296999931335449,-8.036999702453613,3.7790000438690186
6XWW_A_18,C,18,-0.3959999978542328,-8.70300006866455,8.258000373840332
6XWW_A_19,C,19,1.587000012397766,-7.061999797821045,13.163000106811523
