ID,resname,resid,x_1,y_1,z_1
6XZD_IN1_1,A,1,172.8979949951172,156.1529998779297,244.72900390625
6XZD_IN1_2,G,2,176.1060028076172,159.0050048828125,241.4810028076172
6XZD_IN1_3,U,3,179.50799560546875,162.93800354003906,239.7330017089844
6XZD_IN1_4,A,4,183.8860015869141,165.8090057373047,240.33399963378903
6XZD_IN1_5,G,5,188.1739959716797,167.85800170898438,242.6660003662109
6XZD_IN1_6,A,6,191.6739959716797,169.35299682617188,245.87600708007807
6XZD_IN1_7,A,7,185.1660003662109,172.7209930419922,246.0110015869141
6XZD_IN1_8,A,8,180.9320068359375,171.99200439453125,244.3710021972656
6XZD_IN1_9,C,9,176.3509979248047,169.47300720214844,242.24400329589844
6XZD_IN1_10,A,10,172.375,166.03700256347656,243.5619964599609
6XZD_IN1_11,A,11,166.96600341796875,172.91200256347656,241.46499633789065
6XZD_IN1_12,G,12,166.2729949951172,178.1230010986328,242.71299743652344
6XZD_IN1_13,G,13,163.0679931640625,182.0800018310547,243.6289978027344
6XZD_IN1_14,G,14,158.57899475097656,184.20399475097656,245.00799560546875
6XZD_IN1_15,C,15,150.7310028076172,177.13600158691406,243.68600463867188
6XZD_IN1_16,C,16,153.21400451660156,180.0679931640625,239.7570037841797
6XZD_IN1_17,C,17,157.69500732421875,181.6499938964844,237.32699584960932
6XZD_IN1_18,U,18,163.05999755859375,180.48599243164065,234.94500732421875
6XZD_IN1_19,G,19,167.4980010986328,178.3459930419922,232.9149932861328
6XZD_IN1_20,C,20,174.99400329589844,183.09800720214844,231.97300720214844
