ID,resname,resid,x_1,y_1,z_1
6XZR_IN1_1,A,1,173.08700561523438,156.23500061035156,244.71499633789065
6XZR_IN1_2,G,2,176.2480010986328,159.13999938964844,241.468994140625
6XZR_IN1_3,U,3,179.76400756835938,162.98399353027344,239.43899536132807
6XZR_IN1_4,A,4,184.32699584960932,165.41200256347656,239.9929962158203
6XZR_IN1_5,G,5,187.94500732421875,167.6529998779297,242.43299865722656
6XZR_IN1_6,A,6,191.82899475097656,168.9250030517578,245.6080017089844
6XZR_IN1_7,A,7,185.23800659179688,172.28500366210938,245.9069976806641
6XZR_IN1_8,A,8,180.92100524902344,171.95700073242188,244.322006225586
6XZR_IN1_9,C,9,176.28700256347656,169.7689971923828,242.4129943847656
6XZR_IN1_10,A,10,172.62399291992188,166.39700317382812,243.61300659179688
6XZR_IN1_11,A,11,167.08200073242188,173.12100219726562,241.38299560546875
6XZR_IN1_12,G,12,166.28700256347656,178.2530059814453,242.8300018310547
6XZR_IN1_13,G,13,163.1929931640625,182.13800048828125,243.7910003662109
6XZR_IN1_14,G,14,158.71499633789062,184.3070068359375,245.4830017089844
6XZR_IN1_15,C,15,150.61500549316406,177.2220001220703,245.427001953125
6XZR_IN1_16,C,16,152.927001953125,180.2680053710937,240.802001953125
6XZR_IN1_17,C,17,157.3179931640625,181.4279937744141,237.6450042724609
6XZR_IN1_18,U,18,162.9010009765625,180.78399658203125,235.63999938964844
6XZR_IN1_19,G,19,167.93099975585938,178.73800659179688,233.2209930419922
