ID,resname,resid,x_1,y_1,z_1
6Y0C_IN1_1,A,1,225.7239990234375,199.5030059814453,228.31100463867188
6Y0C_IN1_2,G,2,226.822998046875,204.7550048828125,229.2910003662109
6Y0C_IN1_3,U,3,228.24400329589844,210.2740020751953,228.2030029296875
6Y0C_IN1_4,A,4,227.74899291992188,214.42999267578125,225.0399932861328
6Y0C_IN1_5,G,5,228.01300048828125,217.0989990234375,220.8520050048828
6Y0C_IN1_6,A,6,227.3070068359375,219.36099243164065,216.11900329589844
6Y0C_IN1_7,A,7,233.2910003662109,215.15899658203125,217.6320037841797
6Y0C_IN1_8,A,8,235.0449981689453,212.375,220.82400512695312
6Y0C_IN1_9,C,9,235.52999877929688,208.9579925537109,225.05099487304688
6Y0C_IN1_10,A,10,234.2310028076172,204.0169982910156,226.1230010986328
6Y0C_IN1_11,A,11,242.8309936523437,203.64599609375,228.79299926757807
6Y0C_IN1_12,G,12,247.7749938964844,204.0059967041016,226.3860015869141
6Y0C_IN1_13,G,13,252.51499938964844,202.0749969482422,225.64599609375
6Y0C_IN1_14,G,14,255.9620056152344,198.11599731445312,225.4579925537109
6Y0C_IN1_15,-,15,255.52999877929688,194.61199951171875,232.93299865722656
6Y0C_IN1_16,-,16,254.72999572753903,200.1510009765625,233.8390045166016
6Y0C_IN1_17,U,17,251.8000030517578,205.36700439453125,233.63699340820312
6Y0C_IN1_18,A,18,,,
6Y0C_IN1_19,U,19,242.1179962158203,208.00900268554688,250.968994140625
6Y0C_IN1_20,U,20,240.3370056152344,212.88900756835932,255.95399475097656
6Y0C_IN1_21,U,21,235.99200439453125,220.1300048828125,253.5540008544922
6Y0C_IN1_22,U,22,,,
6Y0C_IN1_23,U,23,,,
6Y0C_IN1_24,C,24,,,
6Y0C_IN1_25,U,25,,,
6Y0C_IN1_26,U,26,,,
6Y0C_IN1_27,U,27,,,
6Y0C_IN1_28,A,28,,,
6Y0C_IN1_29,C,29,,,
6Y0C_IN1_30,U,30,,,
6Y0C_IN1_31,A,31,,,
6Y0C_IN1_32,G,32,,,
6Y0C_IN1_33,U,33,,,
6Y0C_IN1_34,C,34,,,
6Y0C_IN1_35,U,35,,,
6Y0C_IN1_36,A,36,,,
6Y0C_IN1_37,C,37,,,
6Y0C_IN1_38,C,38,,,
6Y0C_IN1_39,C,39,,,
6Y0C_IN1_40,U,40,,,
6Y0C_IN1_41,G,41,,,
6Y0C_IN1_42,C,42,,,
6Y0C_IN1_43,U,43,,,
6Y0C_IN1_44,U,44,,,
6Y0C_IN1_45,U,45,,,
6Y0C_IN1_46,U,46,,,
6Y0C_IN1_47,G,47,,,
6Y0C_IN1_48,C,48,,,
6Y0C_IN1_49,U,49,,,
