ID,resname,resid,x_1,y_1,z_1
6Z6B_UUU_1,A,1,515.677001953125,-33.638999938964844,668.7769775390625
6Z6B_UUU_2,G,2,514.448974609375,-32.685001373291016,663.5360107421875
6Z6B_UUU_3,U,3,516.1939697265625,-31.929000854492188,658.3790283203125
6Z6B_UUU_4,A,4,519.9609985351562,-33.38399887084961,655.2050170898438
6Z6B_UUU_5,G,5,523.822021484375,-37.30099868774414,654.3309936523438
6Z6B_UUU_6,U,6,527.9359741210938,-44.13100051879883,651.280029296875
6Z6B_UUU_7,G,7,531.2999877929688,-35.108001708984375,651.2020263671875
6Z6B_UUU_8,U,8,532.8150024414062,-33.41400146484375,656.1649780273438
6Z6B_UUU_9,G,9,526.3250122070312,-28.98500061035156,656.60302734375
6Z6B_UUU_10,C,10,521.5579833984375,-26.70599937438965,658.7230224609375
