ID,resname,resid,x_1,y_1,z_1
7EXY_A_1,U,1,-1.871999979019165,-4.636000156402588,8.463000297546387
7EXY_A_2,U,2,-3.7709999084472656,0.6549999713897705,7.603000164031982
7EXY_A_3,G,3,-3.9079999923706055,4.383999824523926,4.486999988555908
7EXY_A_4,G,4,-3.4040000438690186,5.668000221252441,-0.8140000104904175
7EXY_A_5,U,5,-4.705999851226807,3.111000061035156,-5.525000095367432
7EXY_A_6,U,6,-9.843999862670898,-2.6080000400543213,-3.177999973297119
7EXY_A_7,U,7,-7.359000205993652,-1.277999997138977,-11.480999946594238
7EXY_A_8,G,8,-1.5720000267028809,-3.009999990463257,-8.432999610900879
7EXY_A_9,A,9,1.6799999475479126,-4.168000221252441,-4.616000175476074
7EXY_A_10,U,10,5.624000072479248,-10.866999626159668,-1.6299999952316284
7EXY_A_11,U,11,5.747000217437744,-3.622999906539917,0.1870000064373016
7EXY_A_12,C,12,5.09499979019165,0.8100000023841858,-5.0879998207092285
7EXY_A_13,C,13,5.0229997634887695,4.617000102996826,-1.3450000286102295
7EXY_A_14,A,14,4.349999904632568,6.34499979019165,4.3470001220703125
7EXY_A_15,A,15,4.079999923706055,4.256999969482422,8.961000442504883
7EXY_A_16,G,16,3.994999885559082,0.2290000021457672,12.319000244140623
