ID,resname,resid,x_1,y_1,z_1
7KUC_A_1,G,1,5.119999885559082,0.878000020980835,-4.164000034332275
7KUC_A_2,G,2,9.970000267028809,2.805000066757202,-2.753999948501587
7KUC_A_3,A,3,13.217000007629396,6.311999797821045,-0.1850000023841858
7KUC_A_4,G,4,14.255999565124512,10.083999633789062,3.733999967575073
7KUC_A_5,G,5,12.871999740600586,12.33199977874756,8.831000328063965
7KUC_A_6,A,6,11.17099952697754,11.657999992370604,14.246000289916992
7KUC_A_7,A,7,8.395000457763672,7.835999965667725,16.323999404907227
7KUC_A_8,G,8,9.788999557495115,1.825999975204468,15.61400032043457
7KUC_A_9,G,9,2.1600000858306885,0.609000027179718,17.993000030517578
7KUC_A_10,A,10,-0.2150000035762787,3.83899998664856,14.859999656677246
7KUC_A_11,G,11,-0.550000011920929,8.29699993133545,12.4399995803833
7KUC_A_12,C,12,1.9119999408721924,12.505000114440918,9.89799976348877
7KUC_A_13,C,13,5.313000202178955,15.340999603271484,6.526000022888184
7KUC_A_14,U,14,8.77400016784668,15.562999725341797,2.180000066757202
7KUC_A_15,C,15,10.83199977874756,13.446000099182127,-2.384000062942505
7KUC_A_16,C,16,10.553000450134276,9.79300022125244,-6.599999904632568
