ID,resname,resid,x_1,y_1,z_1
7KUD_A_1,G,1,8.072999954223633,1.2289999723434448,-6.015999794006348
7KUD_A_2,G,2,12.130999565124512,-0.6110000014305115,-2.884999990463257
7KUD_A_3,U,3,14.885000228881836,-1.0230000019073486,1.8320000171661377
7KUD_A_4,U,4,15.375,-0.5320000052452087,7.307000160217285
7KUD_A_5,U,5,12.947999954223633,-0.0640000030398368,12.13700008392334
7KUD_A_6,C,6,8.531999588012695,-0.1990000009536743,15.043999671936035
7KUD_A_7,G,7,2.9809999465942383,-0.8889999985694885,19.364999771118164
7KUD_A_8,G,8,2.375,3.9700000286102295,16.763999938964844
7KUD_A_9,G,9,4.820000171661377,8.217000007629395,14.791000366210938
7KUD_A_10,A,10,9.380000114440918,7.61299991607666,11.255999565124512
7KUD_A_11,A,11,14.00100040435791,7.486999988555908,8.053999900817871
7KUD_A_12,C,12,16.665000915527344,6.660999774932861,3.5280001163482666
7KUD_A_13,C,13,17.017000198364258,5.815999984741211,-1.8480000495910645
