ID,resname,resid,x_1,y_1,z_1
7M2T_ss_1,U,1,,,
7M2T_ss_2,U,2,,,
7M2T_ss_3,U,3,,,
7M2T_ss_4,U,4,,,
7M2T_ss_5,U,5,,,
7M2T_ss_6,U,6,,,
7M2T_ss_7,U,7,,,
7M2T_ss_8,U,8,,,
7M2T_ss_9,U,9,,,
7M2T_ss_10,U,10,,,
7M2T_ss_11,U,11,,,
7M2T_ss_12,U,12,,,
7M2T_ss_13,U,13,,,
7M2T_ss_14,U,14,,,
7M2T_ss_15,U,15,,,
7M2T_ss_16,U,16,,,
7M2T_ss_17,U,17,,,
7M2T_ss_18,U,18,,,
7M2T_ss_19,U,19,,,
7M2T_ss_20,U,20,,,
7M2T_ss_21,U,21,26.42200088500977,0.8519999980926514,-50.72700119018555
7M2T_ss_22,U,22,31.17399978637696,-1.4359999895095823,-52.28400039672852
7M2T_ss_23,U,23,35.97600173950195,-4.1579999923706055,-50.92399978637695
7M2T_ss_24,U,24,37.6619987487793,-6.571000099182129,-46.57600021362305
7M2T_ss_25,U,25,38.178001403808594,-8.395000457763672,-41.65299987792969
7M2T_ss_26,U,26,36.37200164794922,-10.012999534606934,-37.027000427246094
7M2T_ss_27,U,27,32.81399917602539,-12.932000160217283,-34.79899978637695
