ID,resname,resid,x_1,y_1,z_1
7M57_cc_1,A,1,,,
7M57_cc_2,A,2,,,
7M57_cc_3,A,3,,,
7M57_cc_4,A,4,,,
7M57_cc_5,A,5,,,
7M57_cc_6,A,6,,,
7M57_cc_7,A,7,18.288000106811523,181.7259979248047,10.765999794006348
7M57_cc_8,A,8,23.242000579833984,179.56100463867188,10.505000114440918
7M57_cc_9,A,9,27.64299964904785,177.99099731445312,7.609000205993652
7M57_cc_10,A,10,30.94700050354004,177.89199829101562,3.2039999961853027
7M57_cc_11,A,11,33.42300033569336,180.9349975585937,-1.472000002861023
7M57_cc_12,A,12,34.145999908447266,185.7330017089844,-3.941999912261963
7M57_cc_13,A,13,33.2599983215332,191.0989990234375,-3.0230000019073486
7M57_cc_14,A,14,32.125999450683594,195.447006225586,-0.1539999991655349
7M57_cc_15,A,15,31.816999435424805,197.968994140625,4.739999771118164
7M57_cc_16,A,16,32.40299987792969,200.30499267578125,10.189000129699709
7M57_ii_1,U,1,,,
7M57_ii_2,U,2,,,
7M57_ii_3,U,3,,,
7M57_ii_4,U,4,,,
7M57_ii_5,U,5,,,
7M57_ii_6,U,6,,,
7M57_ii_7,U,7,,,
7M57_ii_8,U,8,,,
7M57_ii_9,U,9,,,
7M57_ii_10,U,10,,,
7M57_ii_11,U,11,,,
7M57_ii_12,U,12,,,
7M57_ii_13,U,13,,,
7M57_ii_14,U,14,,,
7M57_ii_15,U,15,,,
7M57_ii_16,U,16,,,
7M57_ii_17,U,17,,,
7M57_ii_18,U,18,-5.514999866485596,157.3509979248047,43.012001037597656
7M57_ii_19,U,19,-3.233999967575073,155.5229949951172,47.43999862670898
7M57_ii_20,U,20,-1.3980000019073486,151.55799865722656,51.540000915527344
7M57_ii_21,U,21,0.8100000023841858,146.36199951171875,52.005001068115234
7M57_ii_22,U,22,3.7070000171661377,141.9949951171875,49.98099899291992
7M57_ii_23,U,23,7.235000133514404,139.98800659179688,45.81700134277344
7M57_ii_24,U,24,10.385000228881836,142.1230010986328,41.97100067138672
7M57_ii_25,U,25,12.663000106811523,145.83099365234375,38.915000915527344
7M57_ii_26,U,26,14.46399974822998,150.68600463867188,37.698001861572266
7M57_ii_27,U,27,16.927000045776367,155.0570068359375,39.35900115966797
