ID,resname,resid,x_1,y_1,z_1
7MSF_S_1,U,1,,,
7MSF_S_2,C,2,,,
7MSF_S_3,G,3,-80.97599792480469,48.69499969482422,29.660999298095703
7MSF_S_4,C,4,-84.04299926757812,44.665000915527344,30.32999992370605
7MSF_S_5,C,5,-86.70099639892578,39.58599853515625,33.060001373291016
7MSF_S_6,A,6,-88.75700378417969,37.547000885009766,37.007999420166016
7MSF_S_7,A,7,-91.67400360107422,33.30500030517578,40.85699844360352
7MSF_S_8,C,8,-89.52300262451172,39.922000885009766,42.51499938964844
7MSF_S_9,A,9,-84.93800354003906,43.29399871826172,48.2760009765625
7MSF_S_10,G,10,-83.77999877929688,38.5989990234375,42.86600112915039
7MSF_S_11,G,11,-81.21900177001953,37.185001373291016,37.37699890136719
7MSF_S_12,C,12,-78.45999908447266,38.542999267578125,32.6150016784668
7MSF_S_13,G,13,-75.86900329589844,41.91299819946289,29.270999908447266
7MSF_S_14,G,14,,,
