ID,resname,resid,x_1,y_1,z_1
7NK4_D_1,A,1,162.95199584960938,133.43899536132812,107.99500274658205
7NK4_D_2,G,2,157.8509979248047,132.71499633789062,109.35700225830078
7NK4_D_3,U,3,152.9290008544922,133.80299377441406,112.03299713134766
7NK4_D_4,A,4,150.71299743652344,138.40499877929688,113.0479965209961
7NK4_D_5,G,5,149.4459991455078,143.23699951171875,113.3209991455078
7NK4_D_6,A,6,149.12600708007812,149.3280029296875,116.9250030517578
7NK4_D_7,A,7,152.13499450683594,144.052001953125,120.37799835205078
7NK4_D_8,A,8,153.427001953125,139.92100524902344,120.56199645996094
7NK4_D_9,C,9,154.9969940185547,134.52699279785156,119.45099639892578
7NK4_D_10,A,10,159.24899291992188,132.3419952392578,117.4209976196289
7NK4_D_11,A,11,159.11900329589844,128.13600158691406,125.3489990234375
7NK4_D_12,G,12,159.3470001220703,129.85400390625,130.79400634765625
7NK4_D_13,G,13,161.28399658203125,129.62399291992188,135.39500427246094
7NK4_D_14,C,14,164.0030059814453,127.0749969482422,139.05799865722656
7NK4_D_15,C,15,169.02000427246094,125.0540008544922,140.0709991455078
