ID,resname,resid,x_1,y_1,z_1
7NQ4_C_1,A,1,3.233999967575073,-17.30500030517578,8.843000411987305
7NQ4_C_2,G,2,6.388000011444092,-13.095999717712402,7.909999847412109
7NQ4_C_3,C,3,8.54800033569336,-8.17199993133545,9.848999977111816
7NQ4_C_4,A,4,10.07800006866455,-5.019999980926514,14.052000045776367
7NQ4_C_5,C,5,11.284000396728516,-4.392000198364258,19.117000579833984
7NQ4_C_6,G,6,12.263999938964844,-6.436999797821045,24.0939998626709
7NQ4_C_7,G,7,13.890000343322754,-10.960000038146973,26.55299949645996
7NQ4_C_8,C,8,17.92799949645996,-15.869000434875488,26.850000381469727
7NQ4_C_9,U,9,23.035999298095703,-18.01300048828125,33.042999267578125
7NQ4_C_10,G,10,24.64699935913086,-26.768999099731445,33.98899841308594
7NQ4_C_11,U,11,17.930999755859375,-26.27899932861328,27.929000854492188
7NQ4_C_12,A,12,9.390000343322754,-27.738000869750977,29.17099952697754
7NQ4_C_13,A,13,14.21399974822998,-22.99099922180176,25.045000076293945
7NQ4_C_14,A,14,15.458000183105469,-23.89200019836425,16.017000198364258
7NQ4_C_15,C,15,12.461000442504885,-20.481000900268555,21.94700050354004
7NQ4_C_16,C,16,9.407999992370604,-16.79800033569336,24.87800025939941
7NQ4_C_17,G,17,6.834000110626221,-12.045000076293944,25.381000518798828
7NQ4_C_18,U,18,4.671999931335449,-7.440999984741211,22.677000045776367
7NQ4_C_19,G,19,2.865999937057495,-5.214000225067139,18.60199928283692
7NQ4_C_20,C,20,1.4520000219345093,-5.203999996185303,13.348999977111816
