ID,resname,resid,x_1,y_1,z_1
7ORI_H_1,A,1,160.52099609375,141.7899932861328,188.0399932861328
7ORI_H_2,C,2,158.73300170898438,143.97500610351562,183.2779998779297
7ORI_H_3,G,3,157.71099853515625,148.28500366210938,180.02499389648438
7ORI_H_4,A,4,159.87899780273438,152.9320068359375,179.0260009765625
7ORI_H_5,G,5,164.19900512695312,156.58799743652344,179.41799926757812
7ORI_H_6,U,6,171.27499389648438,159.70599365234375,177.84500122070312
7ORI_H_7,G,7,163.5229949951172,163.93499755859375,181.3789978027344
7ORI_H_8,U,8,162.44900512695312,162.56900024414062,187.55799865722656
7ORI_H_9,C,9,157.45899963378906,157.343994140625,184.552001953125
7ORI_H_10,G,10,153.6060028076172,153.15499877929688,184.3860015869141
7ORI_H_11,U,11,152.57200622558594,149.2830047607422,188.48399353027344
7ORI_H_12,A,12,,,
7ORI_H_13,C,13,,,
7ORI_H_14,C,14,,,
7ORI_H_15,A,15,,,
7ORI_H_16,A,16,,,
7ORI_H_17,G,17,,,
