ID,resname,resid,x_1,y_1,z_1
7ORJ_H_1,A,1,165.31199645996094,143.00999450683594,185.8730010986328
7ORJ_H_2,C,2,162.67300415039062,144.60899353027344,181.197998046875
7ORJ_H_3,G,3,160.31700134277344,148.39500427246094,177.74400329589844
7ORJ_H_4,A,4,161.15199279785156,153.4759979248047,176.3260040283203
7ORJ_H_5,G,5,164.70799255371094,157.64500427246094,176.22799682617188
7ORJ_H_6,U,6,170.5760040283203,162.64999389648438,174.5
7ORJ_H_7,G,7,162.03700256347656,164.98599243164062,178.04800415039062
7ORJ_H_8,U,8,161.9040069580078,163.71099853515625,184.5379943847656
7ORJ_H_9,C,9,157.6840057373047,157.60899353027344,182.23199462890625
7ORJ_H_10,G,10,155.91099548339844,152.6179962158203,182.5679931640625
7ORJ_H_11,U,11,157.6479949951172,149.64300537109375,186.13699340820312
7ORJ_H_12,A,12,149.01300048828125,147.77499389648438,188.2830047607422
7ORJ_H_13,C,13,145.22300720214844,150.94000244140625,191.5570068359375
7ORJ_H_14,C,14,142.1750030517578,151.9969940185547,196.1820068359375
7ORJ_H_15,A,15,140.697998046875,151.16099548339844,201.3509979248047
7ORJ_H_16,A,16,141.63699340820312,149.19400024414062,206.20199584960932
7ORJ_H_17,G,17,145.79299926757812,148.33599853515625,210.42300415039065
