ID,resname,resid,x_1,y_1,z_1
7ORM_H_1,A,1,164.02099609375,140.41799926757812,187.6699981689453
7ORM_H_2,C,2,161.99200439453125,142.76800537109375,183.1309967041016
7ORM_H_3,G,3,160.8769989013672,147.156005859375,179.7779998779297
7ORM_H_4,A,4,163.03399658203125,151.91200256347656,178.6300048828125
7ORM_H_5,G,5,167.3489990234375,155.42300415039062,178.83200073242188
7ORM_H_6,U,6,174.26499938964844,158.78900146484375,177.27999877929688
7ORM_H_7,G,7,166.59100341796875,162.83299255371094,181.21499633789065
7ORM_H_8,U,8,166.13800048828125,161.48800659179688,187.43099975585932
7ORM_H_9,C,9,160.8990020751953,156.5970001220703,184.66200256347656
7ORM_H_10,G,10,157.5030059814453,152.1999969482422,184.66099548339844
7ORM_H_11,U,11,158.22999572753906,148.70599365234375,188.68800354003903
7ORM_H_12,A,12,150.52999877929688,148.03700256347656,193.343002319336
7ORM_H_13,C,13,150.60899353027344,150.58599853515625,198.1269989013672
7ORM_H_14,C,14,149.88699340820312,151.95599365234375,203.8679962158203
7ORM_H_15,A,15,,,
7ORM_H_16,A,16,,,
7ORM_H_17,G,17,,,
