ID,resname,resid,x_1,y_1,z_1
7RGU_H_1,U,1,23.679000854492188,39.4630012512207,-22.364999771118164
7RGU_H_2,G,2,28.27899932861328,39.65800094604492,-20.04400062561035
7RGU_H_3,G,3,31.386999130249023,39.55899810791016,-15.369000434875488
7RGU_H_4,G,4,32.874000549316406,37.96799850463867,-10.095000267028809
7RGU_H_5,U,5,32.65999984741211,34.13999938964844,-6.386000156402588
7RGU_H_6,C,6,31.663000106811523,29.308000564575195,-3.477999925613404
7RGU_H_7,A,7,30.27899932861328,23.94599914550781,-3.7300000190734863
7RGU_H_8,A,8,29.816999435424805,19.433000564575195,-6.367000102996826
7RGU_H_9,U,9,30.952999114990234,16.06399917602539,-10.539999961853027
7RGU_H_10,C,10,34.380001068115234,15.519000053405762,-14.319000244140623
7RGU_H_11,U,11,39.20600128173828,16.41200065612793,-16.6299991607666
7RGU_H_12,U,12,43.58100128173828,15.236000061035156,-22.18000030517578
7RGU_H_13,C,13,44.93899917602539,18.74799919128418,-15.557000160217283
7RGU_H_14,G,14,45.104000091552734,23.371000289916992,-20.3799991607666
7RGU_H_15,G,15,40.03400039672852,23.08300018310547,-18.44300079345703
7RGU_H_16,A,16,35.02299880981445,21.71199989318848,-18.893999099731445
7RGU_H_17,U,17,29.816999435424805,20.982999801635746,-17.069000244140625
7RGU_H_18,U,18,25.701000213623047,21.62299919128418,-13.401000022888184
7RGU_H_19,G,19,24.01700019836425,24.465999603271484,-9.3149995803833
7RGU_H_20,G,20,24.0,28.41900062561035,-5.15500020980835
7RGU_H_21,C,21,24.959999084472656,33.590999603271484,-4.336999893188477
7RGU_H_22,C,22,26.14999961853028,39.07400131225586,-6.11299991607666
7RGU_H_23,C,23,26.60700035095215,42.82099914550781,-10.03499984741211
7RGU_H_24,U,24,25.232999801635746,43.97700119018555,-14.927000045776367
7RGU_H_25,U,25,22.1879997253418,43.92499923706055,-19.79800033569336
7RGU_H_26,U,26,16.430999755859375,48.42499923706055,-25.343000411987305
7RGU_H_27,C,27,12.04699993133545,45.805999755859375,-24.81100082397461
7RGU_H_28,U,28,12.295000076293944,43.9739990234375,-16.264999389648438
