ID,resname,resid,x_1,y_1,z_1
7RQ5_A_1,A,1,-12.803000450134276,0.4939999878406524,42.42699813842773
7RQ5_A_2,U,2,-13.678000450134276,4.553999900817871,38.2760009765625
7RQ5_A_3,C,3,-11.819000244140623,8.46500015258789,34.75400161743164
7RQ5_A_4,C,4,-7.72599983215332,11.255999565124512,32.20199966430664
7RQ5_A_5,A,5,-2.2679998874664307,12.114999771118164,30.21699905395508
7RQ5_A_6,G,6,0.8389999866485596,7.247000217437744,25.17399978637696
7RQ5_A_7,A,7,-3.788000106811523,3.947999954223633,23.722999572753903
7RQ5_A_8,A,8,-9.27299976348877,0.025000000372529,18.961000442504883
7RQ5_A_9,A,9,-9.232999801635742,-2.8299999237060547,23.84600067138672
7RQ5_A_10,C,10,-6.309000015258789,-3.983999967575073,28.299999237060547
7RQ5_A_11,G,11,-2.1679999828338623,-3.984999895095825,32.17300033569336
7RQ5_A_12,G,12,2.243000030517578,-1.850000023841858,35.34299850463867
7RQ5_A_13,A,13,5.25600004196167,2.6480000019073486,37.0989990234375
7RQ5_A_14,U,14,4.650000095367432,8.095999717712402,37.43899917602539
7RQ5_A_15,G,15,1.4220000505447388,12.595999717712402,37.54100036621094
7RQ5_A_16,G,16,-3.8529999256134033,14.826000213623049,38.12900161743164
7RQ5_A_17,A,17,-9.085000038146973,14.121000289916992,39.499000549316406
7RQ5_A_18,U,18,-13.272000312805176,11.128999710083008,41.64500045776367
7RQ5_A_19,A,19,-15.777999877929688,7.007999897003174,44.92900085449219
