ID,resname,resid,x_1,y_1,z_1
7UME_A_1,G,1,-18.506000518798828,-0.8529999852180481,2.747999906539917
7UME_A_2,G,2,-17.559999465942383,0.9729999899864196,-2.453000068664551
7UME_A_3,C,3,-18.749000549316406,4.076000213623047,-6.734000205993652
7UME_A_4,C,4,-21.39200019836425,8.223999977111816,-9.154999732971191
7UME_A_5,G,5,-24.211000442504883,12.88599967956543,-9.116000175476074
7UME_A_6,A,6,-26.22800064086914,17.424999237060547,-6.8979997634887695
7UME_A_7,C,7,-26.32699966430664,21.44499969482422,-3.253999948501587
7UME_A_8,A,8,-23.958999633789062,24.393999099731445,0.6129999756813049
7UME_A_9,A,9,-19.78199958801269,25.95499992370605,3.641999959945679
7UME_A_10,G,10,-14.41100025177002,26.527000427246094,4.610000133514404
7UME_A_11,A,11,-9.23799991607666,26.982999801635746,2.888999938964844
7UME_A_12,A,12,-5.718999862670898,28.38400077819824,-1.0989999771118164
7UME_A_13,C,13,-3.66100001335144,34.20500183105469,-5.081999778747559
7UME_A_14,A,14,-8.564000129699707,34.81800079345703,-7.495999813079834
7UME_A_15,G,15,-13.215999603271484,33.108001708984375,-5.269999980926514
7UME_A_16,U,16,-14.678999900817873,30.31999969482422,-11.027000427246094
7UME_A_17,U,17,-12.223999977111816,25.41200065612793,-11.093999862670898
7UME_A_18,U,18,-9.539999961853027,21.458999633789062,-8.135000228881836
7UME_A_19,C,19,-8.637999534606934,18.886999130249023,-3.01200008392334
7UME_A_20,G,20,-10.524999618530272,17.663000106811523,2.2679998874664307
7UME_A_21,A,21,-15.11299991607666,17.613000869750977,5.723999977111816
7UME_A_22,A,22,-20.68400001525879,17.650999069213867,6.065000057220459
7UME_A_23,U,23,-25.81100082397461,16.822999954223633,3.882999897003174
7UME_A_24,C,24,-29.065000534057617,14.751999855041504,0.1140000000596046
7UME_A_25,G,25,-30.05500030517578,11.43299961090088,-4.110000133514404
7UME_A_26,G,26,-28.80500030517578,7.228000164031982,-7.283999919891357
7UME_A_27,C,27,-26.28300094604492,2.595000028610229,-8.4350004196167
7UME_A_28,C,28,-23.558000564575195,-1.932000041007996,-7.048999786376953
