ID,resname,resid,x_1,y_1,z_1
7ZAP_B_1,G,1,-23.958999633789062,7.625,27.768999099731445
7ZAP_B_2,G,2,-21.429000854492188,10.416999816894531,23.57699966430664
7ZAP_B_3,G,3,-19.815000534057617,11.027999877929688,18.263999938964844
7ZAP_B_4,A,4,-20.12299919128418,9.767000198364258,12.437000274658203
7ZAP_B_5,U,5,-23.76000022888184,8.40999984741211,7.708000183105469
7ZAP_B_6,U,6,-28.628999710083008,8.706000328063965,4.960999965667725
7ZAP_B_7,U,7,-34.3120002746582,10.14900016784668,5.494999885559082
7ZAP_B_8,C,8,-38.68899917602539,13.180999755859377,6.942999839782715
7ZAP_B_9,C,9,-41.79199981689453,17.232999801635742,9.02400016784668
7ZAP_B_10,C,10,-43.65700149536133,22.395000457763672,10.883000373840332
7ZAP_B_11,C,11,-45.16400146484375,27.78899955749512,6.639999866485596
7ZAP_B_12,A,12,-44.63600158691406,27.80599975585937,0.9179999828338624
7ZAP_B_13,A,13,-43.553001403808594,22.80599975585937,-2.130000114440918
7ZAP_B_14,A,14,-37.27199935913086,22.863000869750977,-5.803999900817871
7ZAP_B_15,U,15,-31.56999969482422,28.01300048828125,-4.473999977111816
7ZAP_B_16,G,16,-26.61599922180176,30.41699981689453,-1.093999981880188
7ZAP_B_17,U,17,-28.1200008392334,27.698999404907227,5.177000045776367
7ZAP_B_18,G,18,-34.03300094604492,27.1299991607666,11.656999588012695
7ZAP_B_19,G,19,-35.37699890136719,23.667999267578125,14.916999816894531
7ZAP_B_20,G,20,-37.25199890136719,18.981000900268555,15.871000289916992
7ZAP_B_21,A,21,-38.180999755859375,13.980999946594238,14.661999702453612
7ZAP_B_22,A,22,-37.54899978637695,8.670999526977539,12.057000160217283
7ZAP_B_23,A,23,-34.32500076293945,4.415999889373779,10.246000289916992
7ZAP_B_24,C,24,-29.59499931335449,1.60099995136261,9.324000358581545
7ZAP_B_25,U,25,-24.55900001525879,0.8529999852180481,9.840999603271484
7ZAP_B_26,C,26,-19.94700050354004,2.259999990463257,12.135000228881836
7ZAP_B_27,C,27,-16.773000717163086,4.38100004196167,16.05299949645996
7ZAP_B_28,C,28,-15.614999771118164,5.919000148773193,21.28300094604492
