ID,resname,resid,x_1,y_1,z_1
8BWT_A_1,G,1,5.328999996185303,4.23799991607666,2.553999900817871
8BWT_A_2,G,2,5.821000099182129,2.8310000896453857,7.783999919891357
8BWT_A_3,C,3,3.946000099182129,3.96399998664856,13.072999954223633
8BWT_A_4,G,4,0.1739999949932098,6.190000057220459,16.274999618530273
8BWT_A_5,U,5,-5.623000144958496,7.150000095367432,16.488000869750977
8BWT_A_6,U,6,-9.604000091552734,6.9679999351501465,13.064000129699709
8BWT_A_7,U,7,-13.41800022125244,3.7829999923706055,8.274999618530273
8BWT_A_8,U,8,-14.048999786376951,-1.756999969482422,7.439000129699707
8BWT_A_9,C,9,-13.675999641418455,-7.085999965667725,7.458000183105469
8BWT_A_10,G,10,-11.6850004196167,-11.449000358581545,10.163000106811523
8BWT_A_11,C,11,-9.621999740600586,-13.020999908447266,15.13700008392334
8BWT_A_12,U,12,-9.119999885559082,-9.585000038146973,20.22800064086914
8BWT_A_13,U,13,-7.380000114440918,-8.942000389099121,26.819000244140625
8BWT_A_14,C,14,-10.145000457763672,-3.3239998817443848,22.347999572753903
8BWT_A_15,G,15,-3.703999996185303,-2.815000057220459,23.08699989318848
8BWT_A_16,G,16,-2.782999992370605,-6.227000236511231,18.638999938964844
8BWT_A_17,C,17,-2.069000005722046,-9.092000007629396,14.26200008392334
8BWT_A_18,G,18,-3.138000011444092,-8.744000434875488,8.23900032043457
8BWT_A_19,U,19,-6.135000228881836,-4.880000114440918,6.000999927520752
8BWT_A_20,U,20,-7.629000186920166,-0.4880000054836273,3.740999937057495
8BWT_A_21,U,21,-10.109000205993652,5.671000003814697,4.590000152587891
8BWT_A_22,A,22,-8.722999572753906,10.385000228881836,7.145999908447266
8BWT_A_23,C,23,-5.561999797821045,13.458000183105469,10.63700008392334
8BWT_A_24,G,24,-0.6769999861717224,13.788000106811523,12.965999603271484
8BWT_A_25,C,25,4.875999927520752,12.119000434875488,13.081000328063965
8BWT_A_26,C,26,9.862000465393066,11.699000358581545,8.64799976348877
