ID,resname,resid,x_1,y_1,z_1
8CI5_C_1,U,1,,,
8CI5_C_2,A,2,124.83300018310548,152.83999633789062,131.1739959716797
8CI5_C_3,G,3,129.7790069580078,152.7740020751953,134.35299682617188
8CI5_C_4,U,4,132.51600646972656,154.53599548339844,138.66000366210938
8CI5_C_5,A,5,130.57000732421875,156.04400634765625,143.41299438476562
8CI5_C_6,G,6,127.35299682617188,156.3260040283203,147.8509979248047
8CI5_C_7,U,7,123.01699829101562,154.4739990234375,153.16700744628906
8CI5_C_8,A,8,125.98400115966795,162.86000061035156,151.72300720214844
8CI5_C_9,G,9,122.447998046875,165.29299926757812,146.6649932861328
8CI5_C_10,A,10,128.86500549316406,163.75900268554688,142.27999877929688
8CI5_C_11,C,11,131.2740020751953,163.06100463867188,137.5330047607422
8CI5_C_12,U,12,131.75399780273438,161.52699279785156,132.1750030517578
8CI5_C_13,C,13,,,
8CI5_C_14,C,14,,,
8CI5_C_15,G,15,,,
8CI5_C_16,A,16,,,
8CI5_C_17,G,17,,,
8CI5_C_18,A,18,,,
