ID,resname,resid,x_1,y_1,z_1
8CLR_A_1,G,1,47.06999969482422,55.40999984741211,21.61000061035156
8CLR_A_2,G,2,41.84999847412109,53.38999938964844,22.14999961853028
8CLR_A_3,C,3,38.060001373291016,48.970001220703125,22.31999969482422
8CLR_A_4,A,4,35.58000183105469,43.970001220703125,22.56999969482422
8CLR_A_5,G,5,36.38999938964844,39.220001220703125,23.43000030517578
8CLR_A_6,C,6,39.34000015258789,35.02000045776367,25.61000061035156
8CLR_A_7,U,7,44.0099983215332,32.349998474121094,24.93000030517578
8CLR_A_8,U,8,45.790000915527344,36.4900016784668,29.209999084472656
8CLR_A_9,G,9,49.2599983215332,38.58000183105469,25.989999771118164
8CLR_A_10,C,10,46.75,37.0,22.15999984741211
8CLR_A_11,U,11,43.380001068115234,37.970001220703125,17.780000686645508
8CLR_A_12,G,12,40.20000076293945,41.56999969482422,15.020000457763672
8CLR_A_13,C,13,39.290000915527344,46.66999816894531,13.890000343322754
8CLR_A_14,C,14,39.93000030517578,52.27000045776367,13.960000038146973
