ID,resname,resid,x_1,y_1,z_1
8D49_B_1,A,1,167.21400451660156,159.5050048828125,118.65699768066406
8D49_B_2,U,2,162.24600219726562,159.27099609375,123.60900115966795
8D49_B_3,U,3,158.20399475097656,163.23399353027344,129.24000549316406
8D49_B_4,U,4,159.8820037841797,158.16600036621094,130.86399841308594
8D49_B_5,C,5,160.21200561523438,152.6959991455078,130.21600341796875
8D49_B_6,U,6,161.177001953125,148.52499389648438,126.76799774169922
8D49_B_7,A,7,162.58599853515625,146.7030029296875,121.69300079345705
8D49_B_8,C,8,164.531005859375,149.1929931640625,117.78199768066406
8D49_B_9,U,9,165.6909942626953,151.90899658203125,113.04299926757812
8D49_B_10,A,10,169.20599365234375,155.927001953125,111.26699829101562
8D49_B_11,U,11,163.1840057373047,157.06399536132812,108.68000030517578
8D49_B_12,U,12,164.42100524902344,165.64599609375,110.93699645996094
8D49_B_13,G,13,162.7310028076172,158.99899291992188,113.84400177001952
8D49_B_14,U,14,159.28799438476562,153.8820037841797,114.41799926757812
8D49_B_15,A,15,155.98800659179688,150.47799682617188,117.56800079345705
8D49_B_16,G,16,153.572998046875,149.26199340820312,121.98500061035156
8D49_B_17,A,17,153.08099365234375,150.91900634765625,127.30999755859376
8D49_B_18,U,18,152.71499633789062,155.2030029296875,130.5030059814453
8D49_B_19,C,19,150.0229949951172,158.14999389648438,138.27499389648438
8D49_B_20,U,20,141.59300231933594,169.26100158691406,167.9080047607422
8D49_B_21,U,21,143.26100158691406,167.61300659179688,172.7790069580078
8D49_B_22,U,22,143.42599487304688,163.5800018310547,176.78700256347656
8D49_B_23,U,23,148.18899536132812,160.72300720214844,182.4149932861328
8D49_B_24,U,24,149.4499969482422,156.50900268554688,184.9550018310547
8D49_B_25,U,25,148.11199951171875,151.63099670410156,184.16200256347656
8D49_B_26,U,26,148.10800170898438,145.20599365234375,181.1909942626953
