ID,resname,resid,x_1,y_1,z_1
8DK7_C_1,G,1,24.850000381469727,76.5719985961914,60.5890007019043
8DK7_C_2,G,2,25.56399917602539,77.33300018310547,54.44300079345703
8DK7_C_3,C,3,26.290000915527344,74.31900024414062,49.22999954223633
8DK7_C_4,G,4,27.05299949645996,69.08300018310547,46.6510009765625
8DK7_C_5,A,5,27.79199981689453,64.04000091552734,46.62099838256836
8DK7_C_6,U,6,28.20199966430664,59.14400100708008,49.18399810791016
8DK7_C_7,A,7,22.701000213623047,54.17100143432617,50.59299850463867
8DK7_C_8,C,8,26.643999099731445,50.95399856567383,55.637001037597656
8DK7_C_9,C,9,22.94700050354004,49.14599990844727,59.07699966430664
8DK7_C_10,A,10,17.614999771118164,49.97700119018555,59.83300018310547
8DK7_C_11,G,11,12.96399974822998,51.61000061035156,57.62200164794922
8DK7_C_12,C,12,9.95699977874756,51.650001525878906,53.16400146484375
8DK7_C_13,G,13,7.960999965667725,50.08599853515625,47.762001037597656
8DK7_C_14,A,14,2.4739999771118164,43.915000915527344,48.15999984741211
8DK7_C_15,A,15,9.640999794006348,43.16600036621094,48.4119987487793
8DK7_C_16,A,16,14.8100004196167,38.67499923706055,54.06600189208984
8DK7_C_17,C,17,18.165000915527344,37.948001861572266,48.180999755859375
8DK7_C_18,A,18,17.923999786376953,40.81399917602539,43.52099990844727
8DK7_C_19,C,19,15.458000183105469,45.6150016784668,41.91600036621094
8DK7_C_20,G,20,13.784000396728516,50.55199813842773,43.53099822998047
8DK7_C_21,C,21,13.043999671936035,54.56700134277344,47.07600021362305
8DK7_C_22,C,22,14.53600025177002,57.58200073242188,51.37200164794922
8DK7_C_23,C,23,20.951000213623047,61.56999969482422,52.448001861572266
8DK7_C_24,U,24,22.58799934387207,63.553001403808594,57.52099990844727
8DK7_C_25,U,25,20.12299919128418,61.20700073242188,58.78200149536133
8DK7_C_26,G,26,15.861000061035156,56.65299987792969,60.72100067138672
8DK7_C_27,G,27,21.920000076293945,55.85200119018555,63.667999267578125
8DK7_C_28,C,28,23.812000274658203,61.79999923706055,68.84500122070312
8DK7_C_29,A,29,28.63500022888184,57.672000885009766,60.59299850463867
8DK7_C_30,G,30,32.40399932861328,59.64400100708008,57.71699905395508
8DK7_C_31,C,31,34.81700134277344,62.12699890136719,53.14599990844727
8DK7_C_32,G,32,34.48899841308594,67.29100036621094,49.698001861572266
8DK7_C_33,U,33,33.345001220703125,72.73500061035156,49.630001068115234
8DK7_C_34,C,34,32.22100067138672,78.09500122070312,52.07400131225586
