ID,resname,resid,x_1,y_1,z_1
8DVS_B_1,G,1,111.62200164794922,88.21399688720703,93.3740005493164
8DVS_B_2,G,2,112.98600006103516,91.98899841308594,96.8949966430664
8DVS_B_3,A,3,112.93000030517578,96.87000274658205,99.31600189208984
8DVS_B_4,U,4,110.4469985961914,101.50499725341795,100.79000091552734
8DVS_B_5,C,5,106.42400360107422,105.15399932861328,101.79100036621094
8DVS_B_6,G,6,101.28299713134766,106.66699981689452,102.8939971923828
8DVS_B_7,A,7,96.15299987792967,105.64299774169922,104.5709991455078
8DVS_B_8,U,8,92.6719970703125,102.38600158691406,107.22000122070312
8DVS_B_9,C,9,91.5790023803711,98.33499908447266,110.45500183105467
8DVS_B_10,G,10,92.65699768066406,94.3249969482422,114.4250030517578
8DVS_B_11,A,11,95.41400146484376,91.93399810791016,118.61499786376952
8DVS_B_12,U,12,98.72699737548828,92.47100067138672,122.79100036621094
8DVS_B_13,C,13,100.98500061035156,95.58000183105467,126.54399871826172
8DVS_B_14,G,14,101.13999938964844,105.9980010986328,124.10700225830078
8DVS_B_15,A,15,104.34600067138672,101.56300354003906,122.26799774169922
8DVS_B_16,U,16,105.19499969482422,96.58599853515624,119.51699829101562
8DVS_B_17,C,17,103.28399658203124,93.4520034790039,115.66699981689452
8DVS_B_18,G,18,99.58699798583984,91.64700317382812,112.11699676513672
8DVS_B_19,A,19,96.05799865722656,92.48200225830078,107.92400360107422
8DVS_B_20,U,20,93.90899658203124,95.34600067138672,103.55599975585938
8DVS_B_21,C,21,94.46299743652344,99.14199829101562,99.75499725341795
8DVS_B_22,G,22,97.1999969482422,102.7519989013672,96.91899871826172
8DVS_B_23,A,23,101.83300018310548,104.4000015258789,95.13099670410156
8DVS_B_24,U,24,107.40299987792967,104.31300354003906,94.31199645996094
8DVS_B_25,C,25,112.05599975585938,101.9290008544922,93.24400329589844
8DVS_B_26,C,26,115.71499633789062,97.99299621582033,92.26100158691406
