ID,resname,resid,x_1,y_1,z_1
8E29_B_1,U,1,97.22899627685548,107.19499969482422,119.93900299072266
8E29_B_2,C,2,97.90699768066406,108.6750030517578,124.927001953125
8E29_B_3,G,3,97.61000061035156,111.78700256347656,130.13499450683594
8E29_B_4,G,4,97.48899841308594,110.32599639892578,135.58399963378906
8E29_B_5,C,5,98.23300170898438,106.55599975585938,139.6269989013672
8E29_B_6,G,6,99.625,101.68199920654295,141.7530059814453
8E29_B_7,C,7,102.7239990234375,97.00700378417967,141.2689971923828
8E29_B_8,C,8,106.55999755859376,93.625,139.1959991455078
8E29_B_9,U,9,111.14900207519533,92.3239974975586,136.13900756835938
8E29_B_10,U,10,116.20800018310548,95.10800170898438,134.3800048828125
8E29_B_11,U,11,122.95700073242188,94.79299926757812,132.45399475097656
8E29_B_12,C,12,119.4520034790039,101.64700317382812,132.86599731445312
8E29_B_13,G,13,118.85900115966795,100.64099884033205,126.6230010986328
8E29_B_14,A,14,113.58200073242188,99.90599822998048,129.01699829101562
8E29_B_15,G,15,109.50399780273438,96.19300079345705,129.1529998779297
8E29_B_16,G,16,104.99199676513672,93.77400207519533,131.40199279785156
8E29_B_17,C,17,99.98500061035156,93.61900329589844,134.68099975585938
8E29_B_18,G,18,95.99700164794922,96.41000366210938,136.625
8E29_B_19,C,19,92.36900329589844,101.28500366210938,137.9429931640625
8E29_B_20,C,20,90.36499786376952,105.93499755859376,136.14100646972656
8E29_B_21,G,21,90.13700103759766,109.81900024414062,132.08799743652344
8E29_B_22,U,22,90.26799774169922,110.31900024414062,127.03099822998048
8E29_B_23,U,23,89.14800262451172,109.40299987792967,121.53299713134766
8E29_B_24,U,24,85.57599639892578,103.9250030517578,116.45800018310548
8E29_B_25,U,25,89.09600067138672,102.02300262451172,111.46900177001952
8E29_B_26,U,26,89.4469985961914,103.3740005493164,106.08799743652344
8E29_B_27,U,27,95.3270034790039,107.1259994506836,101.47599792480467
8E29_B_28,U,28,92.96099853515624,106.23799896240234,96.1709976196289
8E29_B_29,U,29,93.23799896240234,106.74700164794922,90.62999725341795
8E29_B_30,U,30,97.09400177001952,107.322998046875,85.81600189208984
8E29_B_31,U,31,101.51599884033205,106.41999816894533,83.22200012207031
8E29_B_32,U,32,106.64600372314452,104.5780029296875,82.93599700927734
8E29_B_33,U,33,110.0780029296875,101.63800048828124,86.10199737548828
