ID,resname,resid,x_1,y_1,z_1
8EXY_R_1,U,1,,,
8EXY_R_2,C,2,211.98800659179688,183.384994506836,172.9499969482422
8EXY_R_3,C,3,211.7669982910156,188.7100067138672,170.6439971923828
8EXY_R_4,G,4,213.8179931640625,193.5959930419922,170.04200744628906
8EXY_R_5,A,5,217.7729949951172,197.41700744628903,170.3350067138672
8EXY_R_6,A,6,223.3099975585937,198.22900390625,170.4980010986328
8EXY_R_7,G,7,228.552001953125,196.9239959716797,169.98699951171875
8EXY_R_8,C,8,233.0180053710937,193.1230010986328,168.8489990234375
8EXY_R_9,U,9,232.7449951171875,190.0070037841797,165.0760040283203
8EXY_R_10,U,10,238.08399963378903,185.76600646972656,162.9149932861328
8EXY_R_11,C,11,231.66700744628903,184.738998413086,160.48800659179688
8EXY_R_12,G,12,231.63999938964844,179.52000427246094,164.54299926757812
8EXY_R_13,G,13,229.7169952392578,183.05099487304688,167.19900512695312
8EXY_R_14,C,14,230.7079925537109,186.6100006103516,171.86199951171875
8EXY_R_15,U,15,229.06700134277344,190.79200744628903,175.04299926757812
8EXY_R_16,U,16,225.5200042724609,194.9750061035156,177.13900756835938
8EXY_R_17,C,17,220.42300415039065,196.468002319336,177.89199829101562
8EXY_R_18,G,18,215.16099548339844,195.93800354003903,177.56900024414062
8EXY_R_19,G,19,210.35299682617188,192.7059936523437,177.92999267578125
8EXY_R_20,C,20,204.5390014648437,188.92599487304688,179.97799682617188
8EXY_R_21,A,21,199.197006225586,186.29600524902344,179.69700622558594
8EXY_R_22,G,22,194.2270050048828,184.56500244140625,186.18299865722656
8EXY_R_23,G,23,188.5529937744141,183.89599609375,187.82699584960932
8EXY_R_24,A,24,182.9980010986328,185.009994506836,187.7769927978516
8EXY_R_25,G,25,178.58900451660156,186.4530029296875,185.17599487304688
8EXY_R_26,A,26,175.55299377441406,187.6179962158203,180.5989990234375
8EXY_R_27,G,27,174.3070068359375,187.0500030517578,175.38999938964844
8EXY_R_28,G,28,174.9949951171875,184.32400512695312,170.6999969482422
8EXY_R_29,U,29,176.33200073242188,180.5809936523437,166.01800537109375
8EXY_R_30,A,30,176.50799560546875,175.20199584960938,164.13699340820312
