ID,resname,resid,x_1,y_1,z_1
8H69_5_1,A,1,113.02200317382812,112.4000015258789,160.02999877929688
8H69_5_2,G,2,116.3499984741211,114.24700164794922,156.58900451660156
8H69_5_3,U,3,119.08499908447266,117.73999786376952,153.66600036621094
8H69_5_4,A,4,120.78099822998048,122.3740005493164,154.95399475097656
8H69_5_5,G,5,122.6780014038086,127.17400360107422,157.04600524902344
8H69_5_6,A,6,121.3270034790039,133.3979949951172,158.49099731445312
8H69_5_7,A,7,116.45500183105467,130.6179962158203,154.33999633789062
8H69_5_8,A,8,115.38200378417967,127.01799774169922,152.02999877929688
8H69_5_9,C,9,113.64800262451172,122.0989990234375,150.0659942626953
8H69_5_10,A,10,110.77799987792967,118.2760009765625,151.98300170898438
8H69_5_11,A,11,106.64299774169922,118.73400115966795,144.14199829101562
8H69_5_12,G,12,104.6269989013672,122.97699737548828,142.14100646972656
8H69_5_13,G,13,100.4459991455078,123.625,138.9669952392578
8H69_5_14,A,14,95.21600341796876,122.4219970703125,136.39100646972656
8H69_5_15,G,15,90.4459991455078,118.88800048828124,136.66299438476562
8H69_5_16,U,16,86.5790023803711,115.8499984741211,138.68699645996094
8H69_5_17,U,17,83.75800323486328,113.27200317382812,142.12399291992188
8H69_5_18,U,18,81.49500274658203,111.59400177001952,147.76199340820312
8H69_5_19,U,19,79.00900268554688,113.66999816894533,155.96200561523438
