ID,resname,resid,x_1,y_1,z_1
8J72_C_1,A,1,,,
8J72_C_2,G,2,16.795000076293945,22.03300094604492,23.190000534057617
8J72_C_3,G,3,13.338000297546388,18.309999465942383,24.73600006103516
8J72_C_4,C,4,9.125,18.660999298095703,28.073999404907227
8J72_C_5,A,5,1.1920000314712524,16.347999572753906,28.597000122070312
8J72_C_6,A,6,3.901999950408936,24.46500015258789,29.85199928283692
8J72_C_7,A,7,7.297999858856201,23.045000076293945,33.5880012512207
8J72_C_8,G,8,12.571000099182127,26.777000427246094,34.314998626708984
8J72_C_9,C,9,14.630999565124512,22.655000686645508,35.75199890136719
8J72_C_10,C,10,19.1299991607666,19.56599998474121,33.349998474121094
8J72_C_11,A,11,,,
