ID,resname,resid,x_1,y_1,z_1
8JHP_A_1,A,1,5.271999835968018,14.184000015258787,11.041999816894531
8JHP_A_2,C,2,5.076000213623047,9.486000061035156,10.178000450134276
8JHP_A_3,U,3,2.476999998092652,5.269999980926514,9.333000183105469
8JHP_A_4,C,4,-1.0889999866485596,0.2649999856948852,9.236000061035156
8JHP_A_5,G,5,-4.0329999923706055,-1.3229999542236328,5.3979997634887695
8JHP_A_6,A,6,-9.232000350952148,-4.0960001945495605,1.1749999523162842
8JHP_A_7,A,7,-10.45699977874756,-4.152999877929688,-3.9170000553131104
8JHP_A_8,A,8,-8.706000328063965,-2.617000102996826,-8.128000259399414
8JHP_A_9,G,9,-4.852000236511231,0.5550000071525574,-10.383000373840332
8JHP_A_10,A,10,0.5460000038146973,1.8639999628067017,-11.17099952697754
8JHP_A_11,A,11,5.915999889373779,0.7620000243186951,-10.97599983215332
8JHP_A_12,C,12,8.689000129699707,-3.750999927520752,-10.822999954223633
8JHP_A_13,A,13,7.40500020980835,-8.718999862670898,-11.642000198364258
8JHP_A_14,U,14,5.491000175476074,-13.449000358581545,-9.803000450134276
8JHP_A_15,G,15,5.51800012588501,-10.71500015258789,-4.01200008392334
8JHP_A_16,U,16,4.881999969482422,-7.465000152587891,1.2580000162124634
8JHP_A_17,U,17,11.081000328063965,-11.04599952697754,5.085000038146973
8JHP_A_18,U,18,9.593000411987305,-5.184000015258789,-2.61899995803833
8JHP_A_19,U,19,6.98799991607666,-0.4749999940395355,-3.132999897003174
8JHP_A_20,C,20,3.177000045776367,3.86299991607666,-4.037000179290772
8JHP_A_21,C,21,-1.6390000581741333,6.603000164031982,-4.02400016784668
8JHP_A_22,A,22,-6.0970001220703125,6.066999912261963,-0.9580000042915344
8JHP_A_23,A,23,-11.3149995803833,2.816999912261963,1.378000020980835
8JHP_A_24,G,24,-11.071000099182127,3.072000026702881,6.53000020980835
8JHP_A_25,A,25,-7.464000225067139,3.786999940872192,10.644000053405762
8JHP_A_26,G,26,-3.233999967575073,3.7699999809265137,14.45300006866455
8JHP_A_27,U,27,0.5220000147819519,6.866000175476074,16.55500030517578
