ID,resname,resid,x_1,y_1,z_1
8K8B_A_1,G,1,11.18000030517578,6.320000171661377,11.58899974822998
8K8B_A_2,G,2,6.727000236511231,7.230999946594238,9.534000396728516
8K8B_A_3,A,3,1.8009999990463257,8.003000259399414,5.820000171661377
8K8B_A_4,U,4,-1.4420000314712524,7.107999801635742,1.2519999742507937
8K8B_A_5,C,5,-3.63100004196167,4.821000099182129,-3.236999988555908
8K8B_A_6,C,6,-5.051000118255615,0.6980000138282776,-6.955999851226807
8K8B_A_7,U,7,-5.771999835968018,-3.921000003814697,-8.390999794006348
8K8B_A_8,U,8,-7.631999969482422,-7.561999797821045,-5.995999813079834
8K8B_A_9,U,9,-11.404000282287598,-14.677000045776367,-3.828999996185303
8K8B_A_10,C,10,-12.576000213623049,-9.302000045776367,1.3769999742507937
8K8B_A_11,G,11,-6.114999771118164,-10.80799961090088,2.8929998874664307
8K8B_A_12,A,12,-1.4249999523162842,-6.431000232696533,5.111999988555908
8K8B_A_13,G,13,-0.3700000047683716,-10.220999717712402,-1.899999976158142
8K8B_A_14,G,14,2.7850000858306885,-6.248000144958496,-4.140999794006348
8K8B_A_15,G,15,4.763999938964844,-1.5740000009536743,-5.636000156402588
8K8B_A_16,A,16,5.291999816894531,3.83899998664856,-6.166999816894531
8K8B_A_17,U,17,6.935999870300293,9.345999717712402,-3.3480000495910645
8K8B_A_18,C,18,8.378000259399414,12.678999900817873,0.4199999868869781
8K8B_A_19,C,19,8.907999992370605,14.70699977874756,5.067999839782715
