ID,resname,resid,x_1,y_1,z_1
8KI7_E_1,A,1,106.08100128173828,136.1790008544922,142.6999969482422
8KI7_E_2,G,2,107.47200012207033,133.28399658203125,138.62100219726562
8KI7_E_3,A,3,110.11000061035156,132.09300231933594,132.64100646972656
8KI7_E_4,G,4,114.25599670410156,134.8249969482422,130.0659942626953
8KI7_E_5,C,5,118.28700256347656,138.218994140625,129.52999877929688
8KI7_E_6,A,6,117.1240005493164,142.23399353027344,123.4020004272461
8KI7_E_7,A,7,114.52200317382812,147.01199340820312,127.3209991455078
8KI7_E_8,U,8,109.94000244140624,140.20199584960938,126.60299682617188
8KI7_E_9,C,9,105.0199966430664,136.54299926757812,128.7169952392578
8KI7_E_10,A,10,101.95800018310548,137.81300354003906,133.20899963378906
