ID,resname,resid,x_1,y_1,z_1
8OPP_D_1,U,1,114.48699951171876,133.91700744628906,140.9759979248047
8OPP_D_2,G,2,121.00599670410156,131.55999755859375,137.4239959716797
8OPP_D_3,A,3,125.43599700927734,129.9600067138672,133.83299255371094
8OPP_D_4,G,4,126.04299926757812,128.66799926757812,128.0260009765625
8OPP_D_5,G,5,124.21700286865234,128.53900146484375,122.3219985961914
8OPP_D_6,U,6,120.18099975585938,131.6199951171875,118.94000244140624
8OPP_D_7,A,7,117.14299774169922,136.5800018310547,115.86499786376952
8OPP_D_8,G,8,116.72000122070312,141.82000732421875,117.53700256347656
8OPP_D_9,U,9,117.28700256347656,146.86599731445312,120.34600067138672
8OPP_D_10,A,10,118.86100006103516,153.52999877929688,120.66200256347656
8OPP_D_11,G,11,123.68199920654295,155.9499969482422,121.59500122070312
8OPP_D_12,U,12,128.72300720214844,154.14999389648438,119.09500122070312
8OPP_D_13,G,13,136.64700317382812,146.08900451660156,121.7030029296875
8OPP_D_14,C,14,131.55499267578125,150.0019989013672,121.89099884033205
8OPP_D_15,C,15,127.6790008544922,145.42100524902344,126.09600067138672
8OPP_D_16,A,16,123.51699829101562,146.00999450683594,128.74400329589844
8OPP_D_17,C,17,118.99299621582033,144.25100708007812,127.71099853515624
8OPP_D_18,U,18,115.01000213623048,141.74099731445312,125.46199798583984
8OPP_D_19,G,19,111.2689971923828,136.69400024414062,122.18399810791016
8OPP_D_20,C,20,111.60800170898438,130.99200439453125,122.79900360107422
8OPP_D_21,C,21,114.25700378417967,126.58899688720705,124.44100189208984
8OPP_D_22,U,22,118.2509994506836,121.97799682617188,126.01300048828124
8OPP_D_23,U,23,120.9250030517578,123.0739974975586,130.58200073242188
8OPP_D_24,G,24,120.4520034790039,125.77899932861328,136.78599548339844
8OPP_D_25,C,25,120.49700164794922,116.91200256347656,142.21400451660156
