ID,resname,resid,x_1,y_1,z_1
8P0B_V_1,A,1,178.13600158691406,140.6529998779297,143.375
8P0B_V_2,G,2,176.09800720214844,143.40499877929688,147.17599487304688
8P0B_V_3,A,3,173.2209930419922,147.38600158691406,150.24000549316406
8P0B_V_4,G,4,168.2469940185547,148.8560028076172,149.3679962158203
8P0B_V_5,A,5,163.53599548339844,150.14999389648438,148.2760009765625
8P0B_V_6,A,6,159.39999389648438,153.49400329589844,144.3979949951172
8P0B_V_7,A,7,166.0240020751953,155.3209991455078,143.54200744628906
8P0B_V_8,U,8,170.55099487304688,156.03199768066406,144.8719940185547
8P0B_V_9,C,9,175.85400390625,153.95399475097656,146.4969940185547
8P0B_V_10,A,10,178.99000549316406,150.21200561523438,144.80999755859375
8P0B_V_11,A,11,184.2140045166016,156.96299743652344,143.43699645996094
8P0B_V_12,G,12,185.8489990234375,161.04100036621094,140.89999389648438
8P0B_V_13,G,13,,,
8P0B_V_14,C,14,,,
8P0B_V_15,C,15,,,
8P0B_V_16,C,16,,,
8P0B_V_17,C,17,,,
8P0B_V_18,C,18,,,
8P0B_V_19,G,19,,,
8P0B_V_20,G,20,,,
8P0B_V_21,C,21,,,
8P0B_V_22,C,22,,,
8P0B_V_23,U,23,,,
8P0B_V_24,G,24,,,
8P0B_V_25,U,25,,,
8P0B_V_26,U,26,,,
8P0B_V_27,U,27,,,
8P0B_V_28,U,28,,,
8P0B_V_29,U,29,,,
8P0B_V_30,G,30,,,
8P0B_V_31,C,31,,,
8P0B_V_32,U,32,,,
