ID,resname,resid,x_1,y_1,z_1
8P0G_V_1,A,1,146.37100219726562,108.14800262451172,111.86699676513672
8P0G_V_2,G,2,144.2469940185547,110.58799743652344,115.71199798583984
8P0G_V_3,A,3,141.4250030517578,114.73699951171876,118.64600372314452
8P0G_V_4,G,4,136.53500366210938,116.38899993896484,117.50399780273438
8P0G_V_5,A,5,131.44000244140625,117.4739990234375,116.36000061035156
8P0G_V_6,A,6,127.48799896240234,120.9229965209961,112.50599670410156
8P0G_V_7,A,7,134.0959930419922,123.0999984741211,111.9260025024414
8P0G_V_8,U,8,138.46299743652344,123.18199920654295,113.28500366210938
8P0G_V_9,C,9,143.7270050048828,121.11499786376952,115.1259994506836
8P0G_V_10,A,10,146.86000061035156,117.36900329589844,113.10800170898438
8P0G_V_11,A,11,151.97500610351562,124.33300018310548,112.3479995727539
8P0G_V_12,G,12,151.36900329589844,129.40199279785156,110.3040008544922
8P0G_V_13,G,13,153.17799377441406,133.97900390625,107.83999633789062
8P0G_V_14,C,14,156.531005859375,136.50799560546875,104.52899932861328
8P0G_V_15,C,15,,,
8P0G_V_16,C,16,,,
8P0G_V_17,C,17,,,
8P0G_V_18,C,18,,,
8P0G_V_19,G,19,,,
8P0G_V_20,G,20,,,
8P0G_V_21,C,21,,,
8P0G_V_22,C,22,,,
8P0G_V_23,U,23,,,
8P0G_V_24,G,24,,,
8P0G_V_25,U,25,,,
8P0G_V_26,U,26,,,
8P0G_V_27,U,27,,,
8P0G_V_28,U,28,,,
8P0G_V_29,U,29,,,
8P0G_V_30,G,30,,,
8P0G_V_31,C,31,,,
8P0G_V_32,U,32,,,
8P0G_V_33,A,33,,,
8P0G_V_34,U,34,,,
8P0G_V_35,U,35,,,
