ID,resname,resid,x_1,y_1,z_1
8SCF_A_1,G,1,-24.687000274658203,-14.402000427246094,-11.946999549865724
8SCF_A_2,C,2,-23.92799949645996,-15.277000427246094,-6.670000076293945
8SCF_A_3,G,3,-24.38999938964844,-18.538000106811523,-2.243000030517578
8SCF_A_4,U,4,-24.89900016784668,-23.474000930786133,-0.3160000145435333
8SCF_A_5,U,5,-24.856000900268555,-29.045000076293945,-0.6620000004768372
8SCF_A_6,U,6,-22.972000122070312,-33.527000427246094,-2.8489999771118164
8SCF_A_7,A,7,-19.702999114990234,-36.02000045776367,-6.146999835968018
8SCF_A_8,U,8,-15.45699977874756,-35.95500183105469,-9.288000106811523
8SCF_A_9,A,9,-10.854999542236328,-33.96900177001953,-11.182000160217283
8SCF_A_10,U,10,-6.361000061035156,-30.93000030517578,-10.298999786376951
8SCF_A_11,A,11,-3.568000078201294,-30.49799919128418,-5.629000186920166
8SCF_A_12,A,12,-2.068000078201294,-30.981000900268555,-0.1369999945163726
8SCF_A_13,C,13,1.2309999465942385,-32.494998931884766,3.29099988937378
8SCF_A_14,A,14,3.463000059127808,-31.038000106811523,8.746000289916992
8SCF_A_15,U,15,1.0950000286102295,-33.7760009765625,12.04599952697754
8SCF_A_16,G,16,3.8410000801086426,-28.31999969482422,15.473999977111816
8SCF_A_17,A,17,-1.4199999570846558,-26.624000549316406,12.430999755859377
8SCF_A_18,A,18,-5.755000114440918,-26.01499938964844,8.48900032043457
8SCF_A_19,A,19,-8.732999801635742,-28.70400047302246,7.619999885559082
8SCF_A_20,U,20,-7.931000232696533,-26.01499938964844,2.299000024795532
8SCF_A_21,A,21,-8.0,-23.84499931335449,-2.578000068664551
8SCF_A_22,U,22,-9.277000427246094,-24.214000701904297,-7.919000148773193
8SCF_A_23,A,23,-12.104000091552734,-26.583999633789062,-11.970000267028809
8SCF_A_24,U,24,-16.259000778198242,-29.660999298095703,-13.618000030517578
8SCF_A_25,A,25,-20.88500022888184,-32.03099822998047,-12.583999633789062
8SCF_A_26,U,26,-25.233999252319336,-32.26100158691406,-9.289999961853027
8SCF_A_27,A,27,-29.02199935913086,-30.559999465942383,-5.714000225067139
8SCF_A_28,C,28,-31.01799964904785,-26.507999420166016,-3.1010000705718994
8SCF_A_29,G,29,-31.82200050354004,-21.077999114990234,-2.4119999408721924
8SCF_A_30,C,30,-31.64900016784668,-15.996999740600586,-4.169000148773193
