ID,resname,resid,x_1,y_1,z_1
8SFH_B_1,A,1,113.41100311279295,107.5,132.093994140625
8SFH_B_2,A,2,115.78700256347656,107.40399932861328,138.0449981689453
8SFH_B_3,U,3,121.18299865722656,111.85700225830078,139.08900451660156
8SFH_B_4,U,4,125.03800201416016,116.83499908447266,144.2790069580078
8SFH_B_5,U,5,124.04299926757812,118.99199676513672,139.28799438476562
8SFH_B_6,C,6,124.29299926757812,118.51200103759766,133.74200439453125
8SFH_B_7,U,7,124.16300201416016,115.69200134277344,129.197998046875
8SFH_B_8,A,8,122.86499786376952,111.00599670410156,126.61799621582033
8SFH_B_9,C,9,120.61199951171876,106.62200164794922,128.12399291992188
8SFH_B_10,U,10,118.09200286865234,101.79900360107422,130.41900634765625
8SFH_B_11,C,11,121.3769989013672,94.44300079345705,131.02999877929688
8SFH_B_12,U,12,121.0260009765625,96.61699676513672,135.98199462890625
8SFH_B_13,U,13,115.77200317382812,100.15799713134766,141.8260040283203
8SFH_B_14,G,14,120.34300231933594,102.1719970703125,137.93800354003906
8SFH_B_15,U,15,124.56900024414062,102.95800018310548,133.4149932861328
8SFH_B_16,A,16,128.67300415039062,106.1520004272461,130.86399841308594
8SFH_B_17,G,17,131.197998046875,110.74600219726562,130.93800354003906
8SFH_B_18,A,18,131.6230010986328,115.48899841308594,132.9550018310547
8SFH_B_19,U,19,131.07899475097656,118.6050033569336,137.42999267578125
8SFH_B_20,G,20,134.5449981689453,124.95800018310548,141.97799682617188
8SFH_B_21,U,21,130.8699951171875,126.47100067138672,144.94400024414062
8SFH_B_22,G,22,129.26699829101562,131.0399932861328,147.3489990234375
8SFH_B_23,A,23,129.1179962158203,136.47999572753906,147.22799682617188
8SFH_B_24,U,24,129.46200561523438,140.98599243164062,144.39500427246094
8SFH_B_25,A,25,130.1510009765625,143.48699951171875,139.90199279785156
8SFH_B_26,A,26,128.99600219726562,142.3249969482422,135.0500030517578
8SFH_B_27,G,27,127.98500061035156,140.0500030517578,130.08700561523438
