ID,resname,resid,x_1,y_1,z_1
8SFI_B_1,U,1,,,
8SFI_B_2,U,2,,,
8SFI_B_3,U,3,,,
8SFI_B_4,U,4,,,
8SFI_B_5,U,5,,,
8SFI_B_6,A,6,113.11499786376952,108.58499908447266,131.73500061035156
8SFI_B_7,A,7,115.31500244140624,108.05899810791016,137.41299438476562
8SFI_B_8,U,8,120.76799774169922,112.76300048828124,138.04299926757812
8SFI_B_9,U,9,124.44000244140624,117.56600189208984,143.5919952392578
8SFI_B_10,U,10,123.8499984741211,119.91699981689452,138.38999938964844
8SFI_B_11,C,11,123.95800018310548,119.43900299072266,132.7689971923828
8SFI_B_12,U,12,123.61199951171876,116.24199676513672,128.31700134277344
8SFI_B_13,A,13,121.83100128173828,111.73999786376952,126.28700256347656
8SFI_B_14,C,14,119.6269989013672,106.75800323486328,126.87100219726562
8SFI_B_15,U,15,117.02899932861328,102.58999633789062,129.6439971923828
8SFI_B_16,C,16,120.51399993896484,95.2519989013672,130.33399963378906
8SFI_B_17,U,17,120.46099853515624,97.3499984741211,135.3679962158203
8SFI_B_18,U,18,115.26399993896484,101.0510025024414,141.19500732421875
8SFI_B_19,G,19,119.93299865722656,103.12999725341795,137.0590057373047
8SFI_B_20,U,20,123.8219985961914,103.66699981689452,132.89500427246094
8SFI_B_21,A,21,128.26600646972656,106.6760025024414,129.94200134277344
8SFI_B_22,G,22,130.718994140625,111.4499969482422,130.11700439453125
8SFI_B_23,A,23,131.406005859375,116.29900360107422,132.08900451660156
8SFI_B_24,U,24,130.6219940185547,119.63899993896484,136.27200317382812
8SFI_B_25,G,25,134.3699951171875,125.84200286865234,141.0050048828125
8SFI_B_26,U,26,130.47500610351562,127.01399993896484,144.39500427246094
8SFI_B_27,G,27,128.7689971923828,131.67100524902344,146.56700134277344
8SFI_B_28,A,28,128.99000549316406,136.9929962158203,146.1060028076172
8SFI_B_29,U,29,129.91900634765625,141.7740020751953,143.61300659179688
8SFI_B_30,A,30,131.43800354003906,144.88299560546875,139.8070068359375
8SFI_B_31,A,31,132.61000061035156,146.322998046875,134.66700744628906
8SFI_B_32,G,32,132.16600036621094,146.0449981689453,128.97300720214844
8SFI_B_33,U,33,128.85000610351562,145.3000030517578,124.4800033569336
8SFI_B_34,G,34,,,
8SFI_B_35,G,35,,,
8SFI_B_36,A,36,,,
8SFI_B_37,A,37,,,
8SFI_B_38,U,38,,,
8SFI_B_39,G,39,,,
8SFI_B_40,C,40,,,
8SFI_B_41,C,41,,,
8SFI_B_42,A,42,,,
8SFI_B_43,U,43,,,
8SFI_B_44,G,44,,,
8SFI_B_45,U,45,,,
8SFI_B_46,G,46,,,
8SFI_B_47,G,47,,,
8SFI_B_48,A,48,,,
