ID,resname,resid,x_1,y_1,z_1
8SFJ_B_1,U,1,,,
8SFJ_B_2,U,2,,,
8SFJ_B_3,U,3,,,
8SFJ_B_4,U,4,,,
8SFJ_B_5,U,5,,,
8SFJ_B_6,A,6,144.2779998779297,102.16500091552734,138.48899841308594
8SFJ_B_7,A,7,141.656005859375,102.11799621582033,133.1909942626953
8SFJ_B_8,U,8,138.88099670410156,108.78399658203124,132.21299743652344
8SFJ_B_9,U,9,137.24899291992188,114.62999725341795,126.27899932861328
8SFJ_B_10,U,10,139.2169952392578,116.552001953125,131.11599731445312
8SFJ_B_11,C,11,139.20599365234375,116.44300079345705,136.61599731445312
8SFJ_B_12,U,12,138.20700073242188,114.0500030517578,141.4770050048828
8SFJ_B_13,A,13,137.49899291992188,109.29499816894533,144.28700256347656
8SFJ_B_14,C,14,137.58299255371094,103.77799987792967,143.82400512695312
8SFJ_B_15,U,15,138.3719940185547,98.81999969482422,141.23599243164062
8SFJ_B_16,C,16,131.58099365234375,94.4810028076172,141.43800354003906
8SFJ_B_17,U,17,132.37600708007812,95.13300323486328,136.16200256347656
8SFJ_B_18,U,18,138.51199340820312,95.4980010986328,129.97999572753906
8SFJ_B_19,G,19,135.31500244140625,99.427001953125,134.15199279785156
8SFJ_B_20,U,20,132.24000549316406,102.51699829101562,138.2469940185547
8SFJ_B_21,A,21,129.86500549316406,107.48300170898438,140.86300659179688
8SFJ_B_22,G,22,129.6580047607422,112.77300262451172,140.29299926757812
8SFJ_B_23,A,23,131.3459930419922,117.27799987792967,137.99600219726562
8SFJ_B_24,U,24,133.1719970703125,119.1750030517578,133.26699829101562
8SFJ_B_25,G,25,132.16600036621094,126.36100006103516,127.96600341796876
8SFJ_B_26,U,26,136.125,125.6750030517578,124.7300033569336
8SFJ_B_27,G,27,139.3179931640625,128.95899963378906,121.96399688720705
8SFJ_B_28,A,28,141.41900634765625,133.81700134277344,121.82599639892578
8SFJ_B_29,U,29,142.80299377441406,138.53599548339844,124.04399871826172
8SFJ_B_30,A,30,143.45899963378906,142.41000366210938,127.58300018310548
8SFJ_B_31,A,31,143.6719970703125,144.3939971923828,132.4669952392578
8SFJ_B_32,G,32,144.072998046875,144.17999267578125,137.76699829101562
8SFJ_B_33,U,33,145.5989990234375,142.05499267578125,142.36700439453125
8SFJ_B_34,G,34,148.06500244140625,139.18600463867188,146.17999267578125
8SFJ_B_35,G,35,,,
8SFJ_B_36,A,36,,,
8SFJ_B_37,A,37,,,
8SFJ_B_38,U,38,,,
8SFJ_B_39,G,39,,,
8SFJ_B_40,C,40,,,
8SFJ_B_41,C,41,,,
8SFJ_B_42,A,42,,,
8SFJ_B_43,U,43,,,
8SFJ_B_44,G,44,,,
8SFJ_B_45,U,45,,,
8SFJ_B_46,G,46,,,
8SFJ_B_47,G,47,,,
8SFJ_B_48,A,48,,,
