ID,resname,resid,x_1,y_1,z_1
8U3M_A_1,G,1,82.43699645996094,104.60299682617188,64.29299926757812
8U3M_A_2,G,2,86.52300262451172,100.5979995727539,63.07899856567383
8U3M_A_3,C,3,88.81800079345703,95.45700073242188,62.66600036621094
8U3M_A_4,A,4,88.62300109863281,90.01599884033203,63.20500183105469
8U3M_A_5,G,5,85.86399841308594,85.39199829101562,63.917999267578125
8U3M_A_6,A,6,81.05599975585938,82.34400177001953,63.61600112915039
8U3M_A_7,U,7,77.08300018310547,82.77100372314453,60.1510009765625
8U3M_A_8,C,8,71.16600036621094,83.89199829101562,62.93299865722656
8U3M_A_9,U,9,68.03500366210938,86.80500030517578,59.62300109863281
8U3M_A_10,G,10,66.0770034790039,89.677001953125,55.90999984741211
8U3M_A_11,A,11,64.91200256347656,92.99600219726562,51.43899917602539
8U3M_A_12,G,12,65.73300170898438,94.302001953125,46.70100021362305
8U3M_A_13,C,13,68.76300048828125,93.38200378417967,41.90599822998047
8U3M_A_14,C,14,69.99099731445312,89.73200225830078,36.70500183105469
8U3M_A_15,U,15,66.33999633789062,86.15599822998047,36.49100112915039
8U3M_A_16,U,16,63.3129997253418,80.32499694824219,33.14699935913086
8U3M_A_17,C,17,62.13600158691406,83.18900299072266,39.97200012207031
8U3M_A_18,G,18,66.14299774169922,77.25499725341797,38.80199813842773
8U3M_A_19,G,19,70.60600280761719,79.38600158691406,39.22700119018555
8U3M_A_20,G,20,73.73400115966797,83.81999969482422,40.17599868774414
8U3M_A_21,A,21,76.28800201416016,88.40499877929688,42.42399978637695
8U3M_A_22,G,22,76.33999633789062,91.91500091552734,45.84400177001953
8U3M_A_23,C,23,73.802001953125,94.41899871826172,50.22299957275391
8U3M_A_24,U,24,71.38600158691406,95.02400207519533,55.290000915527344
8U3M_A_25,C,25,70.65499877929688,91.95500183105467,59.8849983215332
8U3M_A_26,U,26,72.21299743652344,88.58000183105469,64.44599914550781
8U3M_A_27,C,27,76.13300323486328,86.81600189208984,68.34300231933594
8U3M_A_28,U,28,81.38700103759766,86.78099822998047,70.53600311279297
8U3M_A_29,G,29,86.40499877929688,89.06099700927734,70.96499633789062
8U3M_A_30,C,30,89.93599700927734,93.28500366210938,70.16500091552734
8U3M_A_31,C,31,90.1230010986328,99.07599639892578,69.29100036621094
