ID,resname,resid,x_1,y_1,z_1
8XPP_B_1,G,1,,,
8XPP_B_2,G,2,9.82800006866455,-17.54800033569336,23.549999237060547
8XPP_B_3,G,3,11.680999755859377,-18.09499931335449,18.58300018310547
8XPP_B_4,A,4,16.104999542236328,-19.54599952697754,15.269000053405762
8XPP_B_5,G,5,20.43600082397461,-21.989999771118164,14.366000175476074
8XPP_B_6,A,6,24.981000900268555,-25.155000686645508,15.517999649047852
8XPP_B_7,U,7,26.39800071716309,-29.632999420166016,17.812000274658203
8XPP_B_8,G,8,25.030000686645508,-34.104000091552734,20.069000244140625
8XPP_B_9,A,9,21.59600067138672,-40.60499954223633,20.496999740600582
8XPP_B_10,A,10,20.308000564575195,-37.70700073242188,24.33099937438965
8XPP_B_11,A,11,22.07699966430664,-34.900001525878906,28.36800003051757
8XPP_B_12,G,12,23.76700019836425,-30.70400047302246,27.39699935913086
8XPP_B_13,U,13,26.54800033569336,-26.90999984741211,25.054000854492188
8XPP_B_14,C,14,27.1259994506836,-22.7509994506836,22.285999298095703
8XPP_B_15,U,15,25.37299919128418,-18.92200088500977,19.02499961853028
8XPP_B_16,C,16,21.516000747680664,-15.279999732971191,17.082000732421875
8XPP_B_17,C,17,16.732999801635742,-12.607000350952148,17.68199920654297
8XPP_B_18,A,18,15.906999588012695,-3.305000066757202,15.222999572753906
8XPP_B_19,C,19,18.90399932861328,1.930999994277954,16.02899932861328
8XPP_B_20,U,20,19.069000244140625,6.977000236511231,18.520000457763672
8XPP_B_21,A,21,17.349000930786133,9.416999816894531,22.56999969482422
8XPP_B_22,G,22,13.937000274658203,10.968999862670898,26.530000686645508
8XPP_B_23,A,23,10.72700023651123,9.93000030517578,30.458999633789062
8XPP_B_24,G,24,8.661999702453613,6.902999877929688,34.34000015258789
8XPP_B_25,A,25,8.840999603271484,2.684000015258789,36.99399948120117
8XPP_B_26,G,26,10.64799976348877,-1.932000041007996,39.095001220703125
8XPP_B_27,U,27,14.439000129699709,-5.210000038146973,40.85900115966797
8XPP_B_28,C,28,18.97599983215332,-5.59499979019165,43.20600128173828
8XPP_B_29,G,29,23.825000762939453,-3.33899998664856,45.3849983215332
8XPP_B_30,U,30,,,
8XPP_B_31,C,31,,,
8XPP_B_32,G,32,,,
8XPP_B_33,A,33,,,
8XPP_B_34,A,34,,,
8XPP_B_35,A,35,,,
