ID,resname,resid,x_1,y_1,z_1
8Z85_D_1,A,1,90.33799743652344,112.33399963378906,123.19100189208984
8Z85_D_2,G,2,92.31900024414062,109.51000213623048,119.4520034790039
8Z85_D_3,A,3,93.16699981689452,107.1439971923828,114.77999877929688
8Z85_D_4,G,4,94.56600189208984,109.50499725341795,110.61699676513672
8Z85_D_5,A,5,96.1449966430664,112.46299743652344,106.0189971923828
8Z85_D_6,A,6,94.17400360107422,116.28500366210938,101.49600219726562
8Z85_D_7,A,7,88.83899688720703,113.38800048828124,104.39700317382812
8Z85_D_8,U,8,86.96900177001953,110.16000366210938,106.78700256347656
8Z85_D_9,C,9,86.16699981689453,106.95700073242188,111.43900299072266
8Z85_D_10,A,10,85.0719985961914,107.9739990234375,116.552001953125
8Z85_D_11,A,11,77.8270034790039,103.56099700927734,114.8030014038086
8Z85_D_12,G,12,73.40399932861328,103.7300033569336,112.54499816894533
8Z85_D_13,G,13,68.51200103759766,103.41999816894533,114.20099639892578
8Z85_D_14,C,14,,,
8Z85_D_15,A,15,,,
8Z85_D_16,G,16,,,
8Z85_D_17,U,17,,,
8Z85_D_18,U,18,,,
