ID,resname,resid,x_1,y_1,z_1
8Z8N_D_1,A,1,110.46399688720705,90.29399871826172,125.93099975585938
8Z8N_D_2,G,2,106.45600128173828,90.07599639892578,122.7300033569336
8Z8N_D_3,A,3,103.44100189208984,89.66500091552734,118.3270034790039
8Z8N_D_4,G,4,102.53199768066406,85.38500213623047,115.86699676513672
8Z8N_D_5,A,5,101.4810028076172,80.46299743652344,113.3290023803711
8Z8N_D_6,A,6,104.1999969482422,75.96600341796875,109.66100311279295
8Z8N_D_7,A,7,108.03600311279295,81.68900299072266,109.39099884033205
8Z8N_D_8,U,8,108.70099639892578,85.87300109863281,109.76100158691406
8Z8N_D_9,C,9,108.80999755859376,90.84200286865234,112.68199920654295
8Z8N_D_10,A,10,111.48300170898438,92.7979965209961,117.0
8Z8N_D_11,A,11,115.072998046875,98.08000183105467,110.9489974975586
8Z8N_D_12,G,12,,,
8Z8N_D_13,G,13,,,
8Z8N_D_14,C,14,,,
8Z8N_D_15,A,15,,,
8Z8N_D_16,G,16,,,
8Z8N_D_17,U,17,,,
8Z8N_D_18,U,18,,,
