ID,resname,resid,x_1,y_1,z_1
8Z90_D_1,A,1,111.2249984741211,87.11000061035156,125.26000213623048
8Z90_D_2,G,2,107.15299987792967,87.53399658203125,122.31999969482422
8Z90_D_3,A,3,104.08200073242188,87.4219970703125,117.76300048828124
8Z90_D_4,G,4,103.23799896240234,83.08100128173828,115.10900115966795
8Z90_D_5,A,5,102.38500213623048,78.48500061035156,112.36699676513672
8Z90_D_6,A,6,104.85199737548828,74.23100280761719,108.20700073242188
8Z90_D_7,A,7,108.63600158691406,79.97799682617188,108.3759994506836
8Z90_D_8,U,8,109.18000030517578,84.56300354003906,108.93399810791016
8Z90_D_9,C,9,109.2770004272461,89.5739974975586,112.08899688720705
8Z90_D_10,A,10,111.79499816894533,91.15899658203124,116.21199798583984
8Z90_D_11,A,11,114.61399841308594,97.2030029296875,111.22200012207033
8Z90_D_12,G,12,117.06999969482422,97.16400146484376,106.5709991455078
8Z90_D_13,G,13,120.26599884033205,99.46900177001952,102.96099853515624
8Z90_D_14,C,14,123.68299865722656,103.31999969482422,101.072998046875
8Z90_D_15,A,15,127.90899658203124,107.06700134277344,101.5189971923828
8Z90_D_16,G,16,132.09500122070312,108.4459991455078,104.21199798583984
8Z90_D_17,U,17,135.30099487304688,107.2490005493164,108.02300262451172
8Z90_D_18,U,18,137.56199645996094,103.48500061035156,110.39600372314452
