ID,resname,resid,x_1,y_1,z_1
9EOW_A_1,G,1,-24.042999267578125,2.802999973297119,7.348000049591064
9EOW_A_2,G,2,-20.5009994506836,-1.924999952316284,7.802000045776367
9EOW_A_3,G,3,-16.39699935913086,-5.27899980545044,5.96999979019165
9EOW_A_4,U,4,-12.343999862670898,-6.390999794006348,2.753999948501587
9EOW_A_5,U,5,-8.762999534606934,-5.73799991607666,-1.256999969482422
9EOW_A_6,U,6,-5.406000137329102,-3.4790000915527344,-4.739999771118164
9EOW_A_7,A,7,-2.3580000400543213,0.9089999794960022,-5.576000213623047
9EOW_A_8,U,8,2.739000082015991,5.078999996185303,-6.086999893188477
9EOW_A_9,A,9,7.645999908447266,7.348000049591064,-4.877999782562256
9EOW_A_10,C,10,12.873000144958496,7.209000110626221,-2.400000095367432
9EOW_A_11,C,11,17.264999389648438,5.025000095367432,0.0309999994933605
9EOW_A_12,U,12,20.974000930786133,1.4479999542236328,2.252000093460083
9EOW_A_13,U,13,23.8700008392334,-3.325000047683716,1.7000000476837158
9EOW_A_14,C,14,22.91699981689453,-8.34000015258789,1.5160000324249268
9EOW_A_15,C,15,20.319000244140625,-9.727999687194824,-2.0460000038146973
9EOW_A_16,C,16,14.93299961090088,-12.82699966430664,-2.1429998874664307
9EOW_A_17,A,17,14.213000297546388,-8.479000091552734,1.6540000438690186
9EOW_A_18,G,18,13.319000244140623,-3.713000059127808,4.809999942779541
9EOW_A_19,G,19,11.906999588012695,1.4149999618530271,6.440000057220459
9EOW_A_20,U,20,8.72700023651123,6.086999893188477,5.632999897003174
9EOW_A_21,A,21,4.876999855041504,9.314000129699709,3.503999948501587
9EOW_A_22,A,22,1.343999981880188,12.222000122070312,0.1519999951124191
9EOW_A_23,C,23,-2.8910000324249268,9.605999946594238,0.5529999732971191
9EOW_A_24,A,24,-6.501999855041504,7.196000099182129,-3.9800000190734863
9EOW_A_25,A,25,-9.840999603271484,3.183000087738037,-6.210000038146973
9EOW_A_26,A,26,-13.593999862670898,-1.0640000104904177,-6.35099983215332
9EOW_A_27,C,27,-17.43400001525879,-4.585000038146973,-4.747000217437744
9EOW_A_28,C,28,-21.71199989318848,-6.392000198364258,-1.82099997997284
9EOW_A_29,C,29,-26.42799949645996,-5.423999786376953,0.9300000071525574
