ID,resname,resid,x_1,y_1,z_1
9FO8_A_1,G,1,22.1560001373291,-10.428999900817873,-3.908999919891357
9FO8_A_2,G,2,18.437000274658203,-9.388999938964844,-0.7160000205039978
9FO8_A_3,C,3,15.642999649047852,-6.388999938964844,2.680999994277954
9FO8_A_4,A,4,13.77299976348877,-1.63100004196167,4.928999900817871
9FO8_A_5,C,5,11.18000030517578,2.8550000190734863,5.613999843597412
9FO8_A_6,A,6,8.50100040435791,7.64900016784668,3.5160000324249268
9FO8_A_7,U,7,4.00600004196167,9.276000022888184,0.656000018119812
9FO8_A_8,C,8,-1.2300000190734863,8.845000267028809,-2.055999994277954
9FO8_A_9,U,9,-6.10699987411499,6.24399995803833,-1.7009999752044678
9FO8_A_10,A,10,-7.565000057220459,2.970000028610229,-7.866000175476074
9FO8_A_11,G,11,-11.57699966430664,-0.3019999861717224,-7.282000064849853
9FO8_A_12,G,12,-15.49899959564209,-3.996000051498413,-4.320000171661377
9FO8_A_13,U,13,-19.650999069213867,-7.247000217437744,-3.1449999809265137
9FO8_A_14,U,14,-24.496999740600582,-9.986000061035156,-0.1550000011920929
9FO8_A_15,U,15,-23.190000534057617,-7.164000034332275,5.011000156402588
9FO8_A_16,C,16,-21.183000564575195,0.0719999969005584,4.091000080108643
9FO8_A_17,G,17,-16.215999603271484,0.5260000228881836,7.820000171661377
9FO8_A_18,U,18,-9.92199993133545,3.532000064849853,3.0999999046325684
9FO8_A_19,C,19,-13.003999710083008,-1.121999979019165,5.60099983215332
9FO8_A_20,C,20,-9.98900032043457,-4.909999847412109,2.1730000972747803
9FO8_A_21,G,21,-5.644000053405762,-3.5230000019073486,0.5019999742507935
9FO8_A_22,G,22,-2.263999938964844,-1.5329999923706057,-3.921000003814697
9FO8_A_23,G,23,0.8830000162124634,2.0420000553131104,-7.026999950408936
9FO8_A_24,U,24,5.265999794006348,5.370999813079834,-6.64900016784668
9FO8_A_25,G,25,9.86299991607666,6.953000068664551,-4.104000091552734
9FO8_A_26,U,26,14.437999725341797,6.519000053405762,-1.1729999780654907
9FO8_A_27,G,27,18.27199935913086,3.9800000190734863,1.3830000162124634
9FO8_A_28,C,28,21.315000534057617,-0.0120000001043081,3.888000011444092
9FO8_A_29,C,29,24.886999130249023,-4.793000221252441,5.27400016784668
