ID,resname,resid,x_1,y_1,z_1
9FO9_A_1,G,1,31.23600006103516,3.7929999828338623,-6.870999813079834
9FO9_A_2,G,2,25.687000274658203,2.57699990272522,-5.896999835968018
9FO9_A_3,G,3,21.59499931335449,-0.3009999990463257,-5.914999961853027
9FO9_A_4,C,4,17.881000518798828,-4.22599983215332,-4.040999889373779
9FO9_A_5,U,5,13.866000175476074,-5.302999973297119,-1.6510000228881836
9FO9_A_6,G,6,9.710000038146973,-5.229000091552734,2.687000036239624
9FO9_A_7,C,7,5.664999961853027,-3.068000078201294,5.662000179290772
9FO9_A_8,U,8,1.8869999647140503,0.550000011920929,6.201000213623047
9FO9_A_9,U,9,-2.635999917984009,3.427999973297119,6.669000148773193
9FO9_A_10,A,10,-6.940999984741211,5.117000102996826,4.0980000495910645
9FO9_A_11,C,11,-11.177000045776367,6.234000205993652,0.7289999723434448
9FO9_A_12,G,12,-15.019000053405762,6.067999839782715,-3.990999937057495
9FO9_A_13,G,13,-20.808000564575195,3.7109999656677246,-4.26200008392334
9FO9_A_14,U,14,-23.14699935913086,4.521999835968018,1.2549999952316284
9FO9_A_15,U,15,-26.554000854492188,0.4510000050067901,3.484999895095825
9FO9_A_16,U,16,-26.48699951171875,1.8170000314712524,11.043999671936035
9FO9_A_17,C,17,-22.893999099731445,-3.546999931335449,12.798999786376951
9FO9_A_18,G,18,-19.882999420166016,-2.609999895095825,5.2170000076293945
9FO9_A_19,U,19,-21.05599975585937,-8.748000144958496,4.265999794006348
9FO9_A_20,C,20,-21.36199951171875,-6.598999977111816,-2.055000066757202
9FO9_A_21,C,21,-17.80699920654297,-4.164999961853027,-6.486000061035156
9FO9_A_22,G,22,-13.052000045776367,-1.1369999647140503,-6.51200008392334
9FO9_A_23,U,23,-7.763999938964844,2.0269999504089355,-6.099999904632568
9FO9_A_24,G,24,-1.8910000324249268,1.5369999408721924,-4.59499979019165
9FO9_A_25,U,25,0.2409999966621399,6.9079999923706055,-3.5299999713897705
9FO9_A_26,U,26,2.969000101089477,8.241000175476074,1.402999997138977
9FO9_A_27,G,27,6.574999809265137,7.479000091552734,4.807000160217285
9FO9_A_28,C,28,9.526000022888184,3.9570000171661377,8.880000114440918
9FO9_A_29,A,29,12.991999626159668,0.2770000100135803,7.526999950408935
9FO9_A_30,G,30,17.125999450683594,-3.696000099182129,6.5879998207092285
9FO9_A_31,C,31,21.18899917602539,-5.202000141143799,3.470999956130981
9FO9_A_32,C,32,25.631000518798828,-6.853000164031982,-0.8730000257492065
9FO9_A_33,C,33,29.97699928283692,-3.688999891281128,1.368000030517578
